title,company,location,salary_min,salary_max,salary_is_predicted,description,posted_date,url,search_title,first_fetched_at
Smart Factory Engineer,Wabtec Corporation,"Bangalore, Karnataka",,,0,"Job Description Who will you be working with? You will partner with cross-functional teams across manufacturing, information technology (IT), quality, engineering, and operations to support safe, efficient, and high-quality production through the integration of shop floor devices pursuant to Wabtec's Industry 4.0 (I4.0) objectives. This role collaborates closely with plant leadership, frontline teams, and IT to ensure manufacturing processes meet customer and business requirements while driving…",2026-08-12T11:00:07Z,https://www.adzuna.in/details/5837806491?utm_medium=api&utm_source=f8f3e256,data analyst,2026-08-12T08:33:43.796626+00:00
Liquidity - Data Analyst,Capco,India,,,0,"This job is with Capco, an inclusive employer and a member of myGwork – the largest global platform for the LGBTQ business community. Please do not contact the recruiter directly. Job Title: SOX Compliance About Us “Capco, a Wipro company, is a global technology and management consulting firm. Awarded with Consultancy of the year in the British Bank Award and has been ranked Top 100 Best Companies for Women in India 2022 by Avtar & Seramount . With our presence across 32 cities across globe, we…",2026-08-12T01:59:43Z,https://www.adzuna.in/land/ad/5837139895?se=EhrihSiW8RGjz7ZOIswnvQ&utm_medium=api&utm_source=f8f3e256&v=79B2AB8CAF9701F61DCB4DE422AE3B158EB7D1F2,data analyst,2026-08-12T08:33:43.796626+00:00
Head of EDO Enablement,U.S. Bank,"Chennai, Tamil Nadu",,,0,"At U.S. Bancorp India, we're on a journey to do our best. We believe it takes all of us to bring our shared ambition to life, and each person is unique in their potential. A career with U.S. Bancorp India gives you a wide, ever-growing range of opportunities to discover what makes you thrive at every stage of your career. Try new things, learn new skills and discover what you excel at-all from Day One. Job Description Key Responsibilities Enterprise Delivery Leadership  Establish and lead the E…",2026-08-12T11:00:05Z,https://www.adzuna.in/details/5837806421?utm_medium=api&utm_source=f8f3e256,data analyst,2026-08-12T08:33:43.796626+00:00
Sr Project Spprt Team Coord,IQVIA,"Kochi, Ernakulam",,,0,"Job Description: The main function of a data analyst is to validate the prescription summary level data based on validation criteria's provided by the client and calculate the rebates using IQVIA in-built application. The pay packets are then delivered to the client for payment approval. Job Responsibilities: Checking in the client data, raising teamtrack tickets, acknowledging the data receipt, Normalizing & validating the data, investigate the issues, calculate the Rebates and deliver the Pay…",2026-08-12T10:59:22Z,https://www.adzuna.in/details/5837803853?utm_medium=api&utm_source=f8f3e256,data analyst,2026-08-12T08:33:43.796626+00:00
"Director, Enterprise Data Engineering and Analytics",Palo Alto Networks,"Bangalore, Karnataka",,,0,"Our Mission At Palo Alto Networks®, we're united by a shared mission-to protect our digital way of life. We thrive at the intersection of innovation and impact, solving real-world problems with cutting-edge technology and bold thinking. Here, everyone has a voice, and every idea counts. If you're ready to do the most meaningful work of your career alongside people who are just as passionate as you are, you're in the right place. Who We Are In order to be the cybersecurity partner of choice, we …",2026-08-12T10:59:21Z,https://www.adzuna.in/details/5837803799?utm_medium=api&utm_source=f8f3e256,data analyst,2026-08-12T08:33:43.796626+00:00
"Data Quality Analyst-Databricks, Python","NTT America, Inc.","Bangalore, Karnataka",,,0,"Req ID: 383173 NTT DATA strives to hire exceptional, innovative and passionate individuals who want to grow with us. If you want to be part of an inclusive, adaptable, and forward-thinking organization, apply now. We are currently seeking a Data Quality Analyst-Databricks, Python to join our team in Bengaluru, Karnataka (IN-KA), India (IN). Role Responsibilities:  Responsible for assigned Data Quality testing tasks.  Identifying Data Quality related issues and follow-up with the concerned team …",2026-08-12T10:59:15Z,https://www.adzuna.in/details/5837803351?utm_medium=api&utm_source=f8f3e256,data analyst,2026-08-12T08:33:43.796626+00:00
Channel Specialist (Data Analyst),Danaher Corporation,"Mumbai, Maharashtra",,,0,"Bring more to life. Are you ready to accelerate your potential and make a real difference within life sciences, diagnostics and biotechnology? At Cytiva, one of Danaher's (https://danaher.com/our-businesses) 15 operating companies, our work saves lives-and we're all united by a shared commitment to innovate for tangible impact. You'll thrive in a culture of belonging where you and your unique viewpoint matter. And by harnessing Danaher's system of continuous improvement, you help turn ideas int…",2026-08-12T10:58:17Z,https://www.adzuna.in/details/5837799034?utm_medium=api&utm_source=f8f3e256,data analyst,2026-08-12T08:33:43.796626+00:00
Channel Specialist (Data Analyst),Danaher Corporation,"Bangalore, Karnataka",,,0,"Bring more to life. Are you ready to accelerate your potential and make a real difference within life sciences, diagnostics and biotechnology? At Cytiva, one of Danaher's (https://danaher.com/our-businesses) 15 operating companies, our work saves lives-and we're all united by a shared commitment to innovate for tangible impact. You'll thrive in a culture of belonging where you and your unique viewpoint matter. And by harnessing Danaher's system of continuous improvement, you help turn ideas int…",2026-08-12T10:58:17Z,https://www.adzuna.in/details/5837799072?utm_medium=api&utm_source=f8f3e256,data analyst,2026-08-12T08:33:43.796626+00:00
SQL Tableau Data Information Analyst,Citigroup,India,,,0,"Job Description Citi, the leading global bank, has approximately 200 million customer accounts and does business in more than 160 countries and jurisdictions. Citi provides consumers, corporations, governments and institutions with a broad range of financial products and services, including consumer banking and credit, corporate and investment banking, securities brokerage, transaction services, and wealth management. Our core activities are safeguarding assets, lending money, making payments a…",2026-08-12T10:58:06Z,https://www.adzuna.in/details/5837798264?utm_medium=api&utm_source=f8f3e256,data analyst,2026-08-12T08:33:43.796626+00:00
SQL Tableau Data Information Analyst,Citigroup,"Chennai, Tamil Nadu",,,0,"Job Description Citi, the leading global bank, has approximately 200 million customer accounts and does business in more than 160 countries and jurisdictions. Citi provides consumers, corporations, governments and institutions with a broad range of financial products and services, including consumer banking and credit, corporate and investment banking, securities brokerage, transaction services, and wealth management. Our core activities are safeguarding assets, lending money, making payments a…",2026-08-12T10:58:05Z,https://www.adzuna.in/details/5837798218?utm_medium=api&utm_source=f8f3e256,data analyst,2026-08-12T08:33:43.796626+00:00
Ref Data Mgmt Analyst 1 - C09 - GURGAON,Citigroup,India,,,0,"The Reference Data Services Analyst 1 is a trainee professional role. Requires a good knowledge of the range of processes, procedures and systems to be used in carrying out assigned tasks and a basic understanding of the underlying concepts and principles upon which the job is based. Good understanding of how the team interacts with others in accomplishing the objectives of the area. Makes evaluative judgements based on the analysis of factual information. They are expected to resolve problems …",2026-08-12T10:58:05Z,https://www.adzuna.in/details/5837798239?utm_medium=api&utm_source=f8f3e256,data analyst,2026-08-12T08:33:43.796626+00:00
GCP Tech Lead,Capco,India,,,0,"This job is with Capco, an inclusive employer and a member of myGwork – the largest global platform for the LGBTQ business community. Please do not contact the recruiter directly. About Us “Capco, a Wipro company, is a global technology and management consulting firm. Awarded with Consultancy of the year in the British Bank Award and has been ranked Top 100 Best Companies for Women in India 2022 by Avtar & Seramount. With our presence across 32 cities across globe, we support 100 clients across…",2026-08-12T01:59:43Z,https://www.adzuna.in/land/ad/5837139857?se=EhrihSiW8RGjz7ZOIswnvQ&utm_medium=api&utm_source=f8f3e256&v=3119F9262B3297DCF3A9C8A6826D534CEA29F743,data analyst,2026-08-12T08:33:43.796626+00:00
Data Analytics Senior Analyst,Citigroup,"Bangalore, Karnataka",,,0,"The Data Analytics Senior Analyst is a seasoned professional role. Applies in-depth disciplinary knowledge, contributing to the development of new techniques and the improvement of processes and work-flow for the area or function. Integrates subject matter and industry expertise within a defined area. Requires in-depth understanding of how areas collectively integrate within the sub-function as well as coordinate and contribute to the objectives of the function and overall business. Evaluates m…",2026-08-12T10:58:06Z,https://www.adzuna.in/details/5837798249?utm_medium=api&utm_source=f8f3e256,data analyst,2026-08-12T08:33:43.796626+00:00
"Analyst, Data Management",BlackRock,"Bangalore, Karnataka",,,0,"About this role Job Description Business Overview: The Strategic Initiative team within Outsource Platform Services is dedicated to developing technology solutions and reengineering processes that drive scalability and innovation in the middle office outsourcing business while advancing the team's AI strategy. Acting as a strategic enabler, the team ensures alignment, optimizes scalability, and fosters innovation throughout the platform ecosystem. Role & Responsibilities  Crafting, developing, …",2026-08-12T10:57:36Z,https://www.adzuna.in/details/5837797176?utm_medium=api&utm_source=f8f3e256,data analyst,2026-08-12T08:33:43.796626+00:00
"Software Development Engineer, Customer Experience and Business Trends",Amazon,"Bangalore, Karnataka",,,0,"Description Amazon's Customer Experience and Business Trends (CXBT) organization is seeking a Software Development Engineer (SDE) to shape the future of Amazon Web Services (AWS) customer experience by improving service performance. Do you want to help improve the customer experience and performance of AWS core infrastructure, including Storage and Networking? We're seeking a performance-obsessed SDE to enable Amazon Benchmarking to deliver industry-leading performance insights and improvements…",2026-08-12T10:57:18Z,https://www.adzuna.in/details/5837796411?utm_medium=api&utm_source=f8f3e256,data analyst,2026-08-12T08:33:43.796626+00:00
Junior Data-Cloud engineer,CIBC India,"Hyderabad, Telangana",,,0,"What Youll Be Doing (Position Summary): The Cloud Data Engineer is responsible for designing, developing, and maintaining scalable data solutions using cloud technologies. This role leverages expertise in Azure Data Factory, Azure Databricks, and PowerBI to build and optimize data pipelines and analytics solutions The incumbent works with large data sets utilizing Python, PySpark, and SAS, and applies sound data modeling principles to enable effective data management and reporting The Cloud Dat…",2026-08-12T10:55:34Z,https://www.adzuna.in/details/5837788490?utm_medium=api&utm_source=f8f3e256,data analyst,2026-08-12T08:33:43.796626+00:00
Senior Data Engineer,Experian,"Hyderabad, Telangana",,,0,Job Description We are looking for Data Engineer - Scala. This is a hybrid role requiring travelling to Hyderabad office 40% per month. Main responsibilities : You will be LI-hybrid based in Hyderabad and reporting to Director Engineering. Develop and maintain batch data processing pipelines using Scala and Apache Spark Optimize Spark workloads for performance and scalability in an AWS cloud environment. You will partner with data engineers and analysts to understand data needs and deliver high…,2026-08-12T07:26:14Z,https://www.adzuna.in/details/5837583705?utm_medium=api&utm_source=f8f3e256,data analyst,2026-08-12T08:33:43.796626+00:00
Principal Data Operations Analyst,NielsenIQ,"Gurgaon, Haryana",,,0,"Job Description Position Title: eData Governance Reports to: Regional EDD >. Regional Input Ops Business Unit: Data Operations Location: Gurgaon Vision of the Role: Backend, Ops Bridge, Technical. High Level Tasks: Securing BAU Data Analysis and Testing MSDs Data Assessments DQI Execution Bridge Ops and Suppliers Job Purpose: This role covers the activities post inputs are received from the source - retailers/vendors. Primary focus is to be the bridge between the Supplier Engagement team and ot…",2026-08-12T07:26:13Z,https://www.adzuna.in/details/5837583661?utm_medium=api&utm_source=f8f3e256,data analyst,2026-08-12T08:33:43.796626+00:00
AWS Data engineer,CGvak Software Exports,"Bangalore, Karnataka",1500000.0,2800000.0,0,"Job Overview: We are seeking an experienced Cloud Data Engineer to the architecture, development, Data migration, ETL pipeline in cloud and optimization of a next-generation data platform. This is a development role for an individual with over 4 years of deep data engineering and data migration, data pipeline in AWS expertise, capable of driving technical direction, and delivering high-impact solutions in a fast-paced Key Responsibilities: • Platform Development o Knowledge of best practices fo…",2026-08-12T07:02:25Z,https://www.adzuna.in/details/5837542513?utm_medium=api&utm_source=f8f3e256,data analyst,2026-08-12T08:33:43.796626+00:00
Senior Product Analyst (Tier 1 College),Time Hack Consulting,"Bangalore, Karnataka",3500000.0,4000000.0,0,"Job Summary We are seeking a highly analytical and data-driven Product Analyst to support product strategy and execution by transforming data into actionable insights. The role involves analyzing product performance, understanding customer behavior, conducting market research, and partnering with cross-functional teams to drive product improvements and business growth. The ideal candidate should possess strong analytical capabilities, business acumen, and a passion for building customer-centric…",2026-08-12T07:02:25Z,https://www.adzuna.in/details/5837542495?utm_medium=api&utm_source=f8f3e256,data analyst,2026-08-12T08:33:43.796626+00:00
Analytics Consultant,Scout Incorporation,India,3000000.0,4500000.0,0,"We're looking for Analytics Consultants ! Responsibilities: Embed analytics across the organization to help increase revenue, improve operational efficiency, enable cost optimization, improve guest & employee experience and manage risk. Help decision makers in the business anticipate and respond faster to emerging trends. A lean team of data scientists, ML engineers, analysts & consultants. We are customer advocates & have relentless passion for insight led decision making & strong bias for act…",2026-08-12T07:02:24Z,https://www.adzuna.in/details/5837542401?utm_medium=api&utm_source=f8f3e256,data analyst,2026-08-12T08:33:43.796626+00:00
Geospatial Data Engineer,Chevron Corporation,"Bangalore, Karnataka",,,0,"Total Number of Openings 1 The Chevron Engineering and Innovation Excellence Center (ENGINE) in Bengaluru India brings together the resources and expertise of the Chevron global network with talent in India to enhance agility and technological innovation to optimize solutions for the world's current and future energy challenges. As one of the leading energy providers worldwide, Chevron is involved in the production of crude oil and natural gas, manufacturing of transportation fuels, lubricants,…",2026-08-12T10:57:50Z,https://www.adzuna.in/details/5837797607?utm_medium=api&utm_source=f8f3e256,data analyst,2026-08-12T08:33:43.796626+00:00
Data Engineer,Scout Incorporation,India,3000000.0,4500000.0,0,"We're looking for Data Engineers (India)! Responsibilities: Collaborate with clients to understand their data needs and requirements, particularly related to Salesforce data. Design and implement data pipelines to extract, transform, and load (ETL) Salesforce data into data warehouses or other storage systems. Normalize and cleanse Salesforce data to ensure accuracy, consistency, and integrity. Fine-tune data models and algorithms to improve data quality and reliability. Develop and maintain da…",2026-08-12T07:02:24Z,https://www.adzuna.in/details/5837542433?utm_medium=api&utm_source=f8f3e256,data analyst,2026-08-12T08:33:43.796626+00:00
Data Analyst,Scout Incorporation,"Bangalore, Karnataka",2500000.0,4000000.0,0,"We're looking for Data Analysts! Qualifications: Adobe Analytics Implementation: Lead the design, configuration, and implementation of Adobe Analytics solutions for clients. Ensure the deployment meets business objectives and that data collection, reporting, and analysis are aligned with client goals. Client Consultation & Strategy: Partner with clients to understand their business requirements, translate these into actionable analytics strategies, and provide advice on best practices for setti…",2026-08-12T07:02:24Z,https://www.adzuna.in/details/5837542450?utm_medium=api&utm_source=f8f3e256,data analyst,2026-08-12T08:33:43.796626+00:00
Data Analyst – Consultant/Senior Consultant,Eli Lilly Services India,India,,,0,"At Lilly, the work is demanding because patients are waiting. We unite caring with discovery to help make life better for people around the world, knowing that every decision, every detail, and every day matters. Headquartered in Indianapolis, Indiana, our over 50,000 employees around the globe take on complex challenges to discover and deliver life-changing medicines, strengthen how health is understood and managed, and support the communities we serve. This is hard, urgent, selfless work—but …",2026-08-11T21:05:51Z,https://www.adzuna.in/details/5836864927?utm_medium=api&utm_source=f8f3e256,data analyst,2026-08-12T08:33:43.796626+00:00
Vice President - Data Governance,Citigroup,"Mumbai, Maharashtra",,,0,"The Data Governance Foundation Lead Analyst is responsible for contributing to the directional strategy and assisting in creation and modification of Enterprise Data Governance Strategy, and/or Data Risk and Control Framework and Data Risk Taxonomy. The focus of this role may be on one or more of the following areas: assisting in identification, measurement and reporting, data policy adoption and compliance, data controls framework performance and issue management process, and regulatory and au…",2026-08-12T10:58:05Z,https://www.adzuna.in/details/5837798193?utm_medium=api&utm_source=f8f3e256,data analyst,2026-08-12T08:33:43.796626+00:00
Bi Data Analyst (6-9 YRS)- CHN/BLR,Photon Group,India,,,0,"Description Location: Chennai Experience: 6-9 Years The Value You Deliver • Working closely with business partners to understand business requirements and convert the same into a data-related questions and answer the same, analytically • Building a reputation with partners as a person who can provide solutions to business problems • Independently conducting data analyses with minimal supervision • Use ML techniques like Regression, Decision Trees, Random Forest to solve for business problems th…",2026-08-11T21:04:53Z,https://www.adzuna.in/details/5836858696?utm_medium=api&utm_source=f8f3e256,data analyst,2026-08-12T08:33:43.796626+00:00
IT&D Product Manager - Genesis Procurement,Reckitt,"Hyderabad, Telangana",,,0,"This job is with Reckitt, an inclusive employer and a member of myGwork – the largest global platform for the LGBTQ business community. Please do not contact the recruiter directly. We are Reckitt Home to the world's best loved and trusted hygiene, health, and nutrition brands. Our purpose defines why we exist: to protect, heal and nurture in the relentless pursuit of a cleaner, healthier world. We are a global team united by this purpose.Join us in our fight to make access to the highest quali…",2026-08-12T01:59:42Z,https://www.adzuna.in/land/ad/5837139791?se=EhrihSiW8RGjz7ZOIswnvQ&utm_medium=api&utm_source=f8f3e256&v=34E02FF33A1A75C09D0AF3422EEB8F4A09BCD5A7,data analyst,2026-08-12T08:33:43.796626+00:00
Data/Reporting Analyst-Power Platform Developer,Trigent Software Private Limited,"Richmond Town, Bangalore",1650000.0,1650000.0,0,"Data/Reporting Analyst - Power Platform Developer (Power Apps, Power Automate & Power Platform Solutions) Location: Bengalore Exp: 5Yrs Lead the design, development, deployment and support of enterprise-grade Microsoft Power Platform solutions including Canvas Apps, Model-driven Apps, Dataverse, SharePoint Online, Power Automate Cloud Flows, Power Automate Desktop, Power Pages and Azure integrations. Top Accountabilities: Design and develop Canvas Apps using SharePoint Lists and Dataverse. Desi…",2026-08-11T23:33:40Z,https://www.adzuna.in/details/5837109793?utm_medium=api&utm_source=f8f3e256,data analyst,2026-08-12T08:33:43.796626+00:00
Custom Software Engineer - Snowflake Data Warehouse,Trigent Software Private Limited,"Richmond Town, Bangalore",1000000.0,2200000.0,0,"As a Custom Software Engineer, a typical day involves designing and developing tailored software solutions that enhance various system components or applications. The role requires working closely with different teams to ensure the delivery of scalable and efficient software products. The engineer applies modern development methodologies and frameworks to meet specific business requirements, continuously improving and refining software to support organizational goals. Collaboration and adaptabi…",2026-08-11T23:33:40Z,https://www.adzuna.in/details/5837109801?utm_medium=api&utm_source=f8f3e256,data analyst,2026-08-12T08:33:43.796626+00:00
SAP BODS Consultant,Narwal Inc,"Sadashiv Peth, Pune",,,0,"About Us : Narwal, with its Global Delivery Model, strategically expands its reach across North America, the United Kingdom, and an offshore development centre in India. Delivery cutting edge AI, Data, and Quality Engineering solutions and consistently surpassing expectations. Narwal has achieved remarkable triple-digit growth rates year after year, earning accolades such as Inc. 5000, Best IT Services Company, Best Data Technology Company, and Partner of the Year with Tricentis. Our Vision: To…",2026-08-11T23:33:34Z,https://www.adzuna.in/details/5837109717?utm_medium=api&utm_source=f8f3e256,data analyst,2026-08-12T08:33:43.796626+00:00
Data Quality Developer,Mouser Electronics,"Bangalore, Karnataka",,,0,"Job Description Understand how the company utilizes PIM to manage product information, enhance the application using Java, troubleshoot issues, and assist users when unexpected events occur. Use Informatica Cloud Data Quality to perform transformations, create, test, maintain and support data quality rules to ensure data meets requirements, and analyze data for issues. Experience working with the IDMC platform and IICS such as CDQ, CDI & CAI and with on-prem version IDQ and Data Analyst tools. …",2026-08-11T21:41:05Z,https://www.adzuna.in/details/5837019558?utm_medium=api&utm_source=f8f3e256,data analyst,2026-08-12T08:33:43.796626+00:00
Data Analyst,Petrofac,"Chennai, Tamil Nadu",,,0,"Petrofac is a leading international service provider to the energy industry, with a diverse client portfolio including many of the world’s leading energy companies. We design, build, manage, and maintain infrastructure for our clients. We recruit, reward, and develop our people based on merit, regardless of race, nationality, religion, gender, age, sexual orientation, marital status, or disability. We value our people and treat everyone who works for or with Petrofac fairly and without discrimi…",2026-08-11T21:41:04Z,https://www.adzuna.in/details/5837019508?utm_medium=api&utm_source=f8f3e256,data analyst,2026-08-12T08:33:43.796626+00:00
Sr. Analyst Vulnerability Management,"Mattel, Inc.","Hyderabad, Telangana",,,0,"CREATIVITY IS OUR SUPERPOWER. It’s our heritage and it’s also our future. Because we don’t just make toys. We create innovative products and experiences that inspire fans, entertain audiences and develop children through play. Mattel is at its best when every member of our team feels respected, included, and heard—when everyone can show up as themselves and do their best work every day. We value and share an infinite range of ideas and voices that evolve and broaden our perspectives with a reac…",2026-08-11T21:41:04Z,https://www.adzuna.in/details/5837019502?utm_medium=api&utm_source=f8f3e256,data analyst,2026-08-12T08:33:43.796626+00:00
Reference Data Associate,JPMorganChase,"Hyderabad, Telangana",,,0,"Description Make your mark elevating instrument reference data quality and controls while expanding your expertise through cross-team delivery and change initiatives. As a Reference Data Operations Analyst within Instrument Reference Data, you support the delivery of high-quality reference data services by partnering with Operations, Product, Technology, and subscribers. You combine operational delivery, analytical problem-solving, and change implementation to improve data quality, controls, op…",2026-08-11T21:07:07Z,https://www.adzuna.in/details/5836872269?utm_medium=api&utm_source=f8f3e256,data analyst,2026-08-12T08:33:43.796626+00:00
Senior Data Analyst - Product Delivery,Johnson Controls,"Hyderabad, Telangana",,,0,"Job Title: Senior Data Analyst Overview Data Analyst at Johnson Controls, you will be at the forefront of data-driven decision-making within the organization. Leveraging your analytical skills and expertise in data management, you will transform complex data into clear insights that drive business strategy and operational efficiency. Your role will involve collaborating with cross-functional teams to enhance data availability, quality, and insight generation, ultimately supporting the company’s…",2026-08-11T21:06:57Z,https://www.adzuna.in/details/5836871185?utm_medium=api&utm_source=f8f3e256,data analyst,2026-08-12T08:33:43.796626+00:00
"Snowflake & Python Data Engineer – AWS, SQL & Cloud Data Integration",Synechron,India,,,0,"Job Summary Synechron is seeking an experienced Snowflake & Python Data Engineer with 8 years of overall experience to design, develop, and support scalable data solutions across cloud and on-premises environments. The role will focus on building data integration pipelines, transforming large datasets, automating data workflows, and developing secure data architectures that support enterprise analytics and reporting. The position will contribute to business objectives by improving data availabi…",2026-08-11T21:06:28Z,https://www.adzuna.in/details/5836868278?utm_medium=api&utm_source=f8f3e256,data analyst,2026-08-12T08:33:43.796626+00:00
Data Engineer - Python and Azure Data Bricks,Capco,India,,,0,"This job is with Capco, an inclusive employer and a member of myGwork – the largest global platform for the LGBTQ business community. Please do not contact the recruiter directly. Job Title: Data Engineer - Python and Azure Data Bricks About Us “Capco, a Wipro company, is a global technology and management consulting firm. Awarded with Consultancy of the year in the British Bank Award and has been ranked Top 100 Best Companies for Women in India 2022 by Avtar & Seramount . With our presence acr…",2026-08-12T01:59:39Z,https://www.adzuna.in/land/ad/5837139650?se=EhrihSiW8RGjz7ZOIswnvQ&utm_medium=api&utm_source=f8f3e256&v=025DC64898BBEE97D8ECB9A23E8E85E4623C0D15,data analyst,2026-08-12T08:33:43.796626+00:00
Database Administrator,Accenture,India,,,0,"Project Role : Database Administrator Project Role Description : Design, implement and maintain databases. Install database management systems (DMBS). Develop procedures for day-to-day maintenance and problem resolution. Must have skills : Databricks Unified Data Analytics Platform Good to have skills : NA Minimum 7.5 year(s) of experience is required Educational Qualification : 15 years full time education Databricks JD: Databricks Data Engineer Key Skills: Databricks  SQL  Python/PySpark  Dat…",2026-08-11T21:07:50Z,https://www.adzuna.in/details/5836876335?utm_medium=api&utm_source=f8f3e256,data analyst,2026-08-12T08:33:43.796626+00:00
"Data Analyst, Specialist",The Vanguard Group,"Hyderabad, Telangana",,,0,"About Vanguard Founded in 1975, Vanguard is one of the world's leading investment management companies. The firm offers investments, advice, and retirement services to tens of millions of individual investors around the globe—directly, through workplace plans, and through financial intermediaries. Vanguard’s India Office Vanguard’s office in India is a significant milestone in our global expansion. We are committed to establishing an enduring technology center in Hyderabad, Telangana and are ex…",2026-08-11T20:56:55Z,https://www.adzuna.in/details/5836844011?utm_medium=api&utm_source=f8f3e256,data analyst,2026-08-12T08:33:43.796626+00:00
Reporting Analyst,Strada,India,,,0,"Join us on a journey of endless possibilities At Strada , possibility isn’t just a promise – it’s the foundation of everything we do. We believe in unlocking potential for every colleague, creating a journey of growth, discovery, and impact. With the support, resources, and opportunities we provide, you’ll build a fulfilling future – working on meaningful projects that span industries and regions, contributing to outcomes that matter. Strada is a people, payroll, and technology leader simplifyi…",2026-08-11T21:03:17Z,https://www.adzuna.in/details/5836853380?utm_medium=api&utm_source=f8f3e256,data analyst,2026-08-12T08:33:43.796626+00:00
"Data Analyst, AVP",Natwest Group,"Bangalore, Karnataka",,,0,"Join us as a Data Analyst Take on a new challenge in a cutting-edge team, in which you’ll contribute to the analysis of complex bank, franchise or function data to identify business issues and opportunities We’ll look to you to provide high quality analytical input to help develop and implement innovative processes and problem resolution across the bank This is a hands-on role in which you'll hone your data analysis expertise and gain valuable experience in a dynamic area of our business We're …",2026-08-11T21:01:18Z,https://www.adzuna.in/details/5836849762?utm_medium=api&utm_source=f8f3e256,data analyst,2026-08-12T08:33:43.796626+00:00
Senior Analyst,eClerx,"Mumbai, Maharashtra",,,0,"Description Bachelor’s degree in Data Science, Computer Science, Finance, Business Analytics, or a related field. 2-3 years of experience in a data analyst role. Hands-on experience with Tableau, Power BI, or Alteryx for reporting automations. Proficiency in Excel and SQL; basic understanding of Python, R, or VBA is a plus. Strong problem-solving skills and ability to translate data into actionable insights. Person should be willing to work from Goldman office in Bangalore. Good to have, but no…",2026-08-11T20:59:57Z,https://www.adzuna.in/details/5836848012?utm_medium=api&utm_source=f8f3e256,data analyst,2026-08-12T08:33:43.796626+00:00
"Analyst, Master Data Management",Magna International,India,,,0,"Job descriptions may display in multiple languages based on your language selection. What we offer: At Magna, you can expect an engaging and dynamic environment where you can help to develop industry-leading automotive technologies. We invest in our employees, providing them with the support and resources they need to succeed. As a member of our global team, you can expect exciting, varied responsibilities as well as a wide range of development prospects. Because we believe that your career pat…",2026-08-11T20:59:44Z,https://www.adzuna.in/details/5836847707?utm_medium=api&utm_source=f8f3e256,data analyst,2026-08-12T08:33:43.796626+00:00
SAP BODS / SAP Data Conversion Analyst,Vrinda International,"H.S.Sangh, North West Delhi",1500000.0,1600000.0,0,"Hiring: SAP BODS / SAP Data Conversion Analyst Location: PAN India (Except Hyderabad / AP) Experience: 3–8 Years Budget: ₹15–16 LPA GEM ID: 26-41563 We are looking for experienced SAP BODS / Data Conversion professionals with strong expertise in ETL, SQL, IDOCs and data migration for SAP implementation projects. SAP Module Exposure: SAP FICO, MM/WM, SD, LE, HR/HCM, PP, PM and SuccessFactors Employee Central (optional). Requirements: • 3–8 years of relevant experience in SAP BODS/Data Conversion…",2026-08-11T20:59:04Z,https://www.adzuna.in/details/5836846785?utm_medium=api&utm_source=f8f3e256,data analyst,2026-08-12T08:33:43.796626+00:00
Data & Reporting Analyst (Credit Card Risk),Kadel Labs,"Badgaon, Udaipur",,,0,"About Kadel Labs Kadel Labs is a deep-tech IT services company delivering high-quality technology solutions since 2017. We specialize in Digital Transformation, Data Engineering, Cloud, AI/ML, and Enterprise Applications, helping global enterprises build scalable and innovative solutions. Kadel Labs is a CMMI Level 3 and ISO 27001:2022 certified organization committed to engineering excellence and customer success. About the Role: Data & Reporting Analyst (Credit Card Risk) Role Purpose: Own ri…",2026-08-11T20:59:03Z,https://www.adzuna.in/details/5836846759?utm_medium=api&utm_source=f8f3e256,data analyst,2026-08-12T08:33:43.796626+00:00
Assistant Manager - Data Engineer,Kavi Software Technologies Private Limited,"Ekkaduthangal, Chennai",,,0,"Assistant Manager - Data Engineer We are looking for an experienced Data Engineer to design, build, and maintain scalable data pipelines and infrastructure that power analytics, reporting, and machine learning initiatives across the organization. The ideal candidate has a strong foundation in data modeling, distributed systems, and cloud-based data platforms, with a track record of delivering reliable, high-performance data solutions. Key Responsibilities ● Design, build, and optimize scalable …",2026-08-11T20:59:01Z,https://www.adzuna.in/details/5836846693?utm_medium=api&utm_source=f8f3e256,data analyst,2026-08-12T08:33:43.796626+00:00
Assistant Manager - Data Scientist,Kavi Software Technologies Private Limited,"Ekkaduthangal, Chennai",,,0,"Assistant Manager – Data Scientist We are looking for an experienced Data Scientist to join our team and drive data-driven decision-making across the organization. The ideal candidate will have a strong foundation in statistical analysis, machine learning, and business problem-solving, with proven experience translating data into actionable insights. Key Responsibilities ● Design, build, and deploy machine learning models to solve business problems (classification, regression, clustering, recom…",2026-08-11T20:59:00Z,https://www.adzuna.in/details/5836846667?utm_medium=api&utm_source=f8f3e256,data analyst,2026-08-12T08:33:43.796626+00:00
Manager,EXL,"Ahmedabad, Gujarat",,,0,"Description EXL Decision Analytics EXL (NASDAQ:EXLS) is a leading operations management and analytics company that helps businesses enhance growth and profitability in the face of relentless competition and continuous disruption. Using our proprietary, award-winning Business EXLerator Framework™, which integrates analytics, automation, benchmarking, BPO, consulting, industry best practices and technology platforms, we look deeper to help companies improve global operations, enhance data-driven …",2026-08-11T21:05:17Z,https://www.adzuna.in/details/5836861295?utm_medium=api&utm_source=f8f3e256,data analyst,2026-08-12T08:33:43.796626+00:00
"Sr. Analyst - BI, Reporting and Data Visualization 4A",Genpact,India,,,0,"Sr. Analyst - BI, Reporting and Data Visualization Ready to turn bold ideas into real-world impact? At Genpact, we don’t just adapt to change, we lead it. AI and digital innovation are transforming the way businesses work, and we’re at the forefront of it. Genpact’s AI Gigafactory , our industry-first accelerator, exemplifies how we scale advanced technology solutions to help global enterprises work smarter, grow faster, and transform at scale. Whether tackling complex challenges through large-…",2026-08-11T20:56:54Z,https://www.adzuna.in/details/5836843969?utm_medium=api&utm_source=f8f3e256,data analyst,2026-08-12T08:33:43.796626+00:00
Analyst - Customer Journey Mapping,Barclays,India,,,0,"Job Description Purpose of the role To collaborate with stakeholders and use data and MI to identify process optimisation opportunities for capacity creation in relevant business areas. Accountabilities Development and implementation of strategies to improve the efficiency and effectiveness of banking operations, using data led insights. Participation in projects and initiatives to improve performance & optimisation efficiency and effectiveness. Development of reports and presentations on perfo…",2026-08-11T20:46:26Z,https://www.adzuna.in/details/5836836575?utm_medium=api&utm_source=f8f3e256,data analyst,2026-08-12T08:33:47.160504+00:00
Data Architect IND,OsbIndia,"Bangalore, Karnataka",,,0,"Job Purpose The Data Architect role is a vital role in Group that wants to align its business goals and needs with IT services, products, software, and infrastructure. In this role, you will have the opportunity to create data architecture solutions to solve business challenges. A data architect is responsible for designing and managing data systems and architecture primarily on Microsoft Azure. The job involves working closely with business stakeholders, data engineers, and other IT profession…",2026-08-11T20:46:32Z,https://www.adzuna.in/details/5836836636?utm_medium=api&utm_source=f8f3e256,data analyst,2026-08-12T08:33:47.160504+00:00
Associate Consultant - Data Engineer(Python/Pyspark),BSR & Co,"Bangalore, Karnataka",,,0,"Description We are seeking a highly skilled Data Engineer with expertise in Python, PySpark, SQL, Azure, and Microsoft Fabric. The successful candidate will be responsible for designing, developing, and maintaining scalable data pipelines and data architectures across cloud-based platforms. Responsibilities: • Collaborate with cross-functional teams to design, develop, and implement scalable data solutions using Python, PySpark, SQL, and Azure services. • Design, develop, and maintain robust ET…",2026-08-11T20:51:22Z,https://www.adzuna.in/details/5836838864?utm_medium=api&utm_source=f8f3e256,data analyst,2026-08-12T08:33:47.160504+00:00
Technical Data Analyst,Clearwater Analytics,"Noida, Ghaziabad",,,0,"Job Summary: The Technical Data Analyst is responsible for maintaining investment data for clients. This role involves tasks such as analyzing and organizing raw data, building data systems and pipelines, conducting complex data analysis, and presenting information through data visualization techniques. Additionally, the analyst collaborates with clients and project management teams to grasp customer and company needs. This role requires the ability to merge data from various sources and presen…",2026-08-11T20:51:58Z,https://www.adzuna.in/details/5836839223?utm_medium=api&utm_source=f8f3e256,data analyst,2026-08-12T08:33:47.160504+00:00
"Analyst I, Client Service Operations",Kroll,"Hyderabad, Telangana",,,0,"We are looking for an analyst for our Client Services Operations team which performs, Data extraction, Data analysis on financial models and financial valuation reports along with report updates and various support services. The team undertakes research and collects financial and business data based on the request from the internal Kroll business units. The relevant financial and business data is collected through various publicly available sources and Kroll proprietary files. Pursuant to the c…",2026-08-11T16:01:06Z,https://www.adzuna.in/details/5836584534?utm_medium=api&utm_source=f8f3e256,data analyst,2026-08-12T08:33:47.160504+00:00
BI Analyst,Cushman & Wakefield,India,,,0,"Job Title BI Analyst Job Description Summary Job Description BI Analyst Position Summary We are seeking a highly skilled BI Analyst with expertise in data management to join our Transformation Team at Cushman & Wakefield. The successful candidate will be responsible for leading the design, development, and maintenance of our business intelligence solutions while also ensuring the accuracy, integrity, and security of our data. This role requires a strong background in data visualization, data ma…",2026-08-11T20:53:05Z,https://www.adzuna.in/details/5836839946?utm_medium=api&utm_source=f8f3e256,data analyst,2026-08-12T08:33:47.160504+00:00
Analyst- Material Master Data Management,Buckman International,India,,,0,"Description Global Master Data Management Analyst Location : Chennai, India Required Language : English Senior Level : Associate Employment Type : Permanent Travel : Buckman is a privately held, global specialty chemical company with headquarters in Memphis, TN, USA, committed to safeguarding the environment, maintaining safety in the workplace, and promoting sustainable development. Buckman works proactively and collaboratively with its worldwide customers in pulp and paper, leather, and water…",2026-08-11T20:53:36Z,https://www.adzuna.in/details/5836840378?utm_medium=api&utm_source=f8f3e256,data analyst,2026-08-12T08:33:47.160504+00:00
Senior Associate-Digital Product Management,American Express,India,,,0,"Description Business Unit: Credit and Fraud Risk (CFR) is a global function, responsible for making the right credit and fraud risk decisions that uphold operational excellence, drive growth, and accelerate innovation across American Express. CFR combines technology and infrastructure with new computing techniques to make better risk decisions and provide real-time customer communications and fraud servicing. We are seeking a highly motivated Senior Associate Product Analyst to join our Global …",2026-08-11T20:54:38Z,https://www.adzuna.in/details/5836841276?utm_medium=api&utm_source=f8f3e256,data analyst,2026-08-12T08:33:47.160504+00:00
"Oracle SQL Developer – PL/SQL, ETL & Query Optimization",Synechron,India,,,0,"Job Summary Synechron is seeking an Oracle SQL Developer with 4 years of experience in Oracle SQL, PL/SQL, database development, performance optimization, and data management.The role will design, develop, maintain, and optimize database solutions that support business applications, reporting, data warehousing, and operational processes. The position will contribute to business objectives by improving data accuracy, query performance, database reliability, and the efficiency of data extraction …",2026-08-11T20:45:10Z,https://www.adzuna.in/details/5836835957?utm_medium=api&utm_source=f8f3e256,data analyst,2026-08-12T08:33:47.160504+00:00
Senior Data Analyst,Havas,India,,,0,"Agency : Havas Creative Job Description : We are seeking a Senior Data / Systems Analyst to support global operational and finance reporting across multiple business systems. This role will own reporting requirements, data definitions, integrations, and data models that underpin a large and growing portfolio of management and operational reports. The successful candidate will act as the bridge between business stakeholders, source systems, and the Power BI reporting team, ensuring a single sour…",2026-08-11T20:52:01Z,https://www.adzuna.in/details/5836839248?utm_medium=api&utm_source=f8f3e256,data analyst,2026-08-12T08:33:47.160504+00:00
Data Engineer - AVP,Barclays,India,,,0,"Job Description Purpose of the role To support Research Analysts in the production and delivery of Research with differentiated market insights and actionable ideas to Barclays Clients. Accountabilities Compilation and analysis of data to help Analysts develop investment theses for their coverage areas. Presentation of Research views to Barclays Clients by helping to prepare materials or responses to client questions. Collaboration with the Analyst, Supervisory Analyst, Compliance and other sta…",2026-08-11T20:44:35Z,https://www.adzuna.in/details/5836835716?utm_medium=api&utm_source=f8f3e256,data analyst,2026-08-12T08:33:47.160504+00:00
Senior Finance Data Analyst,Taylor and Francis,"Bangalore, Karnataka",,,0,"Job Description An innovative role combining deep finance expertise with advanced Power BI capabilities, Alteryx, SQL and AI knowledge to revolutionize financial reporting and analytics. Working alongside senior finance leadership, you will operate with high autonomy to deliver next-generation financial insights through Power BI solutions while maintaining strong financial planning and analysis capabilities. The position demands exceptional analytical skills and the ability to transform complex…",2026-08-11T19:25:32Z,https://www.adzuna.in/details/5836764355?utm_medium=api&utm_source=f8f3e256,data analyst,2026-08-12T08:33:47.160504+00:00
Senior Data Engineer,Taylor and Francis,"Bangalore, Karnataka",,,0,"Job Description We are seeking an experienced Senior Data Engineer to join our Data and Analytics Platform team. In this role, you will collaborate with data quality engineers and business data analysts to understand data requirements and models, build robust data ingestion pipelines, and develop complex business-specific use cases that enable seamless information consumption from our platform. You will be part of a dynamic and enthusiastic team driving agile development to build an enterprise-…",2026-08-11T19:25:32Z,https://www.adzuna.in/details/5836764446?utm_medium=api&utm_source=f8f3e256,data analyst,2026-08-12T08:33:47.160504+00:00
Senior Analyst Customer and Marketing Insights,Avnet,"Bangalore, Karnataka",,,0,"Farnell Farnell, an Avnet company, is a global high-service distributor of technology products, services and solutions for electronic system design, maintenance and repair. Job Title: Senior Analyst Customer and Marketing Insights Job Description: We are seeking an experienced and data-driven Business Analyst with a strong background in Marketing and Customer Analytics to join our team. The ideal candidate will possess a minimum of 4 years of relevant experience in Customer Analytics, Marketing…",2026-08-11T20:43:28Z,https://www.adzuna.in/details/5836835167?utm_medium=api&utm_source=f8f3e256,data analyst,2026-08-12T08:33:47.160504+00:00
Senior Associate - Workday Reporting Developer,TIAA,"Pune, Maharashtra",,,0,"Lead Data Analyst The Lead Data Analyst reviews and approves complex analytics and statistical modeling on large data sets that identify current market sector trends and customer patterns. This job directs the examination and identification of data patterns and trends that help answer business questions and improve decision-making. The Lead Data Analyst oversees the collection of data sources, as well as the analysis and extraction of key data and information. This job also ensures that data qu…",2026-08-11T20:43:22Z,https://www.adzuna.in/details/5836835131?utm_medium=api&utm_source=f8f3e256,data analyst,2026-08-12T08:33:47.160504+00:00
Data Scientist Manager,London Stock Exchange Group,India,,,0,"LSEG is one of the world’s leading providers of financial markets infrastructure and delivers financial data, analytics, news and index products to more than 40,000 customers in over 170 countries. We help organization's fund innovation, handle risk and build jobs by partnering with customers at every point in the trade lifecycle: from advising their pre-trade decisions and completing trades to raising capital, clearing and optimization. Data Scientist Manager will lead the design, development,…",2026-08-11T20:40:03Z,https://www.adzuna.in/details/5836833767?utm_medium=api&utm_source=f8f3e256,data analyst,2026-08-12T08:33:47.160504+00:00
"Consultant/Sr. Consultant, Consumer Analytics Data Engineering",Eli Lilly Services India,India,,,0,"At Lilly, the work is demanding because patients are waiting. We unite caring with discovery to help make life better for people around the world, knowing that every decision, every detail, and every day matters. Headquartered in Indianapolis, Indiana, our over 50,000 employees around the globe take on complex challenges to discover and deliver life-changing medicines, strengthen how health is understood and managed, and support the communities we serve. This is hard, urgent, selfless work—but …",2026-08-11T20:39:55Z,https://www.adzuna.in/details/5836833717?utm_medium=api&utm_source=f8f3e256,data analyst,2026-08-12T08:33:47.160504+00:00
Data Management Analyst,Wells Fargo Bank,India,,,0,"About this role: Wells Fargo is seeking a Data Management Analyst In this role, you will: Participate in less complex analysis to identify and remediate data quality or integrity issues and to identify and remediate process or control gaps Adhere to data governance standards and procedures Identify data quality metrics and execute data quality audits to benchmark the state of data quality Design and monitor data governance, data quality and metadata policies, standards, tools, processes, or pro…",2026-08-11T20:39:13Z,https://www.adzuna.in/details/5836833345?utm_medium=api&utm_source=f8f3e256,data analyst,2026-08-12T08:33:47.160504+00:00
Geospatial Data Engineer,Chevron,"Bangalore, Karnataka",,,0,"Total Number of Openings 1 The Chevron Engineering and Innovation Excellence Center (ENGINE) in Bengaluru India brings together the resources and expertise of the Chevron global network with talent in India to enhance agility and technological innovation to optimize solutions for the world’s current and future energy challenges. As one of the leading energy providers worldwide, Chevron is involved in the production of crude oil and natural gas, manufacturing of transportation fuels, lubricants,…",2026-08-11T20:38:47Z,https://www.adzuna.in/details/5836833209?utm_medium=api&utm_source=f8f3e256,data analyst,2026-08-12T08:33:47.160504+00:00
Lead Analyst - Process Mining 4C,Genpact,India,,,0,"Lead Analyst - BI, Reporting and Data Visualization Ready to turn bold ideas into real-world impact? At Genpact, we don’t just adapt to change, we lead it. AI and digital innovation are transforming the way businesses work, and we’re at the forefront of it. Genpact’s AI Gigafactory , our industry-first accelerator, exemplifies how we scale advanced technology solutions to help global enterprises work smarter, grow faster, and transform at scale. Whether tackling complex challenges through large…",2026-08-11T20:38:06Z,https://www.adzuna.in/details/5836832949?utm_medium=api&utm_source=f8f3e256,data analyst,2026-08-12T08:33:47.160504+00:00
Associate Manager - US RD,NielsenIQ,"Chennai, Tamil Nadu",,,0,"Job Description About the job Act as the main point of contact from Reference Data Operations to internal client services to lead and drive the operational design and delivery of our client offering. Responsible for overall Reference Data Operations department quality performance monitoring, reporting and analysis by driving an on-going focus and improvement in Right First Time delivery to contribute to client satisfaction. Team management - Leads a team of Data Operations Analysts. Responsibil…",2026-08-11T19:25:32Z,https://www.adzuna.in/details/5836764436?utm_medium=api&utm_source=f8f3e256,data analyst,2026-08-12T08:33:47.160504+00:00
Head of EDO Enablement,U.S. Bank,"Chennai, Tamil Nadu",,,0,"At U.S. Bancorp India, we’re on a journey to do our best. We believe it takes all of us to bring our shared ambition to life, and each person is unique in their potential. A career with U.S. Bancorp India gives you a wide, ever-growing range of opportunities to discover what makes you thrive at every stage of your career. Try new things, learn new skills and discover what you excel at—all from Day One. Job Description Key Responsibilities Enterprise Delivery Leadership Establish and lead the ED…",2026-08-11T20:43:37Z,https://www.adzuna.in/details/5836835234?utm_medium=api&utm_source=f8f3e256,data analyst,2026-08-12T08:33:47.160504+00:00
Azure Data Engineer,Weekday AI,India,,,0,"This role is for one of Weekday’s clients Salary range: Rs 400000 - Rs 2600000 (ie INR 4 - 26 LPA) Min Experience: 6 years Location: Bengaluru, Hyderabad, Chennai, Tamil Nadu, India JobType: full-time We are looking for an experienced Azure Data Engineer with 6–15 years of hands-on experience in designing, developing, and maintaining scalable data engineering solutions on Microsoft Azure. The ideal candidate will have strong expertise in Azure Data Factory, Azure Databricks, PySpark/Scala, Azur…",2026-08-11T16:50:02Z,https://www.adzuna.in/details/5836647838?utm_medium=api&utm_source=f8f3e256,data analyst,2026-08-12T08:33:47.160504+00:00
Principal Analyst - Tech Compliance,AB InBev India,India,,,0,"Dreaming big is in our DNA. It’s who we are as a company. It’s our culture. It’s our heritage. And more than ever, it’s our future. A future where we’re always looking forward. Always serving up new ways to meet life’s moments. A future where we keep dreaming bigger. We look for people with passion, talent, and curiosity, and provide them with the teammates, resources and opportunities to unleash their full potential. The power we create together – when we combine your strengths with ours – is …",2026-08-11T20:50:13Z,https://www.adzuna.in/details/5836838313?utm_medium=api&utm_source=f8f3e256,data analyst,2026-08-12T08:33:47.160504+00:00
Reference Data Analyst,JPMorganChase,"Hyderabad, Telangana",,,0,"Description Elevate your career by shaping trusted client and counterparty reference data, with growth opportunities in an inclusive, collaborative environment. As a Reference Data Analyst within Party Reference Data Operations, you manage and maintain internal and external client reference data to support compliance with firm standards and required regulations. You liaise with business partners to clarify data requirements, drive remediation, and ensure timely, accurate delivery. You conduct d…",2026-08-11T20:43:33Z,https://www.adzuna.in/details/5836835212?utm_medium=api&utm_source=f8f3e256,data analyst,2026-08-12T08:33:47.160504+00:00
"Analyst II, eCommerce",Genl Mills India Priv,India,,,0,"COMPANY OVERVIEW We exist to make food the world loves. But we do more than that. Our company is a place that prioritizes being a force for good, a place to expand learning, explore new perspectives and reimagine new possibilities, every day. We look for people who want to bring their best — bold thinkers with big hearts who challenge one another and grow together. Because becoming the undisputed leader in food means surrounding ourselves with people who are hungry for what’s next.​ &xa; OVERVI…",2026-08-10T21:00:40Z,https://www.adzuna.in/details/5835742355?utm_medium=api&utm_source=f8f3e256,data analyst,2026-08-12T08:33:47.160504+00:00
Senior Data Product Owner – Wealth Management Participant Data Domain,GCC India,"Hyderabad, Telangana",,,0,"Where Ambition Meets Innovation At LPL’s Global Capability Center , you'll find a collaborative culture where your voice matters, integrity guides every decision, and technology fuels progress. Your skills, talents, and ideas will redefine what's possible. LPL's success reflects its exceptional employees, who together pursue one noble purpose: empowering financial advisors to deliver personalized advice for all who need it. We’re proud to be expanding and reaching new heights in Hyderabad. Join…",2026-08-10T21:00:57Z,https://www.adzuna.in/details/5835742717?utm_medium=api&utm_source=f8f3e256,data analyst,2026-08-12T08:33:47.160504+00:00
Data Scientist - GBS Commercial,AB InBev APAC,India,,,0,"Dreaming big is in our DNA. It’s who we are as a company. It’s our culture. It’s our heritage. And more than ever, it’s our future. A future where we’re always looking forward. Always serving up new ways to meet life’s moments. A future where we keep dreaming bigger. We look for people with passion, talent, and curiosity, and provide them with the teammates, resources and opportunities to unleash their full potential. The power we create together – when we combine your strengths with ours – is …",2026-08-11T16:00:21Z,https://www.adzuna.in/details/5836583563?utm_medium=api&utm_source=f8f3e256,data analyst,2026-08-12T08:33:47.160504+00:00
Scrum master,Trigent Software Private Limited,"Richmond Town, Bangalore",100000.0,3500000.0,0,"Key Responsibilities 1. Agile Facilitation & SAFe Governance Ceremony Mastery: Lead and facilitate all standard Scrum ceremonies: Daily Stand- ups (DSUs), Sprint Planning, Backlog Refinement, Sprint Reviews, and Retrospectives. SAFe Implementation: Lead the preparation and execution of Program Increment (PI) Planning sessions, including managing dependencies across teams and drafting PI Objectives. Reporting: Ownership of Weekly Status Reports (WSRs) for leadership, highlighting velocity, burn-…",2026-08-10T23:33:19Z,https://www.adzuna.in/details/5835865560?utm_medium=api&utm_source=f8f3e256,data analyst,2026-08-12T08:33:47.160504+00:00
SAP Functional Data Analyst - SAP BRIM (Senior),Sparix Global.,India,1560000.0,1800000.0,0,"Job Title - SAP Functional Data Analyst - SAP BRIM (Senior) Experience Required - 7 Years Timezone - EST (Approx 6:30 PM IST to start, 8 hours a day) Budget - 1.50 LPM Work Mode - Remote Duties and Responsibilities SAP BRIM Functional Data Analysis. Analyze and support SAP BRIM data structures and business processes across: Subscription Order Management (SOM). Convergent Charging (CC). Convergent Invoicing (CI). Contract Accounts Receivable and Payable (FI-CA). Support data-related activities f…",2026-08-10T23:33:27Z,https://www.adzuna.in/details/5835865615?utm_medium=api&utm_source=f8f3e256,data analyst,2026-08-12T08:33:47.160504+00:00
ML Engineer,Training Basket,"Ator Nagla, Ghaziabad",,,0,"Design, develop, and deploy Machine Learning models for real-world business problems. Collect, clean, and pre process large datasets using Python, Pandas, and NumPy . Perform feature engineering to improve model accuracy and performance. Build and optimize classification, regression, and clustering models using Scikit-learn and other ML libraries. Conduct data analysis and apply statistical techniques to identify trends and insights. Train, validate, and evaluate machine learning models using a…",2026-08-11T00:54:20Z,https://www.adzuna.in/details/5835895530?utm_medium=api&utm_source=f8f3e256,data analyst,2026-08-12T08:33:47.160504+00:00
Senior Data Engineer – Azure Databricks,Aura Recruitment Solutions,"Richmond Town, Bangalore",2000000.0,3500000.0,0,"This is a remote position. Location: India Work Mode: Remote Employment Type: Full-time Experience: 5 to 10 Years About the Role We are seeking an experienced Senior Data Engineer – Azure Databricks to design, develop, and optimize enterprise-scale data engineering solutions and modern cloud-based data platforms. The ideal candidate brings deep, hands-on expertise in Azure Databricks, PySpark, Python, SQL, Azure Data Factory (ADF) , and Azure Cloud, alongside strong experience building scalable…",2026-08-11T00:54:58Z,https://www.adzuna.in/details/5835895785?utm_medium=api&utm_source=f8f3e256,data analyst,2026-08-12T08:33:47.160504+00:00
BI Engineer,ascendion,"Bangalore, Karnataka",,,0,"About the Role' 'Cloud Operations Data Analyst' 'Responsibilities' Financial Data Management: Receive and manage raw billing data from finance, generated based on Azure and Snowflake. Handle large source files containing detailed financial information. Extract, transform, and load (ETL) data into the system. Data Validation and Cross-Verification: Cross-validate data multiple times to ensure accuracy. Validate cost data using Azure Cost Management, identifying and correcting mismatched cost cen…",2026-08-11T07:31:45Z,https://www.adzuna.in/details/5836268441?utm_medium=api&utm_source=f8f3e256,data analyst,2026-08-12T08:33:47.160504+00:00
Data analyst - Founders office,DrinkPrime,"Richmond Town, Bangalore",,,0,"Business Finance Analyst Full-Time | Finance Team What We're Looking For 2–5 years of experience in business finance, FP&A, or a related role Strong command of Excel / Google Sheets; experience with BI tools (Power BI, Tableau, Looker) is a plus Familiarity with debt instruments, working capital financing, or fundraising processes will be an advantage Excellent attention to detail with the ability to manage multiple deliverables simultaneously Strong communication skills — able to present finan…",2026-08-11T00:54:58Z,https://www.adzuna.in/details/5835895781?utm_medium=api&utm_source=f8f3e256,data analyst,2026-08-12T08:33:47.160504+00:00
Sr. Analyst Vulnerability Management,Mattel,"Hyderabad, Telangana",,,0,"Job Description The Vulnerability Management Analyst is responsible for identifying, analyzing, and supporting the remediation of security vulnerabilities across Mattel’s global infrastructure, applications, and cloud environments. This role supports the enterprise vulnerability management program by working closely with Security Operations, IT, Engineering, and U.S.-based vulnerability leadership to ensure risks are accurately assessed and addressed in a timely manner. Operating within a globa…",2026-08-11T07:24:51Z,https://www.adzuna.in/details/5836259379?utm_medium=api&utm_source=f8f3e256,data analyst,2026-08-12T08:33:47.160504+00:00
microfrabic,Weekday AI,India,,,0,"       '   :   -   (  - ) Experience: 7 yrs Location: Hyderabad, Pune, Bengaluru Job Type: Full-time We are looking for an experienced Microsoft Fabric professional with 7 years of experience in data engineering, analytics, and modern data platform technologies. The ideal candidate will have strong hands-on expertise in Microsoft Fabric and be capable of designing, developing, and optimizing scalable enterprise data solutions. This role will involve working across data ingestion, transformation…",2026-08-10T22:49:51Z,https://www.adzuna.in/details/5835817628?utm_medium=api&utm_source=f8f3e256,data analyst,2026-08-12T08:33:47.160504+00:00
Senior Data Engineer,Insight Advisors Private Limited,"Yerwada, Pune",,,0,"Job Title: Senior Data Engineer Location : Hinjewadi Phase 1, Pune Qualification: B.E./B.Tech, M.E./M.Tech, MCA, or equivalent in Computer Science/IT or a related field. Years of experience: 5–8 Years (Minimum 5 Years Relevant Experience) Employment type: Full Time | Permanent Overview/ job purpose/ about the company: We are looking for a Senior Data Engineer to design, develop, optimize, and operate scalable data pipelines on the Data bricks platform. The role involves end-to-end data engineer…",2026-08-11T00:54:58Z,https://www.adzuna.in/details/5835895796?utm_medium=api&utm_source=f8f3e256,data analyst,2026-08-12T08:33:47.160504+00:00
Data Architect,Nextpower,"Hyderabad, Telangana",,,0,"Job Description Job Description : A Data Architect is responsible for designing, developing, data and ETL work for the NX organization. The data engineer must ensure data is efficiently stored, accessed, and analyzed by leveraging advanced data modeling techniques, cloud technologies, and data governance practices while collaborating with cross-functional teams to meet business needs and drive data-driven decision-making. Data Integration and Pipeline Development: Design and implement data pipe…",2026-08-10T21:42:45Z,https://www.adzuna.in/details/5835790260?utm_medium=api&utm_source=f8f3e256,data analyst,2026-08-12T08:33:47.160504+00:00
Sr.Data Engineering,Bosch Group,"Bangalore, Karnataka",,,0,"Job Description Job DescriptionOverall""mso-spacerun:yes""> 6– 8 years of relevant experience.Should be flexible to adapt to project requirements needs.Key Responsibilities:Data Pipeline Development: Design, build, and optimize robust, scalable, and efficient ETL/ELT data pipelines using Python and PySpark, primarily within Azure Databricks and Azure Data Factory.Data Ingestion & Processing: Develop and manage processes for ingesting data from various sources (e.g., transactional databases, APIs,…",2026-08-11T07:24:51Z,https://www.adzuna.in/details/5836259395?utm_medium=api&utm_source=f8f3e256,data analyst,2026-08-12T08:33:47.160504+00:00
Data Analyst,Portcast,India,,,0,"Portcast is a venture-backed, Singapore-based logistics technology startup building a real-time transportation visibility platform for global supply chains. We help shippers, manufacturers, and logistics service providers turn data into decisions and decisions into measurable business impact. Our platform goes beyond visibility. Portcast enables action at scale by surfacing the right risks early, helping teams prevent detention and demurrage, accelerate exception management, and close invoices …",2026-08-10T20:48:00Z,https://www.adzuna.in/details/5835723885?utm_medium=api&utm_source=f8f3e256,data analyst,2026-08-12T08:33:47.160504+00:00
"Specialist, Cyber Security",IN CSS Randstad Global Capability Center,India,,,0,"Every year, we help hundreds of thousands of people find rewarding jobs in the ever-changing world of work. We understand the importance of a job in peoples lifes and we want to help them find work that feels good. And we’ll help them continue to grow as their needs and ambitions change. At Randstad, our value comes from our people and that is why we put them first. We are proud of our learning culture and career architecture framework that encourages ours team to develop both personally and pr…",2026-08-10T20:58:32Z,https://www.adzuna.in/details/5835739374?utm_medium=api&utm_source=f8f3e256,data analyst,2026-08-12T08:33:47.160504+00:00
"Principal Specialist, IT Design",IN RSM Randstad Enterprise,India,,,0,"Every year, we help hundreds of thousands of people find rewarding jobs in the ever-changing world of work. We understand the importance of a job in peoples lifes and we want to help them find work that feels good. And we’ll help them continue to grow as their needs and ambitions change. At Randstad, our value comes from our people and that is why we put them first. We are proud of our learning culture and career architecture framework that encourages ours team to develop both personally and pr…",2026-08-10T20:57:02Z,https://www.adzuna.in/details/5835737286?utm_medium=api&utm_source=f8f3e256,data analyst,2026-08-12T08:33:47.160504+00:00
Qlikview / QlikSense Developer,Harman Becker Automotive Systems Manufacturing Kft,India,,,0,"HARMAN’s engineers and designers are creative, purposeful and agile. As part of this team, you’ll combine your technical expertise with innovative ideas to help drive cutting-edge solutions in the car, enterprise and connected ecosystem. Every day, you will push the boundaries of creative design, and HARMAN is committed to providing you with the opportunities, innovative technologies and resources to build a successful career. A Career at HARMAN As a technology leader that is rapidly on the mov…",2026-08-10T20:56:42Z,https://www.adzuna.in/details/5835736735?utm_medium=api&utm_source=f8f3e256,data analyst,2026-08-12T08:33:47.160504+00:00
Sr. Analyst – Supply Chain (SQL  Analytics),Genl Mills India Priv,India,,,0,"COMPANY OVERVIEW We exist to make food the world loves. But we do more than that. Our company is a place that prioritizes being a force for good, a place to expand learning, explore new perspectives and reimagine new possibilities, every day. We look for people who want to bring their best — bold thinkers with big hearts who challenge one another and grow together. Because becoming the undisputed leader in food means surrounding ourselves with people who are hungry for what’s next.​ &xa; OVERVI…",2026-08-10T20:56:14Z,https://www.adzuna.in/details/5835736003?utm_medium=api&utm_source=f8f3e256,data analyst,2026-08-12T08:33:47.160504+00:00
I&F Decision Sci Practitioner Manager,Accenture,India,,,0,"Skill required: Tech for Operations - Artificial Intelligence (AI) Designation: I&F Decision Sci Practitioner Manager Qualifications: Any Graduation Years of Experience: 13 to 18 years About Accenture Accenture is a global professional services company with leading capabilities in digital, cloud and security.Combining unmatched experience and specialized skills across more than 40 industries, we offer Strategy and Consulting, Technology and Operations services, and Accenture Song— all powered b…",2026-08-10T20:55:17Z,https://www.adzuna.in/details/5835734635?utm_medium=api&utm_source=f8f3e256,data analyst,2026-08-12T08:33:47.160504+00:00
"Principal Specialist, IT Design(Netherland)",IN CSS Randstad Global Capability Center,India,,,0,"Every year, we help hundreds of thousands of people find rewarding jobs in the ever-changing world of work. We understand the importance of a job in peoples lifes and we want to help them find work that feels good. And we’ll help them continue to grow as their needs and ambitions change. At Randstad, our value comes from our people and that is why we put them first. We are proud of our learning culture and career architecture framework that encourages ours team to develop both personally and pr…",2026-08-10T20:51:48Z,https://www.adzuna.in/details/5835728863?utm_medium=api&utm_source=f8f3e256,data analyst,2026-08-12T08:33:47.160504+00:00
Data Analyst,Financial Services,India,800000.0,1200000.0,0,"Role Purpose: To support the secured lending business by developing, managing, and optimizing MIS reports, dashboards, and performance trackers. The role will ensure timely and accurate data availability for decision-making across sales, credit, collections, and product teams. Key Responsibilities: MIS Development & Reporting: Prepare daily, weekly, and monthly business MIS reports on disbursements, lead funnel, sourcing performance, TAT, and productivity metrics. Track business KPIs and SLAs a…",2026-08-10T20:51:37Z,https://www.adzuna.in/details/5835728620?utm_medium=api&utm_source=f8f3e256,data analyst,2026-08-12T08:33:47.160504+00:00
Senior Data Engineer,Amgen,"Hyderabad, Telangana",,,0,"Career Category Information Systems Job Description Join Amgen’s Mission of Serving Patients At Amgen, if you feel like you’re part of something bigger, it’s because you are. Our shared mission—to serve patients living with serious illnesses—drives all that we do. Since 1980, we’ve helped pioneer the world of biotech in our fight against the world’s toughest diseases. With our focus on four therapeutic areas –Oncology, Inflammation, General Medicine, and Rare Disease– we reach millions of patie…",2026-08-10T20:50:25Z,https://www.adzuna.in/details/5835726973?utm_medium=api&utm_source=f8f3e256,data analyst,2026-08-12T08:33:47.160504+00:00
Team Member-SUPPORT SERVICES-Credit Industry Research,Kotak Mahindra Bank,"Mumbai, Maharashtra",,,0,"Description Kotak Mahindra Bank looking to hire Team Member-Credit Risk Location: BKC, Mumbai • Credit Risk Analytics and Modelling – Analyse, model, validate and document various measures of Credit Risk for use in Expected Credit Loss and Capital computations.  Hands-on experience in building, implementing, documenting, monitoring, validating, refining models and scorecards – in particular for PD, LGD, EAD and related Credit Risk metrics - using statistical methods and / or expert judgement b…",2026-08-10T20:46:48Z,https://www.adzuna.in/details/5835722222?utm_medium=api&utm_source=f8f3e256,data analyst,2026-08-12T08:33:47.160504+00:00
Specialist IS Bus Sys Analyst,Amgen,"Hyderabad, Telangana",,,0,"Specialist IS Bus Sys Analyst Join Amgen's Mission of Serving Patients At Amgen, if you feel like you're part of something bigger, it's because you are. Our shared mission-to serve patients living with serious illnesses-drives all that we do. Since 1980, we've helped pioneer the world of biotech in our fight against the world's toughest diseases. With our focus on four therapeutic areas -Oncology, Inflammation, General Medicine, and Rare Disease- we reach millions of patients each year. As a me…",2026-08-11T10:59:05Z,https://www.adzuna.in/details/5836398090?utm_medium=api&utm_source=f8f3e256,data analyst,2026-08-12T08:33:47.160504+00:00
Technical Data Engineer,Mouser Electronics,"Bangalore, Karnataka",,,0,"Job Description Performs technical data research, assessment and acquisition using the Internet, Supplier websites, search engines, spreadsheets, and internal databases. Normalizes all collected data into a consistent format that is governed by Tech Data established procedures. Collaborates, coordinates, and manages the classification, collection, implementation, and maintenance of the product technical data using Product Information Management (PIM) system and Data Quality Analyst tools. Plans…",2026-08-09T21:41:54Z,https://www.adzuna.in/details/5834812061?utm_medium=api&utm_source=f8f3e256,data analyst,2026-08-12T08:33:50.100809+00:00
Sales Operations Analyst,Nextpower,"Hyderabad, Telangana",,,0,"Job Description Sales Operations Analyst __________________________________________________________________ At Nextracker, we are leading the energy transition, providing the most comprehensive portfolio of intelligent solar tracker and control software solutions for solar power plants, as well as strategic services to capture the full value of solar power plants for our customers. Our talented worldwide teams are transforming PV plant performance every day with smart technology, data monitorin…",2026-08-10T16:02:25Z,https://www.adzuna.in/details/5835481520?utm_medium=api&utm_source=f8f3e256,data analyst,2026-08-12T08:33:50.100809+00:00
Capacity Planning Engineer,eBay,"Bangalore, Karnataka",,,0,"At eBay, we're more than a global ecommerce leader — we’re changing the way the world shops and sells. Our platform empowers millions of buyers and sellers in more than 190 markets around the world. We’re committed to pushing boundaries and leaving our mark as we reinvent the future of ecommerce for enthusiasts. Our customers are our compass, authenticity thrives, bold ideas are welcome, and everyone can bring their unique selves to work — every day. We're in this together, sustaining the futur…",2026-08-10T16:02:30Z,https://www.adzuna.in/details/5835481808?utm_medium=api&utm_source=f8f3e256,data analyst,2026-08-12T08:33:50.100809+00:00
Senior Data Analyst,Seternity Solutions,"Ajmer, Rajasthan",,,0,"Key Responsibilities Analyze large datasets and generate insights Develop dashboards and automated reports Support business teams with data-driven analysis Improve data processes and reporting structures Review and validate analytical outputs Skills Advanced Excel and data analysis Data visualization tools (Power BI, Tableau) SQL or basic database querying Analytical problem solving Experience Required 2–4 years Education Required Bachelor’s or Master’s degree in Data Analytics, Statistics, Com…",2026-08-10T16:02:30Z,https://www.adzuna.in/details/5835481813?utm_medium=api&utm_source=f8f3e256,data analyst,2026-08-12T08:33:50.100809+00:00
IDMC Master Data Management Analyst,GSK,India,,,0,"Welcome to Haleon. We’re a purpose-driven, world-class consumer company putting everyday health in the hands of millions. In just three years since our launch, we’ve grown, evolved and are now entering an exciting new chapter – one filled with bold ambitions and enormous opportunity. Our trusted portfolio of brands – including Sensodyne®, Panadol®, Advil®, Voltaren®, Theraflu®, Otrivin®, and Centrum® – lead in resilient and growing categories. What sets us apart is our unique blend of deep huma…",2026-08-10T20:43:46Z,https://www.adzuna.in/details/5835718350?utm_medium=api&utm_source=f8f3e256,data analyst,2026-08-12T08:33:50.100809+00:00
"Associate Director, Business Analytics",IN RSM Randstad Enterprise,India,,,0,"Every year, we help hundreds of thousands of people find rewarding jobs in the ever-changing world of work. We understand the importance of a job in peoples lifes and we want to help them find work that feels good. And we’ll help them continue to grow as their needs and ambitions change. At Randstad, our value comes from our people and that is why we put them first. We are proud of our learning culture and career architecture framework that encourages ours team to develop both personally and pr…",2026-08-10T20:38:21Z,https://www.adzuna.in/details/5835713133?utm_medium=api&utm_source=f8f3e256,data analyst,2026-08-12T08:33:50.100809+00:00
Senior Data Engineer,Applied Materials,India,,,0,"Who We Are Applied Materials is a global leader in materials engineering solutions used to produce virtually every new chip and advanced display in the world. We design, build and service cutting-edge equipment that helps our customers manufacture display and semiconductor chips – the brains of devices we use every day. As the foundation of the global electronics industry, Applied enables the exciting technologies that literally connect our world – like AI and IoT. If you want to push the bound…",2026-08-10T20:39:33Z,https://www.adzuna.in/details/5835714134?utm_medium=api&utm_source=f8f3e256,data analyst,2026-08-12T08:33:50.100809+00:00
MDM Data Engineer,Amgen,"Hyderabad, Telangana",,,0,"Career Category Information Systems Job Description Join Amgen’s Mission of Serving Patients At Amgen, if you feel like you’re part of something bigger, it’s because you are. Our shared mission—to serve patients living with serious illnesses—drives all that we do. Since 1980, we’ve helped pioneer the world of biotech in our fight against the world’s toughest diseases. With our focus on four therapeutic areas –Oncology, Inflammation, General Medicine, and Rare Disease– we reach millions of patie…",2026-08-10T20:41:12Z,https://www.adzuna.in/details/5835715660?utm_medium=api&utm_source=f8f3e256,data analyst,2026-08-12T08:33:50.100809+00:00
Data Platform Management,Amgen,"Hyderabad, Telangana",,,0,"Career Category Supply Chain Job Description Join Amgen’s Mission of Serving Patients At Amgen, if you feel like you’re part of something bigger, it’s because you are. Our shared mission—to serve patients living with serious illnesses—drives all that we do. Since 1980, we’ve helped pioneer the world of biotech in our fight against the world’s toughest diseases. With our focus on four therapeutic areas –Oncology, Inflammation, General Medicine, and Rare Disease– we reach millions of patients eac…",2026-08-09T21:02:31Z,https://www.adzuna.in/details/5834781289?utm_medium=api&utm_source=f8f3e256,data analyst,2026-08-12T08:33:50.100809+00:00
Data Engineer-Senior II-9,FedEx,"Chennai, Tamil Nadu",,,0,"Responsible for designing and implementing data pipelines, ensuring data quality and accessibility, creating data models, managing ETL processes, optimizing databases, collaborating with stakeholders, utilizing big data tools, implementing real-time data processing, ensuring data governance and security, documenting data architecture, and delivering data-driven insights. Design and implement data pipelines to collect, process, and store data efficiently. Ensure data quality, integrity, and acce…",2026-08-10T16:03:08Z,https://www.adzuna.in/details/5835483222?utm_medium=api&utm_source=f8f3e256,data analyst,2026-08-12T08:33:50.100809+00:00
"AVP, Business and Customer Analytics",Synchrony,India,,,0,"Job Description: Role Title : AVP, Business and Customer Analytics (L10) Company Overview: Synchrony (NYSE: SYF) is a leading consumer financing company that has been at the heart of American commerce and opportunity for nearly a century. Synchrony delivers credit and banking products that empower tens of millions of consumers to improve their financial lives and access what matters most. Leveraging innovative solutions that are shaping the future of retail commerce, Synchrony supports the grow…",2026-08-09T21:01:55Z,https://www.adzuna.in/details/5834776346?utm_medium=api&utm_source=f8f3e256,data analyst,2026-08-12T08:33:50.100809+00:00
Content Analyst - French Language,London Stock Exchange Group,India,,,0,Entity Content maintains a central database that connects and unlocks the true value of our content across our products and internal services. We are the starting point for all organization information. The data we provide helps our customers run their business successfully and in accordance with the law and regulations of the markets they operate in. We provide Entity data and Qualified financial content as services to the industry. Roles & Responsibilities Process and maintain data accurately…,2026-08-09T20:58:05Z,https://www.adzuna.in/details/5834762970?utm_medium=api&utm_source=f8f3e256,data analyst,2026-08-12T08:33:50.100809+00:00
Data Engineer,EXL,India,,,0,"Description Associate Business Analysts support business analysis activities and assist in developing business requirements. Responsibilities include gathering and documenting requirements, analyzing business processes, and supporting project teams. You will work with senior analysts to learn about business analysis best practices and develop your skills. Basic knowledge of business analysis and strong analytical skills are required. Responsibilities Assist in analyzing business processes, Supp…",2026-08-09T21:00:51Z,https://www.adzuna.in/details/5834766930?utm_medium=api&utm_source=f8f3e256,data analyst,2026-08-12T08:33:50.100809+00:00
Sr. Consultant - Data Engineering,Delphi Consulting,"Delhi, India",,,0,"Join Delphi - Where Innovation meets transformation At Delphi, we believe in creating an environment where our people thrive. Our hybrid work model empowers you to choose where you work—whether it's from the office, your home, or a mix of both—so you can prioritize what matters most. We are committed to supporting your personal goals, family, and overall well-being while driving transformative results for our clients. We welcome exceptional talent from anywhere across the globe. Interviews and …",2026-08-09T20:54:33Z,https://www.adzuna.in/details/5834759682?utm_medium=api&utm_source=f8f3e256,data analyst,2026-08-12T08:33:50.100809+00:00
"Senior Manager, Decision Science",2028 Takeda Innovations India,India,,,0,"By clicking the “Apply” button, I understand that my employment application process with Takeda will commence and that the information I provide in my application will be processed in line with Takeda’s Privacy Notice and Terms of Use . I further attest that all information I submit in my employment application is true to the best of my knowledge. Job Description The Future Begins Here At Takeda, we are leading digital evolution and global transformation. By building innovative solutions and fu…",2026-08-09T20:55:11Z,https://www.adzuna.in/details/5834760262?utm_medium=api&utm_source=f8f3e256,data analyst,2026-08-12T08:33:50.100809+00:00
"Assoc Dir, Machine Learning",IQVIA,"Bangalore, Karnataka",,,0,"JOB DESCRIPTION ROLE – Engagement Lead | Associate Director, IT RESPONSIBILITIES Delivery accountability and implementation ownership of IQVIA’s AI ML based initiatives end to end. Establish a strong understanding of product strategy and roadmap in working with Product management lead and contribute to roadmap from technology enable capabilities standpoint Responsible for providing technology leadership to engineering team to ensure product gets built based on defined specifications and industr…",2026-08-09T20:56:46Z,https://www.adzuna.in/details/5834761674?utm_medium=api&utm_source=f8f3e256,data analyst,2026-08-12T08:33:50.100809+00:00
Associate Director - Industry Advisory 3,genpact,India,,,0,"Associate Director- Industry Advisory Ready to turn bold ideas into real-world impact? At Genpact, we don’t just adapt to change, we lead it. AI and digital innovation are transforming the way businesses work, and we’re at the forefront of it. Genpact’s AI Gigafactory , our industry-first accelerator, exemplifies how we scale advanced technology solutions to help global enterprises work smarter, grow faster, and transform at scale. Whether tackling complex challenges through large-scale models …",2026-08-09T20:57:47Z,https://www.adzuna.in/details/5834762683?utm_medium=api&utm_source=f8f3e256,data analyst,2026-08-12T08:33:50.100809+00:00
"Apprentice, Talent Acquisition & People Experience",Autodesk,India,,,0,"Job Requisition ID  23WD73769 Note: Please add the job role you're looking for from the profile below to the top of your CV/Resume while applying online. Job Title: Apprentice, Talent Acquisition & People Experience Job Location: Bengaluru & Pune Position Overview We are looking for motivated individuals for multiple roles in our People and Places (PPL) division which includes Talent Attraction Coordinator, Early Career Program Coordinator, PPL Advisor, and People Insight Analyst . Talent Attra…",2026-08-09T20:54:19Z,https://www.adzuna.in/details/5834759412?utm_medium=api&utm_source=f8f3e256,data analyst,2026-08-12T08:33:50.100809+00:00
"(Ind) Senior, Software Engineer",WM Global Technology Services India,India,,,0,"Position Summary We are looking for self driven Fullstack engineers with 6 years of experience, to join our growing team. They will play a crucial role in developing responsive, interactive and dynamic end user facing apps while following the best practices. They must be able to prioritise projects, make sound judgments, work to improve the processes, and get the right things done. What you'll do About The Team Join a team dedicated to developing the next-generation marketing agentic portal pow…",2026-08-09T20:59:12Z,https://www.adzuna.in/details/5834764185?utm_medium=api&utm_source=f8f3e256,data analyst,2026-08-12T08:33:50.100809+00:00
Senior IBM DataStage Developer,UPS,India,,,0,"Before you apply to a job, select your language preference from the options available at the top right of this page. Explore your next opportunity at a Fortune Global 500 organization. Envision innovative possibilities, experience our rewarding culture, and work with talented teams that help you become better every day. We know what it takes to lead UPS into tomorrow—people with a unique combination of skill  passion. If you have the qualities and drive to lead yourself or teams, there are role…",2026-08-09T20:59:15Z,https://www.adzuna.in/details/5834764233?utm_medium=api&utm_source=f8f3e256,data analyst,2026-08-12T08:33:50.100809+00:00
"Principal Specialist, Digital Marketing",IN RSM Randstad Enterprise,India,,,0,"Every year, we help hundreds of thousands of people find rewarding jobs in the ever-changing world of work. We understand the importance of a job in peoples lifes and we want to help them find work that feels good. And we’ll help them continue to grow as their needs and ambitions change. At Randstad, our value comes from our people and that is why we put them first. We are proud of our learning culture and career architecture framework that encourages ours team to develop both personally and pr…",2026-08-09T20:59:57Z,https://www.adzuna.in/details/5834764994?utm_medium=api&utm_source=f8f3e256,data analyst,2026-08-12T08:33:50.100809+00:00
"Associate Director, Technical Consultant - Data Engineering - DRACOE",MSD,India,,,0,"Job Description The Opportunity Based in Hyderabad, join a global healthcare biopharma company and be part of a 130- year legacy of success backed by ethical integrity, forward momentum, and an inspiring mission to achieve new milestones in global healthcare. Be part of an organisation driven by digital technology and data-backed approaches that support a diversified portfolio of prescription medicines, vaccines, and animal health products. Drive innovation and execution excellence. Be a part o…",2026-08-09T21:00:42Z,https://www.adzuna.in/details/5834765650?utm_medium=api&utm_source=f8f3e256,data analyst,2026-08-12T08:33:50.100809+00:00
Alpha Data Operations - Assistant Vice President,State Street,"Hyderabad, Telangana",,,0,"Job Description Summary State Street’s Alpha Operations team is looking for an analyst in Alpha Data Operations team in India. Alpha Data Operations is the Global Data Management team supporting global clients within investment industry for daily support in the Production and CUAT environment. Job Description Who we are looking for The person will report locally to Head of Alpha Data Operations, India. This AVP will have joint responsibility for the strategic growth of the Alpha Data Operations…",2026-08-09T20:53:45Z,https://www.adzuna.in/details/5834758855?utm_medium=api&utm_source=f8f3e256,data analyst,2026-08-12T08:33:50.100809+00:00
Assistant Manager,BSR & Co,"Gurgaon, Haryana",,,0,"Description We are recruiting for a Senior Product Developer in the Quality and Risk Management team, Responsibilities Development: • Product & Application Development: Co-lead the technical execution of our product roadmap, translating concepts from Lovable.ai and other design prototypes into functional, high-performance web applications using Vue.js and React. • Backend Engineering: Co-lead the development of backend APIs and server-side logic to handle data processing, business rules, and in…",2026-08-09T20:53:19Z,https://www.adzuna.in/details/5834758437?utm_medium=api&utm_source=f8f3e256,data analyst,2026-08-12T08:33:50.100809+00:00
Lead Data Management Analyst,Wells Fargo Bank,India,,,0,"About this role: Wells Fargo is seeking a Lead Data Management Analyst In this role, you will: Organize and lead complex companywide initiatives to ensure that data quality is maintained so that data can effectively support business processes Oversee analysis and reporting in support of regulatory requirements Identify and recommend analysis of data quality or integrity issues Evaluate data quality metrics and data quality audits to benchmark the state of data quality Make decisions in complex …",2026-08-09T21:01:30Z,https://www.adzuna.in/details/5834772544?utm_medium=api&utm_source=f8f3e256,data analyst,2026-08-12T08:33:50.100809+00:00
Data Quality and Governance Analyst 1,JLL,India,,,0,"JLL empowers you to shape a brighter way . Our people at JLL are shaping the future of real estate for a better world by combining world class services, advisory and technology for our clients. We are committed to hiring the best, most talented people and empowering them to thrive, grow meaningful careers and to find a place where they belong. Whether you’ve got deep experience in commercial real estate, skilled trades or technology, or you’re looking to apply your relevant experience to a new …",2026-08-09T20:44:25Z,https://www.adzuna.in/details/5834746165?utm_medium=api&utm_source=f8f3e256,data analyst,2026-08-12T08:33:50.100809+00:00
"Sr Engineer, Reporting",GCC India,"Hyderabad, Telangana",,,0,"What if you could build a career where ambition meets innovation? At LPL’s Global Capability Center , you'll find a collaborative culture where your voice matters, integrity guides every decision, and technology fuels progress. Your skills, talents, and ideas will redefine what's possible. LPL's success reflects its exceptional employees, who together pursue one noble purpose: empowering financial advisors to deliver personalized advice for all who need it. We’re proud to be expanding and reach…",2026-08-09T20:48:54Z,https://www.adzuna.in/details/5834753936?utm_medium=api&utm_source=f8f3e256,data analyst,2026-08-12T08:33:50.100809+00:00
Custom Applications Development Engineer - Associate Consultant- MFT - KGS CH,BSR & Co,"Gurgaon, Haryana",,,0,"Description Group Digital Role Job Title Country Custom Development Engineer - Grade E Service Line Group Group Digital KPMG Overview Cloud Engineering within Group Digital provides build and run capabilities for enterprise cloud platforms. This includes platform automation, DevOps tooling, CI/CD enablement, security baseline implementation, and operational support across Azure, AWS, and Google Cloud. In addition to platform engineering capabilities, the team maintains a number of internally de…",2026-08-09T20:49:51Z,https://www.adzuna.in/details/5834755132?utm_medium=api&utm_source=f8f3e256,data analyst,2026-08-12T08:33:50.100809+00:00
Lead Data Analyst,U.S. Bank,"Chennai, Tamil Nadu",,,0,"At U.S. Bancorp India, we’re on a journey to do our best. We believe it takes all of us to bring our shared ambition to life, and each person is unique in their potential. A career with U.S. Bancorp India gives you a wide, ever-growing range of opportunities to discover what makes you thrive at every stage of your career. Try new things, learn new skills and discover what you excel at—all from Day One. Job Description Role Description: The Independent Risk Review and Assessment (IRRA) organizat…",2026-08-09T20:49:53Z,https://www.adzuna.in/details/5834755158?utm_medium=api&utm_source=f8f3e256,data analyst,2026-08-12T08:33:50.100809+00:00
Technical Support Engineer (Bengaluru),Wisdom AI,"Bangalore, Karnataka",,,0,"We are WisdomAI. We exist to help people unlock clarity from complexity. WisdomAI builds AI-powered analytics that put answers directly in the hands of the people closest to the business. Our platform doesn’t just surface insights — it explains the why behind them, helping teams move from data to decisions with speed, confidence, and context. We’re trusted by companies like Cisco, Patreon, and Rubrik — and we’re just getting started.The problems here are hard, and the expectations are high. Our…",2026-08-09T20:50:14Z,https://www.adzuna.in/details/5834755487?utm_medium=api&utm_source=f8f3e256,data analyst,2026-08-12T08:33:50.100809+00:00
Staff Database Platform Engineer,Procore Technologies Construction,India,,,0,"Staff Database Platform Engineer We’re looking for a Staff Database Platform Engineer to join Procore’s Database Reliability Engineering team . In this role, you’ll help build Procore’s next-generation construction data platform used by developers, analysts, partners, and customers. You’ll partner with engineers and product managers across Product & Technology to develop capabilities for storing, managing, and accessing data for both transactional and analytical applications. To succeed, you’re…",2026-08-09T20:50:25Z,https://www.adzuna.in/details/5834755697?utm_medium=api&utm_source=f8f3e256,data analyst,2026-08-12T08:33:50.100809+00:00
Financial Data Migration Developer,Jobgether,India,,,0,"This position is listed on behalf of a partner company, who manages all applications and next steps. Our partner is looking for a Financial Data Migration Developer based in India. This role focuses on supporting complex financial data migration initiatives by ensuring data accuracy, integrity, and successful transformation across business systems. The position combines technical expertise in SQL and data management with a strong understanding of financial processes and enterprise applications.…",2026-08-09T20:53:01Z,https://www.adzuna.in/details/5834758180?utm_medium=api&utm_source=f8f3e256,data analyst,2026-08-12T08:33:50.100809+00:00
"Analyst, Data Interchange and Development",Magna International,India,,,0,"Job descriptions may display in multiple languages based on your language selection. What we offer: At Magna, you can expect an engaging and dynamic environment where you can help to develop industry-leading automotive technologies. We invest in our employees, providing them with the support and resources they need to succeed. As a member of our global team, you can expect exciting, varied responsibilities as well as a wide range of development prospects. Because we believe that your career pat…",2026-08-09T20:50:57Z,https://www.adzuna.in/details/5834756260?utm_medium=api&utm_source=f8f3e256,data analyst,2026-08-12T08:33:50.100809+00:00
"Applications Developer – Data Analyst, Data Science, Python, GCP, ML",UPS,India,,,0,"Before you apply to a job, select your language preference from the options available at the top right of this page. Explore your next opportunity at a Fortune Global 500 organization. Envision innovative possibilities, experience our rewarding culture, and work with talented teams that help you become better every day. We know what it takes to lead UPS into tomorrow—people with a unique combination of skill  passion. If you have the qualities and drive to lead yourself or teams, there are role…",2026-08-09T20:51:09Z,https://www.adzuna.in/details/5834756392?utm_medium=api&utm_source=f8f3e256,data analyst,2026-08-12T08:33:50.100809+00:00
Data Steward,Amgen,"Hyderabad, Telangana",,,0,"Career Category Information Systems Job Description ABOUT AMGEN Amgen harnesses the best of biology and technology to fight the world’s toughest diseases, and make people’s lives easier, fuller and longer. We discover, develop, manufacture and deliver innovative medicines to help millions of patients. Amgen helped establish the biotechnology industry more than 40 years ago and remains on the cutting-edge of innovation, using technology and human genetic data to push beyond what’s known today. A…",2026-08-09T20:52:42Z,https://www.adzuna.in/details/5834757869?utm_medium=api&utm_source=f8f3e256,data analyst,2026-08-12T08:33:50.100809+00:00
"Engineering Manager, Identification Accuracy",Jobgether,India,,,0,"This position is listed on behalf of a partner company, who manages all applications and next steps. Our partner is looking for an Engineering Manager, Identification Accuracy based in India. This role offers the opportunity to lead a multidisciplinary team working at the forefront of machine learning, fraud prevention, and digital identity technology. You will guide engineers, data scientists, analysts, and technical contributors in building and improving production ML systems that impact mill…",2026-08-09T20:49:49Z,https://www.adzuna.in/details/5834755097?utm_medium=api&utm_source=f8f3e256,data analyst,2026-08-12T08:33:50.100809+00:00
Logistics Data Analyst,Circle K Stores,India,,,0,"Job Description Alimentation Couche-Tard Inc., (ACT) is a global Fortune 200 company. A leader in the convenience store and fuel space, ACT’s retail network includes ~16,700 convenience stores, and has footprint across 31countries and territories primarily under the Circle K brand. Circle K India Fuels & Logistics team is an integral part of ACT’s Global Fuels & Logistics Team, and the Logistics Data Analyst will be a key player on this team supporting with logistics financial and performance a…",2026-08-09T20:50:35Z,https://www.adzuna.in/details/5834755860?utm_medium=api&utm_source=f8f3e256,data analyst,2026-08-12T08:33:50.100809+00:00
Analyst-Data Analytics,American Express,India,,,0,"Description In U.S. Consumer Services (USCS), our product is Membership—delivering benefits and services that are essential to our Card Members across travel, dining, entertainment, and retail. We compete by providing a differentiated Membership experience that drives loyalty and long-term growth. USCS brings this to life through our premium, cobrand, cash back, and lending portfolios, Membership Rewards, Travel & Lifestyle Services, the Centurion Lounge network, Global Dining, U.S. Consumer Ba…",2026-08-09T20:49:31Z,https://www.adzuna.in/details/5834754790?utm_medium=api&utm_source=f8f3e256,data analyst,2026-08-12T08:33:50.100809+00:00
AI Research Trainees – deep-tech research startups (IIT-alumni startup incubator),The Search House,"Noida, Ghaziabad",,,0,"Role Overview Reporting to the Research Training Coordinator (Professor) Preferred Age Group: Fresh Engineering graduates and Data Scientists, Data Analysts / recent passouts As a Research Trainee, you will work closely with senior scientists on active AI research projects, while also receiving structured exposure to the broader startup and research ecosystem. Core Research Work Hands-on AI/ML research under senior scientist mentorship Perspective Training In addition to core research work, tra…",2026-08-09T20:53:11Z,https://www.adzuna.in/details/5834758305?utm_medium=api&utm_source=f8f3e256,data analyst,2026-08-12T08:33:50.100809+00:00
"Senior Analyst, Master Data Management (MDM)",Novartis,India,,,0,"Band Level 3 Job Description Summary Location – Hyderabad LI Hybrid The Senior Analyst, Master Data Management (MDM) will provide MDM support to Novartis internal stakeholders (CPOs & Regional marketing and sales teams) on various data management capabilities. The Senior Analyst, MDM will support and facilitate data enabled decision making for Novartis internal customers by providing and communicating qualitative and quantitative analytics. Support GCC business growth by participating in site l…",2026-08-09T20:48:49Z,https://www.adzuna.in/details/5834753744?utm_medium=api&utm_source=f8f3e256,data analyst,2026-08-12T08:33:50.100809+00:00
Senior Data Engineer,Amgen,"Hyderabad, Telangana",,,0,"Career Category Information Systems Job Description ABOUT AMGEN Amgen harnesses the best of biology and technology to fight the world’s toughest diseases, and make people’s lives easier, fuller and longer. We discover, develop, manufacture and deliver innovative medicines to help millions of patients. Amgen helped establish the biotechnology industry more than 40 years ago and remains on the cutting-edge of innovation, using technology and human genetic data to push beyond what’s known today. W…",2026-08-09T20:45:37Z,https://www.adzuna.in/details/5834747634?utm_medium=api&utm_source=f8f3e256,data analyst,2026-08-12T08:33:50.100809+00:00
Senior Data Engineer,Amgen,"Hyderabad, Telangana",,,0,"Career Category Information Systems Job Description ABOUT AMGEN Amgen harnesses the best of biology and technology to fight the world’s toughest diseases, and make people’s lives easier, fuller and longer. We discover, develop, manufacture and deliver innovative medicines to help millions of patients. Amgen helped establish the biotechnology industry more than 40 years ago and remains on the cutting-edge of innovation, using technology and human genetic data to push beyond what’s known today. A…",2026-08-09T20:45:59Z,https://www.adzuna.in/details/5834748724?utm_medium=api&utm_source=f8f3e256,data analyst,2026-08-12T08:33:50.100809+00:00
"Finance Analyst, IN Stores Finance",Amazon,India,,,0,"Amazon strives to be Earth's most customer-centric company where people can find and discover virtually anything they want to buy online. By giving customers more of what they want - low prices, vast selection, and convenience - Amazon continues to grow and evolve as a world-class e-commerce platform. Amazon seeks a Financial Analyst to lead function specific finance activity. The person would play a key role in driving the function agenda and would work as copilot in delivering the business re…",2026-08-09T20:46:13Z,https://www.adzuna.in/details/5834749045?utm_medium=api&utm_source=f8f3e256,data analyst,2026-08-12T08:33:50.100809+00:00
Salesforce Data & Reporting Analyst,Cushman & Wakefield,"Bangalore, Karnataka",,,0,"Job Title Salesforce Data & Reporting Analyst Job Description Summary The Salesforce Data & Reporting Lead will operate within the Global Enterprise Delivery & CRM team. This role is responsible for the end-to-end delivery of Salesforce data, reporting, and analytics across the EMEA region, ensuring business and project requirements are met in line with global standards. The role will work closely with the Product Owners, Data & Analytics teams and regional business stakeholders to ensure the o…",2026-08-09T20:46:36Z,https://www.adzuna.in/details/5834749597?utm_medium=api&utm_source=f8f3e256,data analyst,2026-08-12T08:33:50.100809+00:00
"Associate Data Analyst – Looker, PowerBI, DAX, SQL, Python, R, SSAS, C#, .NET, GCP",UPS,India,,,0,"Before you apply to a job, select your language preference from the options available at the top right of this page. Explore your next opportunity at a Fortune Global 500 organization. Envision innovative possibilities, experience our rewarding culture, and work with talented teams that help you become better every day. We know what it takes to lead UPS into tomorrow—people with a unique combination of skill  passion. If you have the qualities and drive to lead yourself or teams, there are role…",2026-08-09T20:53:05Z,https://www.adzuna.in/details/5834758220?utm_medium=api&utm_source=f8f3e256,data analyst,2026-08-12T08:33:50.100809+00:00
Senior Data Analyst,Valeo,India,,,0,"Valeo is a tech global company, designing breakthrough solutions to reinvent the mobility. We are an automotive supplier partner to automakers and new mobility actors worldwide. Our vision? Invent a greener and more secured mobility, thanks to solutions focusing on intuitive driving and reducing CO2 emissions. We are leader on our businesses, and recognized as one of the largest global innovative companies. Mission ● Responsible for leveraging data-driven insights to inform strategic decision-m…",2026-08-09T20:47:54Z,https://www.adzuna.in/details/5834751705?utm_medium=api&utm_source=f8f3e256,data analyst,2026-08-12T08:33:50.100809+00:00
"Engineering Manager, Data Platform & ML Ops",Jobgether,India,,,0,"This position is listed on behalf of a partner company, who manages all applications and next steps. Our partner is looking for an Engineering Manager, Data Platform & ML Ops based in India. This role offers the opportunity to lead a high-performing engineering team building the foundation for advanced data and machine learning capabilities. You will oversee critical platforms that power analytics, intelligent products, and scalable ML operations. The position combines technical leadership, peo…",2026-08-09T20:47:54Z,https://www.adzuna.in/details/5834751721?utm_medium=api&utm_source=f8f3e256,data analyst,2026-08-12T08:33:50.100809+00:00
Senior Data Analyst,Priceline,"Mumbai, Maharashtra",,,0,"This role is eligible for our hybrid work model: Two days in-office. We’re a data-driven organization, which makes our Analytics and Data Science teams the brains of our operation. On the cutting edge of customer and business analytics, they make sure all our decisions and innovations are based on the latest insights. Why this job’s a big deal: As a Senior Data Analyst within our Finance team, you will lead high-profile, strategic initiatives. Collaborating closely with stakeholders across dive…",2026-08-09T20:48:22Z,https://www.adzuna.in/details/5834752688?utm_medium=api&utm_source=f8f3e256,data analyst,2026-08-12T08:33:50.100809+00:00
Data Analyst Intern,Portcast,India,,,0,"Portcast is a venture-backed, Singapore-based logistics technology startup building a real-time transportation visibility platform for global supply chains. We help shippers, manufacturers, and logistics service providers turn data into decisions and decisions into measurable business impact. Our platform goes beyond visibility. Portcast enables action at scale by surfacing the right risks early, helping teams prevent detention and demurrage, accelerate exception management, and close invoices …",2026-08-09T20:48:38Z,https://www.adzuna.in/details/5834753332?utm_medium=api&utm_source=f8f3e256,data analyst,2026-08-12T08:33:50.100809+00:00
"Data Engineer - GCP, SQL,BiqQuery, Dataflow, Pub/Sub, Logging, IAM",UPS,India,,,0,"Before you apply to a job, select your language preference from the options available at the top right of this page. Explore your next opportunity at a Fortune Global 500 organization. Envision innovative possibilities, experience our rewarding culture, and work with talented teams that help you become better every day. We know what it takes to lead UPS into tomorrow—people with a unique combination of skill  passion. If you have the qualities and drive to lead yourself or teams, there are role…",2026-08-09T20:47:10Z,https://www.adzuna.in/details/5834750537?utm_medium=api&utm_source=f8f3e256,data analyst,2026-08-12T08:33:50.100809+00:00
"Sr. Analyst, Data Science- Support",Kenvue,India,,,0,"Kenvue is currently recruiting for a: Sr. Analyst, Data Science- Support What we do At Kenvue , we realize the extraordinary power of everyday care. Built on over a century of heritage and rooted in science, we’re the house of iconic brands - including NEUTROGENA®, AVEENO®, TYLENOL®, LISTERINE®, JOHNSON’S® and BAND-AID® that you already know and love. Science is our passion; care is our talent. Who We Are Our global team is ~ 22,000 brilliant people with a workplace culture where every voice ma…",2026-08-09T20:38:15Z,https://www.adzuna.in/details/5834741750?utm_medium=api&utm_source=f8f3e256,data analyst,2026-08-12T08:33:53.142457+00:00
Software Engineer - Data Engineering,"Caterpillar, Inc.","Chennai, Tamil Nadu",,,0,"Career Area: Technology, Digital and Data Job Description: Your Work Shapes the World at Caterpillar Inc. When you join Caterpillar, you're joining a global team who cares not just about the work we do - but also about each other. We are the makers, problem solvers, and future world builders who are creating stronger, more sustainable communities. We don't just talk about progress and innovation here - we make it happen, with our customers, where we work and live. Together, we are building a be…",2026-08-09T11:04:42Z,https://www.adzuna.in/details/5834365335?utm_medium=api&utm_source=f8f3e256,data analyst,2026-08-12T08:33:53.142457+00:00
Software Engineer - Data Engineering,"Caterpillar, Inc.","Chennai, Tamil Nadu",,,0,"Career Area: Technology, Digital and Data Job Description: Your Work Shapes the World at Caterpillar Inc. When you join Caterpillar, you're joining a global team who cares not just about the work we do - but also about each other. We are the makers, problem solvers, and future world builders who are creating stronger, more sustainable communities. We don't just talk about progress and innovation here - we make it happen, with our customers, where we work and live. Together, we are building a be…",2026-08-09T11:04:42Z,https://www.adzuna.in/details/5834365336?utm_medium=api&utm_source=f8f3e256,data analyst,2026-08-12T08:33:53.142457+00:00
Alpha Data Operations - Assistant Vice President,State Street,"Bangalore, Karnataka",,,0,"Job Description Summary State Street’s Alpha Operations team is looking for an analyst in Alpha Data Operations team in India. Alpha Data Operations is the Global Data Management team supporting global clients within investment industry for daily support in the Production and CUAT environment. Job Description Who we are looking for The person will report locally to Head of Alpha Data Operations, India. This AVP will have joint responsibility for the strategic growth of the Alpha Data Operations…",2026-08-09T20:44:24Z,https://www.adzuna.in/details/5834746151?utm_medium=api&utm_source=f8f3e256,data analyst,2026-08-12T08:33:53.142457+00:00
Senior Analyst- Data Loss Prevention,Mitsubishi UFJ Financial Group,India,,,0,"Do you want your voice heard and your actions to count? Discover your opportunity with Mitsubishi UFJ Financial Group (MUFG), one of the world’s leading financial groups. Across the globe, we’re 150,000 colleagues, striving to make a difference for every client, organization, and community we serve. We stand for our values, building long-term relationships, serving society, and fostering shared and sustainable growth for a better world. With a vision to be the world’s most trusted financial gro…",2026-08-09T20:43:46Z,https://www.adzuna.in/details/5834745661?utm_medium=api&utm_source=f8f3e256,data analyst,2026-08-12T08:33:53.142457+00:00
Master Data Management Software Engineer,Amgen,"Hyderabad, Telangana",,,0,"Career Category Information Systems Job Description Join Amgen’s Mission of Serving Patients At Amgen, if you feel like you’re part of something bigger, it’s because you are. Our shared mission—to serve patients living with serious illnesses—drives all that we do. Since 1980, we’ve helped pioneer the world of biotech in our fight against the world’s toughest diseases. With our focus on four therapeutic areas –Oncology, Inflammation, General Medicine, and Rare Disease– we reach millions of patie…",2026-08-09T20:42:54Z,https://www.adzuna.in/details/5834745153?utm_medium=api&utm_source=f8f3e256,data analyst,2026-08-12T08:33:53.142457+00:00
Data Governance Analyst (Data Specialist),Caterpillar,"Bangalore, Karnataka",,,0,"Career Area: Technology, Digital and Data Job Description: Your Work Shapes the World at Caterpillar Inc. When you join Caterpillar, you're joining a global team who cares not just about the work we do – but also about each other. We are the makers, problem solvers, and future world builders who are creating stronger, more sustainable communities. We don't just talk about progress and innovation here – we make it happen, with our customers, where we work and live. Together, we are building a be…",2026-08-09T20:41:42Z,https://www.adzuna.in/details/5834744357?utm_medium=api&utm_source=f8f3e256,data analyst,2026-08-12T08:33:53.142457+00:00
Manager,Guidehouse,India,,,0,"Job Family : EBO Management Information System (India) Travel Required : Up to 25% Clearance Required : None What You Will Do : Define and manage program roadmaps, milestones, inter‑project dependencies, and critical path activities. Coordinate execution across multiple projects and workstreams to ensure cohesive delivery. Monitor program progress and ensure delivery against scope, schedule, budget, and quality targets. Track and manage resource plans across projects to ensure optimal utilizati…",2026-08-09T20:41:13Z,https://www.adzuna.in/details/5834744028?utm_medium=api&utm_source=f8f3e256,data analyst,2026-08-12T08:33:53.142457+00:00
Senior Clinical Python Programmer,IRE,"Bangalore, Karnataka",,,0,"Lead Clinical Data Science Programmer, Bangalore, India ICON is a global healthcare intelligence and clinical research organisation united by a mission to bring new medicines and treatments to patients faster. As a values-driven organisation, integrity, collaboration, agility, and inclusion are at the heart of how we work and interact with each other, customers, patients and suppliers. Senior Clinical Python Programmer /Clinical Python Programmer We are currently seeking a Clinical Python Devel…",2026-08-09T20:38:56Z,https://www.adzuna.in/details/5834742447?utm_medium=api&utm_source=f8f3e256,data analyst,2026-08-12T08:33:53.142457+00:00
Master Data Management Data Architect,Amgen,"Hyderabad, Telangana",,,0,"Career Category Information Systems Job Description Join Amgen’s Mission of Serving Patients At Amgen, if you feel like you’re part of something bigger, it’s because you are. Our shared mission—to serve patients living with serious illnesses—drives all that we do. Since 1980, we’ve helped pioneer the world of biotech in our fight against the world’s toughest diseases. With our focus on four therapeutic areas –Oncology, Inflammation, General Medicine, and Rare Disease– we reach millions of patie…",2026-08-09T20:38:26Z,https://www.adzuna.in/details/5834741933?utm_medium=api&utm_source=f8f3e256,data analyst,2026-08-12T08:33:53.142457+00:00
Manager - Data Governance/Data Platform,American Express,India,,,0,"Description In U.S. Consumer Services (USCS), our product is Membership - delivering benefits and services that are essential to our Card Members across travel, dining, entertainment, and retail. We compete by providing a differentiated Membership experience that drives loyalty and long-term growth. USCS brings this to life through our premium, cobrand, cash back, and lending portfolios, Membership Rewards, Travel & Lifestyle Services, the Centurion Lounge network, Global Dining, U.S. Consumer …",2026-08-09T20:38:12Z,https://www.adzuna.in/details/5834741684?utm_medium=api&utm_source=f8f3e256,data analyst,2026-08-12T08:33:53.142457+00:00
Business Systems Analyst,Commvault,"Bangalore, Karnataka",,,0,"Recruitment Fraud Alert We've learned that scammers are impersonating Commvault team members-including HR and leadership-via email or text. These bad actors may conduct fake interviews and ask for personal information, such as your social security number. What to know:  Commvault does _not_ conduct interviews by email or text.  We will never ask you to submit sensitive documents (including banking information, SSN, etc) before your first day. If you suspect a recruiting scam, please contact us …",2026-08-09T11:07:14Z,https://www.adzuna.in/details/5834376558?utm_medium=api&utm_source=f8f3e256,data analyst,2026-08-12T08:33:53.142457+00:00
Data Engineering Professional II,2028 Takeda Innovations India,India,,,0,"By clicking the “Apply” button, I understand that my employment application process with Takeda will commence and that the information I provide in my application will be processed in line with Takeda’s Privacy Notice and Terms of Use . I further attest that all information I submit in my employment application is true to the best of my knowledge. Job Description The Future Begins Here At Takeda, we are leading digital evolution and global transformation. By building innovative solutions and fu…",2026-08-09T20:40:45Z,https://www.adzuna.in/details/5834743704?utm_medium=api&utm_source=f8f3e256,data analyst,2026-08-12T08:33:53.142457+00:00
Create a Job Alert,TRG Screen India,"Bangalore, Karnataka",,,0,"Join TRG Screen: Building World-Class Teams. One Expert at a Time. Are you ready to be part of a dynamic team at the forefront of subscription spend management innovation? At TRG Screen, we're not just redefining how organizations manage their subscription expenses – we're shaping the future of the industry. With cutting-edge solutions and a commitment to excellence, we empower businesses around the globe to optimize their subscription investments and drive sustainable growth. Join us in our mi…",2026-08-09T16:00:51Z,https://www.adzuna.in/details/5834562094?utm_medium=api&utm_source=f8f3e256,data analyst,2026-08-12T08:33:53.142457+00:00
Adobe Solutions Director,genpact,"Bangalore, Karnataka",,,0,"Description The Adobe Solutions Director is the strategic leader and subject matter expert for Adobe Experience Cloud solutions at Rightpoint. You will craft innovative, multi-solution proposals that demonstrate how Adobe’s platform and AI capabilities can drive transformative business outcomes for our clients. You’ll align Adobe solutions with client needs in Marketing, Digital Commerce, and Customer Experience, accelerating content supply chains, personalizing customer journeys, and deliverin…",2026-08-09T20:37:45Z,https://www.adzuna.in/details/5834741219?utm_medium=api&utm_source=f8f3e256,data analyst,2026-08-12T08:33:53.142457+00:00
Software Engineer - Data Engineering,"Caterpillar, Inc.","Bangalore, Karnataka",,,0,"Career Area: Technology, Digital and Data Job Description: Your Work Shapes the World at Caterpillar Inc. When you join Caterpillar, you're joining a global team who cares not just about the work we do - but also about each other. We are the makers, problem solvers, and future world builders who are creating stronger, more sustainable communities. We don't just talk about progress and innovation here - we make it happen, with our customers, where we work and live. Together, we are building a be…",2026-08-09T11:04:42Z,https://www.adzuna.in/details/5834365371?utm_medium=api&utm_source=f8f3e256,data analyst,2026-08-12T08:33:53.142457+00:00
"Consultant, Data Analytics & Reporting - Ag & Trading",Cargill,"Bangalore, Karnataka",,,0,"Job Purpose and Impact The Consultant, Data & Analytics Reporting job is responsible for collecting, processing, and analyzing moderately complex datasets to generate actionable insights and builds detailed reports and dashboards using specifics tools. With limited supervision, this job collaborates with cross functional teams to ensure data accuracy and integrity performing data and statistical analysis using various programming languages. This job supports the effective presentation of data f…",2026-08-09T11:10:26Z,https://www.adzuna.in/details/5834390399?utm_medium=api&utm_source=f8f3e256,data analyst,2026-08-12T08:33:53.142457+00:00
Business Intelligence Analyst,Cummins Inc.,"Pune, Maharashtra",,,0,"The Business Intelligence Analyst is responsible for preparing business intelligence analyses, dashboards, and reports that enable data-driven decision-making across the organization. This role gathers reporting requirements, extracts and analyzes data from multiple sources, ensures data quality, and delivers timely insights to stakeholders. The Business Intelligence Analyst collaborates with cross-functional teams to understand business needs, develop standardized reporting solutions, and cont…",2026-08-09T11:07:24Z,https://www.adzuna.in/details/5834377183?utm_medium=api&utm_source=f8f3e256,data analyst,2026-08-12T08:33:53.142457+00:00
Sustainability Data & Energy Analyst,SanDisk,"Bangalore, Karnataka",,,0,"Company Description Sandisk understands how people and businesses consume data and we relentlessly innovate to deliver solutions that enable today's needs and tomorrow's next big ideas. With a rich history of groundbreaking innovations in Flash and advanced memory technologies, our solutions have become the beating heart of the digital world we're living in and that we have the power to shape. Sandisk meets people and businesses at the intersection of their aspirations and the moment, enabling …",2026-08-09T11:10:01Z,https://www.adzuna.in/details/5834388743?utm_medium=api&utm_source=f8f3e256,data analyst,2026-08-12T08:33:53.142457+00:00
Software Engineer - Data Engineering,"Caterpillar, Inc.","Bangalore, Karnataka",,,0,"Career Area: Technology, Digital and Data Job Description: Your Work Shapes the World at Caterpillar Inc. When you join Caterpillar, you're joining a global team who cares not just about the work we do - but also about each other. We are the makers, problem solvers, and future world builders who are creating stronger, more sustainable communities. We don't just talk about progress and innovation here - we make it happen, with our customers, where we work and live. Together, we are building a be…",2026-08-09T11:04:42Z,https://www.adzuna.in/details/5834365372?utm_medium=api&utm_source=f8f3e256,data analyst,2026-08-12T08:33:53.142457+00:00
Analyst-Data Analytics,American Express,India,,,0,"Analyst-Data Analytics Gurugram, HR, India(Hybrid) Job Description In U.S. Consumer Services (USCS), our product is Membership-delivering benefits and services that are essential to our Card Members across travel, dining, entertainment, and retail. We compete by providing a differentiated Membership experience that drives loyalty and long-term growth. USCS brings this to life through our premium, cobrand, cash back, and lending portfolios, Membership Rewards, Travel & Lifestyle Services, the Ce…",2026-08-09T11:10:29Z,https://www.adzuna.in/details/5834390887?utm_medium=api&utm_source=f8f3e256,data analyst,2026-08-12T08:33:53.142457+00:00
Manager - Data Governance/Data Platform,American Express,India,,,0,"Manager - Data Governance/Data Platform Gurugram, HR, India(Hybrid) Job Description In U.S. Consumer Services (USCS), our product is Membership - delivering benefits and services that are essential to our Card Members across travel, dining, entertainment, and retail. We compete by providing a differentiated Membership experience that drives loyalty and long-term growth. USCS brings this to life through our premium, cobrand, cash back, and lending portfolios, Membership Rewards, Travel & Lifesty…",2026-08-09T11:10:31Z,https://www.adzuna.in/details/5834391083?utm_medium=api&utm_source=f8f3e256,data analyst,2026-08-12T08:33:53.142457+00:00
Senior Software Engineer - Data Engineering,"Caterpillar, Inc.","Bangalore, Karnataka",,,0,"Career Area: Technology, Digital and Data Job Description: Your Work Shapes the World at Caterpillar Inc. When you join Caterpillar, you're joining a global team who cares not just about the work we do - but also about each other. We are the makers, problem solvers, and future world builders who are creating stronger, more sustainable communities. We don't just talk about progress and innovation here - we make it happen, with our customers, where we work and live. Together, we are building a be…",2026-08-09T11:04:42Z,https://www.adzuna.in/details/5834365343?utm_medium=api&utm_source=f8f3e256,data analyst,2026-08-12T08:33:53.142457+00:00
Associate Alts Data Operation Analyst - Early Career,Addepar,"Pune, Maharashtra",,,0,"Who We Are Addepar is a global data and AI platform empowering investment professionals to turn complex financial information into actionable intelligence. Addepar unifies portfolio, market and client data in a total portfolio view and delivers AI-powered insights within investment and client workflows. More than 1,400 firms in nearly 60 countries use Addepar to manage and advise on nearly $9 trillion in assets. Its open platform integrates with nearly 650 software, data and consulting partners…",2026-08-09T20:38:11Z,https://www.adzuna.in/details/5834741668?utm_medium=api&utm_source=f8f3e256,data analyst,2026-08-12T08:33:53.142457+00:00
Analyst - Data Scientist,United Airlines,India,,,0,"Achieving our goals starts with supporting yours. Grow your career, access top-tier health and wellness benefits, build lasting connections with your team and our customers, and travel the world using our extensive route network. Come join us to create what's next. Let's define tomorrow, together. Description United's Digital Technology team is comprised of many talented individuals all working together with cutting-edge technology to build the best airline in the history of aviation. Our team …",2026-08-09T11:10:47Z,https://www.adzuna.in/details/5834392689?utm_medium=api&utm_source=f8f3e256,data analyst,2026-08-12T08:33:53.142457+00:00
"Senior Manager, BI Solution Development",Pure Storage,"Bangalore, Karnataka",,,0,"We’re in an unbelievably exciting area of tech and are fundamentally reshaping the data storage industry. Here, you lead with innovative thinking, grow along with us, and join the smartest team in the industry. This type of work—work that changes the world—is what the tech industry was founded on. So, if you're ready to seize the endless opportunities and leave your mark, come join us. THE ROLE The GTM BI team at Pure Storage supports Revenue Operations across pipeline, forecasting, seller perf…",2026-08-08T20:57:09Z,https://www.adzuna.in/details/5833599588?utm_medium=api&utm_source=f8f3e256,data analyst,2026-08-12T08:33:53.142457+00:00
Senior Software Engineer - Data Engineering,"Caterpillar, Inc.","Chennai, Tamil Nadu",,,0,"Career Area: Technology, Digital and Data Job Description: Your Work Shapes the World at Caterpillar Inc. When you join Caterpillar, you're joining a global team who cares not just about the work we do - but also about each other. We are the makers, problem solvers, and future world builders who are creating stronger, more sustainable communities. We don't just talk about progress and innovation here - we make it happen, with our customers, where we work and live. Together, we are building a be…",2026-08-09T11:04:42Z,https://www.adzuna.in/details/5834365361?utm_medium=api&utm_source=f8f3e256,data analyst,2026-08-12T08:33:53.142457+00:00
Lead Data Analyst - Profiling & Cleansing,Chevron,"Bangalore, Karnataka",,,0,"Total Number of Openings 1 The Chevron Engineering and Innovation Excellence Center (ENGINE) in Bengaluru India brings together the resources and expertise of the Chevron global network with talent in India to enhance agility and technological innovation to optimize solutions for the world’s current and future energy challenges. As one of the leading energy providers worldwide, Chevron is involved in the production of crude oil and natural gas, manufacturing of transportation fuels, lubricants,…",2026-08-08T20:59:46Z,https://www.adzuna.in/details/5833602958?utm_medium=api&utm_source=f8f3e256,data analyst,2026-08-12T08:33:53.142457+00:00
Senior Data Engineer,Fox,India,,,0,"OVERVIEW OF THE COMPANY Fox Corporation Under the FOX banner, we produce and distribute content through some of the world’s leading and most valued brands, including: FOX News Media, FOX Sports, FOX Entertainment, FOX Television Stations and Tubi Media Group. We empower a diverse range of creators to imagine and develop culturally significant content, while building an organization that thrives on creative ideas, operational expertise and strategic thinking. JOB DESCRIPTION About FOX Corporatio…",2026-08-08T21:01:45Z,https://www.adzuna.in/details/5833605853?utm_medium=api&utm_source=f8f3e256,data analyst,2026-08-12T08:33:53.142457+00:00
Senior Associate - Clinical Pharmacology,Amgen,"Hyderabad, Telangana",,,0,"The department of Clinical Pharmacology, Modeling and Simulation (CPMS) within Amgen is dedicated to the development of novel, effective, and safe medicines. We are seeking a highly experienced Senior Associate to join the CPMS group. The successful candidate will contribute to Amgen's multimodality development portfolio by conducting formal clinical pharmacology data analyses, summarizing pharmacokinetic/pharmacodynamic (PK/PD) data and results in clinical study report documents, performing qu…",2026-08-09T11:04:23Z,https://www.adzuna.in/details/5834364535?utm_medium=api&utm_source=f8f3e256,data analyst,2026-08-12T08:33:53.142457+00:00
Reporting and Analytics Manager,Amgen,"Hyderabad, Telangana",,,0,"ABOUT AMGEN Amgen harnesses the best of biology and technology to fight the world's toughest diseases, and make people's lives easier, fuller, and longer. We discover, develop, manufacture, and deliver innovative medicines to help millions of patients. Amgen helped establish the biotechnology industry more than 40 years ago and remains on the forefront of innovation, using technology and human genetic data to push beyond what is known today. ABOUT THE ROLE Role Description: The Medical Data Ana…",2026-08-09T11:04:22Z,https://www.adzuna.in/details/5834364460?utm_medium=api&utm_source=f8f3e256,data analyst,2026-08-12T08:33:53.142457+00:00
Senior Data Quality Engineer,symplr,"Hoodi, Bangalore",,,0,"symplr is seeking a highly skilled and motivated Senior Data Quality Engineer with 5 years of experience to execute testing initiatives for our robust Data Platform. This role is instrumental in maintaining the integrity, reliability, and performance of our data systems. The ideal candidate will bring strong expertise in ETL testing, data validation, AWS-based data workflows, and Power BI reports, with a solid foundation in Test Automation and scripting. Readiness on learning/understanding new …",2026-08-09T10:56:16Z,https://www.adzuna.in/details/5834343465?utm_medium=api&utm_source=f8f3e256,data analyst,2026-08-12T08:33:53.142457+00:00
Report / Power BI Developer (SQL),lacento technologies private limited,"Bangalore, Karnataka",,,0,"About the Company : We are seeking an experienced Report / Power BI Developer with strong SQL expertise to design, develop, and maintain business intelligence reports and dashboards. The ideal candidate will work closely with business stakeholders to transform data into meaningful insights that support decision-making. Responsibilities : Design, develop, and maintain Power BI dashboards and reports Write and optimize complex SQL queries, views, and stored procedures Perform data modeling and DA…",2026-08-09T07:35:02Z,https://www.adzuna.in/details/5834208241?utm_medium=api&utm_source=f8f3e256,data analyst,2026-08-12T08:33:53.142457+00:00
Senior Data Engineer,Mattel,"Hyderabad, Telangana",,,0,"Job Description The Team As part of the Global Technology Organization, the Enterprise Data and Analytics (ED&A) Delivery Team is focused on enabling Mattel to become a data-driven organization, supported by a shared services platform that serves all business units: Integration data from diverse enterprise systems such as ERP, ECOM, Order Management systems, CRM and operational platform into a centralized cloud-based data warehouse. Building robust ETL/ELT pipelines that automate data ingestion…",2026-08-09T07:23:07Z,https://www.adzuna.in/details/5834201871?utm_medium=api&utm_source=f8f3e256,data analyst,2026-08-12T08:33:53.142457+00:00
Data Architect & Delivery Lead,Mattel,"Hyderabad, Telangana",,,0,"Job Description The Team As part of the Global Technology Organization, the Enterprise Data & Analytics (ED&A) team enables data-driven decision-making across all Mattel business units. We design and manage cloud-native data platforms, build scalable data pipelines, and deliver curated datasets that power analytics, business intelligence, and machine learning initiatives. Our ED&A Delivery function ensures high-quality and timely execution of strategic data programs across the enterprise. Key r…",2026-08-09T07:23:07Z,https://www.adzuna.in/details/5834201870?utm_medium=api&utm_source=f8f3e256,data analyst,2026-08-12T08:33:53.142457+00:00
Executive – Data Analyst (Ops Strategy),Rentomojo,"Noida, Ghaziabad",3600000.0,4800000.0,0,"About the Role We are looking for a Data Analyst Executive to sit at the centre of how operations performs and what it costs. From last-mile delivery and warehousing to fleet and vendor management, you will build the reporting and analysis that tells us what is working, what is slipping, and where money is leaking. This is not a passive reporting role. You will own recurring dashboards, dig into performance and cost deviations, and build the analysis that supports network, vendor, and process d…",2026-08-09T06:54:57Z,https://www.adzuna.in/details/5834188880?utm_medium=api&utm_source=f8f3e256,data analyst,2026-08-12T08:33:53.142457+00:00
Data Analyst - Digital Analytics,Commergence,India,3000000.0,4000000.0,0,"Analytics professional with a strong background in digital analytics BI and data-driven decision making.Currently working as a Manager – Analytics & BI, he has led end-to-end analytics initiatives, built scalable dashboards and data pipelines using SQL and Python, and delivered actionable insights through statistical analysis and machine learning models.He has hands-on experience with tools like Adobe Analytics and Google Analytics, along with strong expertise in data visualization and stakehol…",2026-08-09T06:54:41Z,https://www.adzuna.in/details/5834187823?utm_medium=api&utm_source=f8f3e256,data analyst,2026-08-12T08:33:53.142457+00:00
"Organization, Position, Workplace and Access Compliance Data Lead",Sanofi,"Hyderabad, Telangana",,,0,"Job Title: Organization, Position, Workplace and Access Compliance Data Lead Job Location : Hyderabad Hub Job Type: Fulltime/Permanent About the Job Are you a Workday Position Management expert with a passion for data governance and organizational data excellence? Join Sanofi's People Services Data Governance and Master Data Management Team as the Organization, Positions, Workplace and Access Compliance Data Lead — the dedicated data governance and MDM authority for Position and Workplace data …",2026-08-08T21:00:59Z,https://www.adzuna.in/details/5833605004?utm_medium=api&utm_source=f8f3e256,data analyst,2026-08-12T08:33:53.142457+00:00
ETL Tester,ascendion,"Pune, Maharashtra",,,0,"About Ascendion Ascendion is a leader in AI-Native platform driven software engineering company that underwrites outcomes, helping businesses innovate faster, smarter, and with greater impact. We partner with Global 2000 clients across North America, UK, Europe, and APAC to solve complex challenges in data, experience design, software product engineering, and workforce transformation. Powered by expert engineers, thousands of AI agents, and our Engineering to the Power of AI™ (EngineeringAI) me…",2026-08-09T07:35:02Z,https://www.adzuna.in/details/5834208253?utm_medium=api&utm_source=f8f3e256,data analyst,2026-08-12T08:33:53.142457+00:00
"Data Products Analyst (Healthcare, Consumer & Industrials)",Lattice Technologies,"Mini Sectt., Gurgaon",,,0,"About 1Lattice: Role Overview We are looking for a Data Products Analyst to support the development and delivery of data-led products across the Healthcare, Consumer and Industrials sectors. The role involves understanding business requirements, conducting industry research, collecting and analysing data, and converting findings into structured datasets, insights and product features. The person will work closely with product managers, data teams and business stakeholders. Key Responsibilities …",2026-08-08T20:59:26Z,https://www.adzuna.in/details/5833602522?utm_medium=api&utm_source=f8f3e256,data analyst,2026-08-12T08:33:53.142457+00:00
Sr. Associate - F&A - I2C 5B,Genpact,India,,,0,"Sr. Associate - F&A - I2C Ready to turn bold ideas into real-world impact? At Genpact, we don’t just adapt to change, we lead it. AI and digital innovation are transforming the way businesses work, and we’re at the forefront of it. Genpact’s AI Gigafactory , our industry-first accelerator, exemplifies how we scale advanced technology solutions to help global enterprises work smarter, grow faster, and transform at scale. Whether tackling complex challenges through large-scale models or agentic A…",2026-08-08T20:58:05Z,https://www.adzuna.in/details/5833600734?utm_medium=api&utm_source=f8f3e256,data analyst,2026-08-12T08:33:53.142457+00:00
"AVP, Business Intelligence – H&W (L10)",Synchrony,India,,,0,"Job Description: Role Title: AVP, Business Intelligence – H&W (L10) Company Overview: Synchrony (NYSE: SYF) is a leading consumer financing company that has been at the heart of American commerce and opportunity for nearly a century. Synchrony delivers credit and banking products that empower tens of millions of consumers to improve their financial lives and access what matters most. Leveraging innovative solutions that are shaping the future of retail commerce, Synchrony supports the growth an…",2026-08-08T20:57:53Z,https://www.adzuna.in/details/5833600529?utm_medium=api&utm_source=f8f3e256,data analyst,2026-08-12T08:33:53.142457+00:00
Sr. Analyst - Business Data Services 4A,Genpact,India,,,0,"Sr. Analyst - Business Data Services Ready to turn bold ideas into real-world impact? At Genpact, we don’t just adapt to change, we lead it. AI and digital innovation are transforming the way businesses work, and we’re at the forefront of it. Genpact’s AI Gigafactory , our industry-first accelerator, exemplifies how we scale advanced technology solutions to help global enterprises work smarter, grow faster, and transform at scale. Whether tackling complex challenges through large-scale models o…",2026-08-08T20:57:54Z,https://www.adzuna.in/details/5833600555?utm_medium=api&utm_source=f8f3e256,data analyst,2026-08-12T08:33:53.142457+00:00
Professional_Data Product Analyst – Data Integrity Group,GCC India,"Hyderabad, Telangana",,,0,"Where Ambition Meets Innovation At LPL’s Global Capability Center , you'll find a collaborative culture where your voice matters, integrity guides every decision, and technology fuels progress. Your skills, talents, and ideas will redefine what's possible. LPL's success reflects its exceptional employees, who together pursue one noble purpose: empowering financial advisors to deliver personalized advice for all who need it. We’re proud to be expanding and reaching new heights in Hyderabad. Join…",2026-08-08T20:58:02Z,https://www.adzuna.in/details/5833600699?utm_medium=api&utm_source=f8f3e256,data analyst,2026-08-12T08:33:53.142457+00:00
"AVP, Business Intelligence – H&A (L10)",Synchrony,India,,,0,"Job Description: Role Title: AVP, Business Intelligence – H&A (L10) Company Overview: Synchrony (NYSE: SYF) is a leading consumer financing company that has been at the heart of American commerce and opportunity for nearly a century. Synchrony delivers credit and banking products that empower tens of millions of consumers to improve their financial lives and access what matters most. Leveraging innovative solutions that are shaping the future of retail commerce, Synchrony supports the growth an…",2026-08-08T20:58:03Z,https://www.adzuna.in/details/5833600707?utm_medium=api&utm_source=f8f3e256,data analyst,2026-08-12T08:33:53.142457+00:00
DDS Analyst,Arrow,India,,,0,"Position: DDS Analyst Job Description: What You will Be Doing Job Summary As a Data-Driven Sourcing Analyst, you will bridge the gap between customer demand and global supply. You will analyze technical electronic component data (such as manufacturer part numbers, lead times, and date codes) to make smart, strategic buying decisions. This role is a perfect blend of technical data analysis, proactive market research, and international stakeholder communication. Key Responsibilities: Demand Analy…",2026-08-08T20:57:17Z,https://www.adzuna.in/details/5833599772?utm_medium=api&utm_source=f8f3e256,data analyst,2026-08-12T08:33:53.142457+00:00
"Analyst, Data Operations",Russell Investments,"Mumbai, Maharashtra",,,0,"Reporting To: Director, Global Fund Services Shift: US (5:30 pm - 2:30 am IST) (India) About Russell Investments, Mumbai: Russell Investments is a leading outsourced financial partner and global investment solutions firm providing a wide range of investment capabilities to institutional investors, financial intermediaries, and individual investors around the world. Building on an 90-year legacy of continuous innovation to deliver exceptional value to clients, Russell Investments works every day…",2026-08-08T20:58:40Z,https://www.adzuna.in/details/5833601338?utm_medium=api&utm_source=f8f3e256,data analyst,2026-08-12T08:33:53.142457+00:00
Analyst II - Data Stewardship,Genl Mills India Priv,India,,,0,"COMPANY OVERVIEW We exist to make food the world loves. But we do more than that. Our company is a place that prioritizes being a force for good, a place to expand learning, explore new perspectives and reimagine new possibilities, every day. We look for people who want to bring their best — bold thinkers with big hearts who challenge one another and grow together. Because becoming the undisputed leader in food means surrounding ourselves with people who are hungry for what’s next.​ &xa; Overvi…",2026-08-08T20:59:22Z,https://www.adzuna.in/details/5833602421?utm_medium=api&utm_source=f8f3e256,data analyst,2026-08-12T08:33:53.142457+00:00
Senior Product Manager,Tekion,India,,,0,"About Tekion: Positively disrupting an industry that has not seen any innovation in over 50 years, Tekion has challenged the paradigm with the first and fastest cloud-native automotive platform that includes the revolutionary Automotive Retail Cloud (ARC) for retailers, Automotive Enterprise Cloud (AEC) for manufacturers and other large automotive enterprises and Automotive Partner Cloud (APC) for technology and industry partners. Tekion connects the entire spectrum of the automotive retail eco…",2026-08-08T20:59:22Z,https://www.adzuna.in/details/5833602439?utm_medium=api&utm_source=f8f3e256,data analyst,2026-08-12T08:33:53.142457+00:00
"AVP, Business Intelligence – Bank & Digital (L10)",Synchrony,India,,,0,"Job Description: Role Title: AVP, Business Intelligence – Bank & Digital (L10) Company Overview: Synchrony (NYSE: SYF) is a leading consumer financing company that has been at the heart of American commerce and opportunity for nearly a century. Synchrony delivers credit and banking products that empower tens of millions of consumers to improve their financial lives and access what matters most. Leveraging innovative solutions that are shaping the future of retail commerce, Synchrony supports th…",2026-08-08T20:56:48Z,https://www.adzuna.in/details/5833599166?utm_medium=api&utm_source=f8f3e256,data analyst,2026-08-12T08:33:53.142457+00:00
"Senior Analyst, Master Data Management (MDM)",Novartis,India,,,0,"Job Description Summary Location – Hyderabad LI Hybrid The Senior Analyst, Master Data Management (MDM) will provide MDM support to Novartis internal stakeholders (CPOs & Regional marketing and sales teams) on various data management capabilities. The Senior Analyst, MDM will support and facilitate data enabled decision making for Novartis internal customers by providing and communicating qualitative and quantitative analytics. Support GCC business growth by participating in site level key init…",2026-08-08T20:53:52Z,https://www.adzuna.in/details/5833595686?utm_medium=api&utm_source=f8f3e256,data analyst,2026-08-12T08:33:56.289063+00:00
Power BI Developer,CAI,"Bangalore, Karnataka",,,0,"Power BI Developer Req number: R8183 Employment type: Full time Worksite flexibility: Remote Who we are CAI is a global services firm with over 9,000 associates worldwide and a yearly revenue of $1.3 billion. We have over 40 years of excellence in uniting talent and technology to power the possible for our clients, colleagues, and communities. As a privately held company, we have the freedom and focus to do what is right—whatever it takes. Our tailor-made solutions create lasting results across…",2026-08-08T20:56:44Z,https://www.adzuna.in/details/5833599097?utm_medium=api&utm_source=f8f3e256,data analyst,2026-08-12T08:33:56.289063+00:00
Business Intelligence Analyst,Cummins,"Pune, Maharashtra",,,0,"Description The Business Intelligence Analyst is responsible for preparing business intelligence analyses, dashboards, and reports that enable data-driven decision-making across the organization. This role gathers reporting requirements, extracts and analyzes data from multiple sources, ensures data quality, and delivers timely insights to stakeholders. The Business Intelligence Analyst collaborates with cross-functional teams to understand business needs, develop standardized reporting solutio…",2026-08-08T20:56:35Z,https://www.adzuna.in/details/5833598916?utm_medium=api&utm_source=f8f3e256,data analyst,2026-08-12T08:33:56.289063+00:00
Data Analyst – Engineering Systems,Ayr Energy,"Hyderabad, Telangana",,,0,"About the role As a data analyst, you’ll support engineering decision-making across our product lines, with a focus on electrical transformer design and power systems analysis. You'll build tools, scripts, and models to help engineers analyse data, optimize designs, and validate performance. Our integrated model of combining advanced engineering, tight supply-chain control, and exceptional service empowers you to build resilient solutions that restore reliability and control to the operators wh…",2026-08-08T20:56:35Z,https://www.adzuna.in/details/5833598910?utm_medium=api&utm_source=f8f3e256,data analyst,2026-08-12T08:33:56.289063+00:00
"Senior Analyst, Digital Analytics (L09)",Synchrony,India,,,0,"Job Description: Role Title : Senior Analyst, Digital Analytics (L09) Company Overview : Synchrony (NYSE: SYF) is a premier consumer financial services company delivering one of the industry’s most complete digitally enabled product suites. Our experience, expertise and scale encompass a broad spectrum of industries including digital, health and wellness, retail, telecommunications, home, auto, outdoors, pet and more. We have recently been ranked 2 among India’s Best Companies to Work for by Gr…",2026-08-08T20:56:34Z,https://www.adzuna.in/details/5833598890?utm_medium=api&utm_source=f8f3e256,data analyst,2026-08-12T08:33:56.289063+00:00
"Senior Data Analyst, IT PLM Platform",Allegion,"Bangalore, Karnataka",,,0,"Creating Peace of Mind by Pioneering Safety and Security At Allegion, we help keep the people you know and love safe and secure where they live, work and visit. With more than 40 brands, 14,000 employees globally and products sold in 130 countries, we specialize in security around the doorway and beyond. Additionally, Allegion is proud to be recognized with the 2026 Gallup Exceptional Workplace Award (GEWA) for the third consecutive year, earning distinction in both the employee engagement and …",2026-08-08T20:56:07Z,https://www.adzuna.in/details/5833598400?utm_medium=api&utm_source=f8f3e256,data analyst,2026-08-12T08:33:56.289063+00:00
Manager,BSR & Co,"Bangalore, Karnataka",,,0,"Description The Enablement Data & Insights Manager is responsible for leading the data, reporting and analytics capability for UK Learning. The role will ensure that learning data is transformed into meaningful management information, actionable insight and evidence-based recommendations that support decision-making across UK Learning. The individual will lead the design, development and continuous improvement of reporting frameworks, dashboards, analytics and evaluation approaches that enable …",2026-08-08T20:56:04Z,https://www.adzuna.in/details/5833598344?utm_medium=api&utm_source=f8f3e256,data analyst,2026-08-12T08:33:56.289063+00:00
Lead Salesforce Engineer - Data Cloud & Agentforce,Blue Yonder,"Hyderabad, Telangana",,,0,"Scope: The Sr. Salesforce Data Cloud & Agentforce Engineer is responsible for the design, development, implementation, and optimization of Salesforce Data Cloud and AI capabilities supporting Blue Yonder's Commercial Technology organization. This role serves as the technical expert for Salesforce Data Cloud, Agentforce, CRM Analytics, Document AI, and Customer 360 solutions, helping transform enterprise data into AI-ready assets that drive intelligent business processes and customer experiences…",2026-08-08T20:55:17Z,https://www.adzuna.in/details/5833597285?utm_medium=api&utm_source=f8f3e256,data analyst,2026-08-12T08:33:56.289063+00:00
Senior Databricks Engineer - AI & Data Platform,"Vtv Portugal, Unipessoal Lda","Bangalore, Karnataka",,,0,"About Vantiva ​ Pushing the Edge ​ Vantiva (Euronext Paris: VANTI) is a global technology leader in connectivity technologies. For over 130 years, we have delivered solutions that connect what matters most. Today, we continue to redefine connectivity with industry-leading broadband, video, and IoT-driven smart systems that elevate how people live, work, and connect globally. ​ Vantiva combines a customer-focused approach with decades of software development, electronics hardware design, and fle…",2026-08-08T20:55:05Z,https://www.adzuna.in/details/5833596998?utm_medium=api&utm_source=f8f3e256,data analyst,2026-08-12T08:33:56.289063+00:00
Senior Data Analyst,Röhlig Blue Services India,India,,,0,"Shaping the Future of Logistics- Your Career Starts at Röhlig Whether it’s sea freight, air freight, or contract logistics, at Röhlig Logistics you’ll help create tailor-made solutions that move the world forward. As a global, family-owned company founded in Bremen, Germany in 1852, we’ve built our reputation on reliability and trusted partnerships. Join our international team of more than 2,700 colleagues across 35 countries and collaborate on exciting projects for customers around the world. …",2026-08-08T20:55:04Z,https://www.adzuna.in/details/5833596969?utm_medium=api&utm_source=f8f3e256,data analyst,2026-08-12T08:33:56.289063+00:00
Sr Clinical Data Analyst,Fortrea,"Bangalore, Karnataka",,,0,"Job Overview: Serve as a member of the project team with primary responsibility for coordinating the clinical data review, query generation / resolution and reconciliation activities to support the Data Management lead with the delivery of clinical data according to client quality and integrity specifications, project timelines and productivity targets. Assist in the development of the project Data Management Plan, including data review guidelines /diagnostics specification and setup of the dat…",2026-08-08T20:53:16Z,https://www.adzuna.in/details/5833594847?utm_medium=api&utm_source=f8f3e256,data analyst,2026-08-12T08:33:56.289063+00:00
Project Manager,WPP,"Chennai, Tamil Nadu",,,0,"WPP is the trusted growth partner for the world’s leading brands. We unite cutting-edge media intelligence and data solutions, world-class creativity, next-generation production, transformative enterprise solutions and expert strategic counsel in a single company – powered by exceptional talent and our agentic marketing platform, WPP Open, to help our clients navigate change, capture opportunity and deliver transformational growth. We work with the world's most valuable brands and have global r…",2026-08-08T20:56:45Z,https://www.adzuna.in/details/5833599113?utm_medium=api&utm_source=f8f3e256,data analyst,2026-08-12T08:33:56.289063+00:00
Sr. Analyst - Data Governance and Quality 4B,Genpact,India,,,0,"Sr. Analyst - Data Governance and Quality Ready to turn bold ideas into real-world impact? At Genpact, we don’t just adapt to change, we lead it. AI and digital innovation are transforming the way businesses work, and we’re at the forefront of it. Genpact’s AI Gigafactory , our industry-first accelerator, exemplifies how we scale advanced technology solutions to help global enterprises work smarter, grow faster, and transform at scale. Whether tackling complex challenges through large-scale mod…",2026-08-08T20:53:13Z,https://www.adzuna.in/details/5833594773?utm_medium=api&utm_source=f8f3e256,data analyst,2026-08-12T08:33:56.289063+00:00
Snowflake Data Engineer,Synechron,India,,,0,"Job Title: Snowflake Data Engineer As a Snowflake Data Engineer , you will be responsible for designing, developing, and maintaining ETL/ELT processes to support data integration and analytics using the Snowflake platform. You will work closely with data architects, analysts, and other stakeholders to ensure data is accurately and efficiently processed and stored. What You Will Do: Design and Develop ETL/ELT Processes: Create and maintain ETL/ELT processes to extract, transform, and load data f…",2026-08-08T20:51:27Z,https://www.adzuna.in/details/5833592960?utm_medium=api&utm_source=f8f3e256,data analyst,2026-08-12T08:33:56.289063+00:00
Senior Product Owner– Security and Pricing SOR and Enterprise Reference data Capabilities,GCC India,"Hyderabad, Telangana",,,0,"Where Ambition Meets Innovation At LPL’s Global Capability Center , you'll find a collaborative culture where your voice matters, integrity guides every decision, and technology fuels progress. Your skills, talents, and ideas will redefine what's possible. LPL's success reflects its exceptional employees, who together pursue one noble purpose: empowering financial advisors to deliver personalized advice for all who need it. We’re proud to be expanding and reaching new heights in Hyderabad. Join…",2026-08-08T20:51:27Z,https://www.adzuna.in/details/5833592965?utm_medium=api&utm_source=f8f3e256,data analyst,2026-08-12T08:33:56.289063+00:00
Senior Software Engineer,BlackLine Systems Development & Services,"Bangalore, Karnataka",,,0,"Make Your Mark: As a member of the Data & BI Engineering team you will primarily focus on advancing our Enterprise Data Platform to allow the organization to make data-driven decisions. The successful candidate will work closely with cross-functional teams to identify business requirements, design, and develop data models, data warehouses, and data visualization solutions that help support the organization's strategic goals. The Senior Software Engineer – Data will work in a dynamic environment…",2026-08-08T20:50:19Z,https://www.adzuna.in/details/5833591535?utm_medium=api&utm_source=f8f3e256,data analyst,2026-08-12T08:33:56.289063+00:00
"Data Analyst - Power BI, SQL",Northern Trust,"Pune, Maharashtra",,,0,"About Northern Trust As a global leader in innovative wealth management, asset servicing, asset management and banking services, Northern Trust (Nasdaq: NTRS) is proud to guide the world’s most successful individuals, families, corporations and institutions. Since 1889, we have aligned our efforts with our three guiding Principles That Endure: Service, Expertise, and Integrity. Together, they reflect the three cornerstones of business conduct which we strive to instill in our employees, whom we…",2026-08-08T20:50:14Z,https://www.adzuna.in/details/5833591389?utm_medium=api&utm_source=f8f3e256,data analyst,2026-08-12T08:33:56.289063+00:00
Sr. Associate - F&A - I2C 5B,Genpact,India,,,0,"Sr. Associate - F&A - I2C Ready to turn bold ideas into real-world impact? At Genpact, we don’t just adapt to change, we lead it. AI and digital innovation are transforming the way businesses work, and we’re at the forefront of it. Genpact’s AI Gigafactory , our industry-first accelerator, exemplifies how we scale advanced technology solutions to help global enterprises work smarter, grow faster, and transform at scale. Whether tackling complex challenges through large-scale models or agentic A…",2026-08-08T20:49:36Z,https://www.adzuna.in/details/5833590293?utm_medium=api&utm_source=f8f3e256,data analyst,2026-08-12T08:33:56.289063+00:00
"AVP, Applied Model Ops Developer (L11)",Synchrony,India,,,0,"Job Description: Role Title: AVP, Applied Model Ops Developer (L11) Company Overview: Synchrony (NYSE: SYF) is a leading consumer financing company that has been at the heart of American commerce and opportunity for nearly a century. Synchrony delivers credit and banking products that empower tens of millions of consumers to improve their financial lives and access what matters most. Leveraging innovative solutions that are shaping the future of retail commerce, Synchrony supports the growth an…",2026-08-08T20:49:11Z,https://www.adzuna.in/details/5833589798?utm_medium=api&utm_source=f8f3e256,data analyst,2026-08-12T08:33:56.289063+00:00
Sdet II,Russell Investments,"Mumbai, Maharashtra",,,0,"Reporting To: Manager, Head of Quality Assurance Shift: EMEA (1:30 pm - 10:30 pm IST) (India) About Russell Investments, Mumbai: Russell Investments is a leading outsourced financial partner and global investment solutions firm providing a wide range of investment capabilities to institutional investors, financial intermediaries, and individual investors around the world. Building on an 90-year legacy of continuous innovation to deliver exceptional value to clients, Russell Investments works ev…",2026-08-08T20:49:02Z,https://www.adzuna.in/details/5833589571?utm_medium=api&utm_source=f8f3e256,data analyst,2026-08-12T08:33:56.289063+00:00
Data Engineer,Accenture,India,,,0,"Project Role : Data Engineer Project Role Description : Design, develop and maintain data solutions for data generation, collection, and processing. Create data pipelines, ensure data quality, and implement ETL (extract, transform and load) processes to migrate and deploy data across systems. Must have skills : Data Engineering, Data Architecture Principles, Databricks Unified Data Analytics Platform, Microsoft Azure Data Services Good to have skills : NA Minimum 5 year(s) of experience is requ…",2026-08-08T20:48:33Z,https://www.adzuna.in/details/5833588755?utm_medium=api&utm_source=f8f3e256,data analyst,2026-08-12T08:33:56.289063+00:00
"Senior Specialist, ESE ML Engineer",MSD,India,,,0,"Job Description Senior Specialist, ESE ML Engineer The Opportunity Join a global biopharma company with a 130-year legacy and mission to achieve new milestones in healthcare. Be part of technology driven, data-led organization supporting a diversified portfolio of medicines, vaccines and animal health products. Work alongside passionate teams that use data, analytics and insights to drive decisions, and tackle some of the world’s greatest health threats. Our Technology Centers are globally dist…",2026-08-08T20:47:30Z,https://www.adzuna.in/details/5833587331?utm_medium=api&utm_source=f8f3e256,data analyst,2026-08-12T08:33:56.289063+00:00
Senior Specialist – Data Visualization,Sanofi,"Hyderabad, Telangana",,,0,"Job title: Senior Specialist – Data Visualization Location: Hyderabad About the job Sanofi is a global life sciences company committed to improving access to healthcare and supporting the people we serve throughout the continuum of care. From prevention to treatment, Sanofi transforms scientific innovation into healthcare solutions, in human vaccines, rare diseases, multiple sclerosis, oncology, immunology, infectious diseases, diabetes and cardiovascular solutions. As a company with a global v…",2026-08-08T20:53:15Z,https://www.adzuna.in/details/5833594819?utm_medium=api&utm_source=f8f3e256,data analyst,2026-08-12T08:33:56.289063+00:00
Professional - Data Product Analyst,GCC India,"Hyderabad, Telangana",,,0,"Where Ambition Meets Innovation At LPL’s Global Capability Center , you'll find a collaborative culture where your voice matters, integrity guides every decision, and technology fuels progress. Your skills, talents, and ideas will redefine what's possible. LPL's success reflects its exceptional employees, who together pursue one noble purpose: empowering financial advisors to deliver personalized advice for all who need it. We’re proud to be expanding and reaching new heights in Hyderabad. Join…",2026-08-08T20:47:37Z,https://www.adzuna.in/details/5833587593?utm_medium=api&utm_source=f8f3e256,data analyst,2026-08-12T08:33:56.289063+00:00
Senior Analyst,Johnson & Johnson,"Bangalore, Karnataka",,,0,"At Johnson & Johnson, we believe health is everything. Our strength in healthcare innovation empowers us to build a world where complex diseases are prevented, treated, and cured, where treatments are smarter and less invasive, and solutions are personal. Through our expertise in Innovative Medicine and MedTech, we are uniquely positioned to innovate across the full spectrum of healthcare solutions today to deliver the breakthroughs of tomorrow, and profoundly impact health for humanity. Learn …",2026-08-08T20:56:45Z,https://www.adzuna.in/details/5833599107?utm_medium=api&utm_source=f8f3e256,data analyst,2026-08-12T08:33:56.289063+00:00
"Engineer, Data",GEB,India,,,0,"Job Summary We are looking for a Data Engineer to build, maintain, and optimize scalable data pipelines and datasets that support analytics, operational reporting, marketing use cases, and AI-enabled solutions. The ideal candidate has strong hands-on experience with Databricks, Apache Spark, Python, and modern ETL/orchestration tools such as Azure Data Factory (ADF) or Airflow. This role is best suited for someone who enjoys solving data engineering problems, working with large datasets, improv…",2026-08-08T20:47:24Z,https://www.adzuna.in/details/5833587193?utm_medium=api&utm_source=f8f3e256,data analyst,2026-08-12T08:33:56.289063+00:00
Data Engineer,Hewlett Packard Enterprise,"Bangalore, Karnataka",,,0,"Data Engineer This role has been designed as 'Hybrid' with a requirement that you will work on average 2 days per week from an HPE office. Who We Are: Hewlett Packard Enterprise is the global edge-to-cloud company advancing the way people live and work. We help companies connect, protect, analyze, and act on their data and applications wherever they live, from edge to cloud, so they can turn insights into outcomes at the speed required to thrive in today’s complex world. Our culture thrives on …",2026-08-08T20:47:08Z,https://www.adzuna.in/details/5833586920?utm_medium=api&utm_source=f8f3e256,data analyst,2026-08-12T08:33:56.289063+00:00
Data Analyst - Operations,Kroll,"Bangalore, Karnataka",,,0,"Description Kroll is seeking a detail-oriented and analytical Data Analyst - Operations, to support their service line Operations teams in driving operational excellence across a global consulting practice. This role is ideal for an early-career professional who enjoys working with data, improving processes, supporting business operations, and collaborating with stakeholders across multiple functions. The Operations Analyst will help ensure the accuracy of operational data, support business rep…",2026-08-08T20:46:00Z,https://www.adzuna.in/details/5833585588?utm_medium=api&utm_source=f8f3e256,data analyst,2026-08-12T08:33:56.289063+00:00
"Sr. Research Analyst - BI, Reporting and Data Visualization 4B",Genpact,India,,,0,"Sr. Research Analyst - BI, Reporting and Data Visualization Ready to turn bold ideas into real-world impact? At Genpact, we don’t just adapt to change, we lead it. AI and digital innovation are transforming the way businesses work, and we’re at the forefront of it. Genpact’s AI Gigafactory , our industry-first accelerator, exemplifies how we scale advanced technology solutions to help global enterprises work smarter, grow faster, and transform at scale. Whether tackling complex challenges throu…",2026-08-08T20:46:00Z,https://www.adzuna.in/details/5833585592?utm_medium=api&utm_source=f8f3e256,data analyst,2026-08-12T08:33:56.289063+00:00
Senior Customer Success Manager (Supply chain experience) - LSP,project44,"Bangalore, Karnataka",,,0,"Why LSP44 ? LSP44 is the AI-native agent and API infrastructure company for logistics service providers - the 3PLs, freight forwarders, and brokers who move the world’s freight. Built on more than a decade of the largest logistics data graph and carrier network on Earth (280,000 carriers, 1.5 billion shipments, 706 million carrier events processed daily), LSP44 gives LSPs the AI agents, carrier infrastructure, and developer capabilities to embed intelligence directly into their own products and…",2026-08-08T20:44:57Z,https://www.adzuna.in/details/5833584571?utm_medium=api&utm_source=f8f3e256,data analyst,2026-08-12T08:33:56.289063+00:00
Data Engineer - Python and Azure Data Bricks,Capco,India,,,0,"Job Title: Data Engineer - Python and Azure Data Bricks About Us “Capco, a Wipro company, is a global technology and management consulting firm. Awarded with Consultancy of the year in the British Bank Award and has been ranked Top 100 Best Companies for Women in India 2022 by Avtar & Seramount . With our presence across 32 cities across globe, we support 100 clients across banking, financial and Energy sectors. We are recognized for our deep transformation execution and delivery. WHY JOIN CAPC…",2026-08-08T20:44:40Z,https://www.adzuna.in/details/5833584246?utm_medium=api&utm_source=f8f3e256,data analyst,2026-08-12T08:33:56.289063+00:00
Sr. Consultant - Industry Advisory 4C,Genpact,India,,,0,"Sr.Consultant- Industry Advisory Ready to turn bold ideas into real-world impact? At Genpact, we don’t just adapt to change, we lead it. AI and digital innovation are transforming the way businesses work, and we’re at the forefront of it. Genpact’s AI Gigafactory , our industry-first accelerator, exemplifies how we scale advanced technology solutions to help global enterprises work smarter, grow faster, and transform at scale. Whether tackling complex challenges through large-scale models or ag…",2026-08-08T20:43:57Z,https://www.adzuna.in/details/5833583433?utm_medium=api&utm_source=f8f3e256,data analyst,2026-08-12T08:33:56.289063+00:00
Data Engineer III (Batch Processing),Expedia,"Gurgaon, Haryana",,,0,"At Expedia Group, we help travelers explore the world, one journey at a time. As a global travel company powered by passionate people, trusted partnerships, and leading technology, we connect travelers, partners, and advertisers through our consumer brands, B2B network, and travel advertising business. Here, you'll do meaningful work that helps millions of people discover, book, and experience travel with more ease, confidence, and joy. Our five Behaviors-Traveler First, Think Big, Operate with…",2026-08-08T20:43:57Z,https://www.adzuna.in/details/5833583429?utm_medium=api&utm_source=f8f3e256,data analyst,2026-08-12T08:33:56.289063+00:00
"Program Specialist, Amazon Customer Service",Amazon,India,,,0,"Amazon's Network Control Center (NCC) owns real-time observability, situational awareness, and coordinated intervention across the network to rapidly detect and eliminate issues before the customer journey is degraded. The Real-Time Remedies Execution (RTRE) function within NCC acts as the centralized communications liaison between Amazon's Recovery teams, Business teams, and Amazon's customers. The mission is to help prevent contacts to Amazon by executing bulk actions on accounts and communic…",2026-08-08T20:43:36Z,https://www.adzuna.in/details/5833583116?utm_medium=api&utm_source=f8f3e256,data analyst,2026-08-12T08:33:56.289063+00:00
Data Analyst,Amex,"Bangalore, Karnataka",,,0,"Amex GBT is a place where colleagues find inspiration in travel as a force for good and – through their work – can make an impact on our industry. We’re here to help our colleagues achieve success and offer an inclusive and collaborative culture where your voice is valued. We are seeking an experienced Data Analyst to join our Innovation and Development team at American Express Global Business Travel. In this role, you will lead data-driven initiatives, architect scalable data solutions, and me…",2026-08-08T20:43:25Z,https://www.adzuna.in/details/5833582957?utm_medium=api&utm_source=f8f3e256,data analyst,2026-08-12T08:33:56.289063+00:00
Sr. Analyst – Data Foundations,Genl Mills India Priv,India,,,0,"COMPANY OVERVIEW We exist to make food the world loves. But we do more than that. Our company is a place that prioritizes being a force for good, a place to expand learning, explore new perspectives and reimagine new possibilities, every day. We look for people who want to bring their best — bold thinkers with big hearts who challenge one another and grow together. Because becoming the undisputed leader in food means surrounding ourselves with people who are hungry for what’s next.​ &xa; OVERVI…",2026-08-08T20:42:16Z,https://www.adzuna.in/details/5833582093?utm_medium=api&utm_source=f8f3e256,data analyst,2026-08-12T08:33:56.289063+00:00
Data Engineer,Accenture,India,,,0,"Project Role : Data Engineer Project Role Description : Design, develop and maintain data solutions for data generation, collection, and processing. Create data pipelines, ensure data quality, and implement ETL (extract, transform and load) processes to migrate and deploy data across systems. Must have skills : AWS Analytics Good to have skills : NA Minimum 2 year(s) of experience is required Educational Qualification : 15 years full time education Summary: As a Data Engineer, you will design, …",2026-08-08T20:47:14Z,https://www.adzuna.in/details/5833587011?utm_medium=api&utm_source=f8f3e256,data analyst,2026-08-12T08:33:56.289063+00:00
Specialist IS Bus Sys Analyst,Amgen,"Hyderabad, Telangana",,,0,"Career Category Engineering Job Description Specialist IS Bus Sys Analyst Join Amgen’s Mission of Serving Patients At Amgen, if you feel like you’re part of something bigger, it’s because you are. Our shared mission—to serve patients living with serious illnesses—drives all that we do. Since 1980, we’ve helped pioneer the world of biotech in our fight against the world’s toughest diseases. With our focus on four therapeutic areas –Oncology, Inflammation, General Medicine, and Rare Disease– we r…",2026-08-08T20:43:00Z,https://www.adzuna.in/details/5833582721?utm_medium=api&utm_source=f8f3e256,data analyst,2026-08-12T08:33:56.289063+00:00
AI-Powered Data Analyst,RemoteLegalStaff,India,,,0,"About the role We're looking for a Data Analyst to join our Ops Intelligence function and make sure RLS's operational data and reporting never depends on any single person. You'll pull, clean, and structure operational data, maintain dashboards and reporting hygiene, and document how everything works as you learn it. The goal is a function built on systems and documentation rather than on any one person's memory, so RLS's visibility into its own operations holds up over time regardless of who's…",2026-08-08T20:41:58Z,https://www.adzuna.in/details/5833581852?utm_medium=api&utm_source=f8f3e256,data analyst,2026-08-12T08:33:56.289063+00:00
AI Data Platform Engineer,Novozymes South Asia,"Bangalore, Karnataka",,,0,"Interested in a career that matters? &xa; Shape the Future of Enterprise Data as an AI Data Platform Engineer Join our team at the heart of the Data Office, where you will help build, operate, and evolve our enterprise data platform. Collaborate with international colleagues to deliver scalable, secure, and reliable data services that empower analytics, AI, and business innovation across our global organization. Welcome to Data Collaboration & Platform Enablement Our team is a key part of the D…",2026-08-08T20:41:57Z,https://www.adzuna.in/details/5833581831?utm_medium=api&utm_source=f8f3e256,data analyst,2026-08-12T08:33:56.289063+00:00
Data Engineer,Digi-Key Corporation,"Karnataka, India",,,0,"DigiKey is one of the fastest growing distributors of electronic components in the world. Since its founding in 1972, DigiKey has been committed to offering the broadest selection of in-stock electronic components, as well as providing the best service possible to its customers, aiding engineers through the entire design process, from Prototype to Production. This has led the company to be highly ranked year after year in industry surveys in North America as well as Europe and Asia, in categori…",2026-08-08T20:41:47Z,https://www.adzuna.in/details/5833581650?utm_medium=api&utm_source=f8f3e256,data analyst,2026-08-12T08:33:56.289063+00:00
"Senior Manager - Managing Consultant - Retail, Applied Advisory",Genpact,India,,,0,"Managing Consultant- Industry Advisory Ready to turn bold ideas into real-world impact? At Genpact, we don’t just adapt to change, we lead it. AI and digital innovation are transforming the way businesses work, and we’re at the forefront of it. Genpact’s AI Gigafactory , our industry-first accelerator, exemplifies how we scale advanced technology solutions to help global enterprises work smarter, grow faster, and transform at scale. Whether tackling complex challenges through large-scale models…",2026-08-08T20:41:47Z,https://www.adzuna.in/details/5833581642?utm_medium=api&utm_source=f8f3e256,data analyst,2026-08-12T08:33:56.289063+00:00
Senior Data Product Analyst – Data Distribution & Data Share Capabilities,GCC India,"Hyderabad, Telangana",,,0,"Where Ambition Meets Innovation At LPL’s Global Capability Center , you'll find a collaborative culture where your voice matters, integrity guides every decision, and technology fuels progress. Your skills, talents, and ideas will redefine what's possible. LPL's success reflects its exceptional employees, who together pursue one noble purpose: empowering financial advisors to deliver personalized advice for all who need it. We’re proud to be expanding and reaching new heights in Hyderabad. Join…",2026-08-08T20:41:46Z,https://www.adzuna.in/details/5833581624?utm_medium=api&utm_source=f8f3e256,data analyst,2026-08-12T08:33:56.289063+00:00
Manager- MI Analyst,Mitsubishi UFJ Financial Group,India,,,0,"Do you want your voice heard and your actions to count? Discover your opportunity with Mitsubishi UFJ Financial Group (MUFG), one of the world’s leading financial groups. Across the globe, we’re 150,000 colleagues, striving to make a difference for every client, organization, and community we serve. We stand for our values, building long-term relationships, serving society, and fostering shared and sustainable growth for a better world. With a vision to be the world’s most trusted financial gro…",2026-08-08T20:41:46Z,https://www.adzuna.in/details/5833581623?utm_medium=api&utm_source=f8f3e256,data analyst,2026-08-12T08:33:56.289063+00:00
"AVP, Data Warehouse, Tech Lead",GCC India,"Hyderabad, Telangana",,,0,"At LPL’s Global Capability Center , you'll find a collaborative culture where your voice matters, integrity guides every decision, and technology fuels progress. Your skills, talents, and ideas will redefine what's possible. LPL's success reflects its exceptional employees, who together pursue one noble purpose: empowering financial advisors to deliver personalized advice for all who need it. We’re proud to be expanding and reaching new heights in Hyderabad. Join us as we create something extra…",2026-08-08T20:41:45Z,https://www.adzuna.in/details/5833581606?utm_medium=api&utm_source=f8f3e256,data analyst,2026-08-12T08:33:56.289063+00:00
Senior Professional - Data Product Analyst,GCC India,"Hyderabad, Telangana",,,0,"Where Ambition Meets Innovation At LPL’s Global Capability Center , you'll find a collaborative culture where your voice matters, integrity guides every decision, and technology fuels progress. Your skills, talents, and ideas will redefine what's possible. LPL's success reflects its exceptional employees, who together pursue one noble purpose: empowering financial advisors to deliver personalized advice for all who need it. We’re proud to be expanding and reaching new heights in Hyderabad. Join…",2026-08-08T20:41:42Z,https://www.adzuna.in/details/5833581533?utm_medium=api&utm_source=f8f3e256,data analyst,2026-08-12T08:33:56.289063+00:00
Lead Analyst - Data Governance and Quality 4C,Genpact,India,,,0,"Lead Analyst - Data Governance and Quality Ready to turn bold ideas into real-world impact? At Genpact, we don’t just adapt to change, we lead it. AI and digital innovation are transforming the way businesses work, and we’re at the forefront of it. Genpact’s AI Gigafactory , our industry-first accelerator, exemplifies how we scale advanced technology solutions to help global enterprises work smarter, grow faster, and transform at scale. Whether tackling complex challenges through large-scale mo…",2026-08-08T20:41:21Z,https://www.adzuna.in/details/5833581236?utm_medium=api&utm_source=f8f3e256,data analyst,2026-08-12T08:33:56.289063+00:00
Power BI Developer-1,PVH,India,,,0,"About Us: We are brand builders who focus our passion and creativity to build Calvin Klein and TOMMY HILFIGER into the most desirable lifestyle brands in the world and at the same time position PVH as one of the best-performing brand groups in our sector. Guided by our values and enabled by our scale and global reach, we are driving fashion forward for good, as one team with one vision and one plan. That’s the Power of Us, that’s the Power of PVH. One of PVH’s greatest strengths is our people. …",2026-08-08T20:41:03Z,https://www.adzuna.in/details/5833581020?utm_medium=api&utm_source=f8f3e256,data analyst,2026-08-12T08:33:56.289063+00:00
Associate - F&A - I2C 5A,Genpact,India,,,0,"Associate - F&A - I2C Ready to turn bold ideas into real-world impact? At Genpact, we don’t just adapt to change, we lead it. AI and digital innovation are transforming the way businesses work, and we’re at the forefront of it. Genpact’s AI Gigafactory , our industry-first accelerator, exemplifies how we scale advanced technology solutions to help global enterprises work smarter, grow faster, and transform at scale. Whether tackling complex challenges through large-scale models or agentic AI , …",2026-08-08T20:42:15Z,https://www.adzuna.in/details/5833582075?utm_medium=api&utm_source=f8f3e256,data analyst,2026-08-12T08:33:56.289063+00:00
Sr. Analyst - Data Governance and Quality 4B,Genpact,India,,,0,"Sr. Analyst - Data Governance and Quality Ready to turn bold ideas into real-world impact? At Genpact, we don’t just adapt to change, we lead it. AI and digital innovation are transforming the way businesses work, and we’re at the forefront of it. Genpact’s AI Gigafactory , our industry-first accelerator, exemplifies how we scale advanced technology solutions to help global enterprises work smarter, grow faster, and transform at scale. Whether tackling complex challenges through large-scale mod…",2026-08-08T20:42:35Z,https://www.adzuna.in/details/5833582413?utm_medium=api&utm_source=f8f3e256,data analyst,2026-08-12T08:33:56.289063+00:00
Analyst - Business Data Services 5B,Genpact,India,,,0,"Analyst - Business Data Services Ready to turn bold ideas into real-world impact? At Genpact, we don’t just adapt to change, we lead it. AI and digital innovation are transforming the way businesses work, and we’re at the forefront of it. Genpact’s AI Gigafactory , our industry-first accelerator, exemplifies how we scale advanced technology solutions to help global enterprises work smarter, grow faster, and transform at scale. Whether tackling complex challenges through large-scale models or ag…",2026-08-08T20:37:03Z,https://www.adzuna.in/details/5833576912?utm_medium=api&utm_source=f8f3e256,data analyst,2026-08-12T08:33:59.470831+00:00
Project Manager PMO,Northern Trust,"Bangalore, Karnataka",,,0,"About Northern Trust As a global leader in innovative wealth management, asset servicing, asset management and banking services, Northern Trust (Nasdaq: NTRS) is proud to guide the world’s most successful individuals, families, corporations and institutions. Since 1889, we have aligned our efforts with our three guiding Principles That Endure: Service, Expertise, and Integrity. Together, they reflect the three cornerstones of business conduct which we strive to instill in our employees, whom we…",2026-08-08T20:37:09Z,https://www.adzuna.in/details/5833577016?utm_medium=api&utm_source=f8f3e256,data analyst,2026-08-12T08:33:59.470831+00:00
Sr Business Analytics Analyst - Data Analyst,Blue Yonder,"Bangalore, Karnataka",,,0,"Scope: We are looking for a Senior Data Solutions Analyst to independently own data solution delivery across key business domains. In this forward-deployed role, you will sit at the intersection of AI and Data, acting as a catalyst for company-wide transformation. You will serve as a trusted advisor to business stakeholders, contribute to solution architecture, and bridge the gap between technical data capabilities, emerging AI technologies, and strategic business outcomes. What You Will Do For…",2026-08-08T20:37:12Z,https://www.adzuna.in/details/5833577064?utm_medium=api&utm_source=f8f3e256,data analyst,2026-08-12T08:33:59.470831+00:00
Sr. Associate - F&A - I2C 5B,Genpact,India,,,0,"Sr. Associate - F&A - I2C Ready to turn bold ideas into real-world impact? At Genpact, we don’t just adapt to change, we lead it. AI and digital innovation are transforming the way businesses work, and we’re at the forefront of it. Genpact’s AI Gigafactory , our industry-first accelerator, exemplifies how we scale advanced technology solutions to help global enterprises work smarter, grow faster, and transform at scale. Whether tackling complex challenges through large-scale models or agentic A…",2026-08-08T20:37:22Z,https://www.adzuna.in/details/5833577196?utm_medium=api&utm_source=f8f3e256,data analyst,2026-08-12T08:33:59.470831+00:00
Data Engineer II,Conde Nast,India,,,0,"Condé Nast is a global media company producing the highest quality content with a footprint of more than 1 billion consumers in 32 territories through print, digital, video and social platforms. The company’s portfolio includes many of the world’s most respected and influential media properties including Vogue, Vanity Fair, Glamour, GQ, The New Yorker, Condé Nast Traveler/Traveller, Allure, AD, Bon Appétit and Wired, among others. Job Description Location: Chennai, TN About The Role: The Custom…",2026-08-08T20:40:02Z,https://www.adzuna.in/details/5833580209?utm_medium=api&utm_source=f8f3e256,data analyst,2026-08-12T08:33:59.470831+00:00
Data Analyst - Pricing,Ingram Micro,"Mumbai, Maharashtra",,,0,"It's fun to work in a company where people truly BELIEVE in what they're doing! Job Description: Your Role As part of the Global Pricing Team, you will help shape strategies that drive profitable growth, strengthen market position, and support decision-making across different countries. You will work cross-functionally with Sales, Finance, Vendor Management, and senior leadership to transform data into actionable recommendations and ensure pricing is fully aligned with business strategy. Key Re…",2026-08-08T20:38:17Z,https://www.adzuna.in/details/5833578292?utm_medium=api&utm_source=f8f3e256,data analyst,2026-08-12T08:33:59.470831+00:00
Master Data Architect - SAP MDG,Opella Healthcare IN P.,"Hyderabad, Telangana",,,0,"Job title : Master Data Architect - SAP MDG Location : Hyderabad Opella is the self-care challenger with the purest and third-largest portfolio in the Over-The-Counter (OTC) & Vitamins, Minerals & Supplements (VMS) market globally . Our mission is to bring health in people’s hands by making self-care as simple as it should be . For half a billion consumers worldwide – and counting. At the core of this mission is our 100 loved brands , our 11,000-strong global team, our 13 best-in-class manufact…",2026-08-08T20:38:18Z,https://www.adzuna.in/details/5833578309?utm_medium=api&utm_source=f8f3e256,data analyst,2026-08-12T08:33:59.470831+00:00
Master Data Expert - Finance,Opella Healthcare IN P.,"Hyderabad, Telangana",,,0,"Job title : Master Data Expert - Finance Location : Hyderabad Opella is the self-care challenger with the purest and third-largest portfolio in the Over-The-Counter (OTC) & Vitamins, Minerals & Supplements (VMS) market globally . Our mission is to bring health in people’s hands by making self-care as simple as it should be . For half a billion consumers worldwide – and counting. At the core of this mission is our 100 loved brands , our 11,000-strong global team, our 13 best-in-class manufacturi…",2026-08-08T20:38:56Z,https://www.adzuna.in/details/5833579126?utm_medium=api&utm_source=f8f3e256,data analyst,2026-08-12T08:33:59.470831+00:00
Executive - Data Analyst,Rehlko,India,,,0,"Why Work at Rehlko Our work is guided by our purpose: creating an energy-resilient world for a better future. This purpose embodies the legacy we bring, with more than 100 years as the global leader in energy resilience, delivering solutions critical to sustain and improve life. Our teams have the opportunity to provide a critical resource – energy – that ensures safety, security, and independence for people around the world. Our team members are focused on pushing boundaries, continuing to inn…",2026-08-08T20:36:53Z,https://www.adzuna.in/details/5833576717?utm_medium=api&utm_source=f8f3e256,data analyst,2026-08-12T08:33:59.470831+00:00
Lead Data Engineer - Data Engineering 4C,Genpact,India,,,0,"Lead Data Engineer Ready to turn bold ideas into real-world impact? At Genpact, we don’t just adapt to change, we lead it. AI and digital innovation are transforming the way businesses work, and we’re at the forefront of it. Genpact’s AI Gigafactory , our industry-first accelerator, exemplifies how we scale advanced technology solutions to help global enterprises work smarter, grow faster, and transform at scale. Whether tackling complex challenges through large-scale models or agentic AI , our…",2026-08-08T20:37:34Z,https://www.adzuna.in/details/5833577434?utm_medium=api&utm_source=f8f3e256,data analyst,2026-08-12T08:33:59.470831+00:00
Supply Chain Data Scientist,Avantor,India,,,0,"The Opportunity: JOB PURPOSE AND DECRIPTION The purpose of this role is practical application of data science in supply chain planning and inventory management to improve underlaying processes and deliver financial value. To succeed in this role, you must have multidisciplinary skill set - proven experience in project management and SC planning, knowledge of planning systems (SAP APO/IBP, OM Partners or similar), SAP architecture (underlying tables, transactions) and strong technical and analyt…",2026-08-08T20:36:50Z,https://www.adzuna.in/details/5833576648?utm_medium=api&utm_source=f8f3e256,data analyst,2026-08-12T08:33:59.470831+00:00
Sr. Developer,Cognizant,"Chennai, Tamil Nadu",,,0,Job Summary Sr Developer with 6 to 10 years of experience will design and optimize data solutions using LakeHouse Spark Job Definition OneLake SQL and PySpark while working in a hybrid day shift model and collaborating with cross functional teams to deliver reliable analytics that support retail banking focused initiatives and strategic decision making across the organization Responsibilities  Design advanced data processing solutions on LakeHouse platforms that enable reliable analytics and re…,2026-08-08T10:55:00Z,https://www.adzuna.in/details/5833020638?utm_medium=api&utm_source=f8f3e256,data analyst,2026-08-12T08:33:59.470831+00:00
"Associate Director, Technical Consultant - Data Engineering - DRACOE",MSD,"Hyderabad, Telangana",,,0,"This job is with MSD, an inclusive employer and a member of myGwork – the largest global platform for the LGBTQ business community. Please do not contact the recruiter directly. Job Description The Opportunity Based in Hyderabad, join a global healthcare biopharma company and be part of a 130- year legacy of success backed by ethical integrity, forward momentum, and an inspiring mission to achieve new milestones in global healthcare. Be part of an organisation driven by digital technology and d…",2026-08-08T17:56:27Z,https://www.adzuna.in/land/ad/5833433951?se=en-wjyiW8RGiYpuj0Q3xbQ&utm_medium=api&utm_source=f8f3e256&v=2DC128B1C149CDD0A05DFE6ED87CE0CE7D7D20C5,data analyst,2026-08-12T08:33:59.470831+00:00
Supply Chain Data Scientist,Avantor,"Coimbatore, Tamil Nadu",,,0,"The Opportunity JOB PURPOSE AND DECRIPTION The purpose of this role is practical application of data science in supply chain planning and inventory management to improve underlaying processes and deliver financial value. To succeed in this role, you must have multidisciplinary skill set - proven experience in project management and SC planning, knowledge of planning systems (SAP APO/IBP, OM Partners or similar), SAP architecture (underlying tables, transactions) and strong technical and analyti…",2026-08-08T16:04:43Z,https://www.adzuna.in/details/5833338082?utm_medium=api&utm_source=f8f3e256,data analyst,2026-08-12T08:33:59.470831+00:00
Analyst-Data Analytics,American Express,India,,,0,"Analyst-Data Analytics Gurugram, HR, India(Hybrid) Job Description Our Team The Global Merchant & Network Services (GMNS) organization is responsible for managing relationships with millions of Merchants and Partners around the world that facilitate American Express acceptance and enabling the day-to-day operations of our company's payment network. The U.S. Merchant Marketing, Global Marketing Execution & Analytics (UMGEA) team is responsible for leveraging marketing and analytics capabilities …",2026-08-08T10:57:33Z,https://www.adzuna.in/details/5833031950?utm_medium=api&utm_source=f8f3e256,data analyst,2026-08-12T08:33:59.470831+00:00
Senior Analyst,J&J Family of Companies,"Bangalore, Karnataka",,,0,"At Johnson & Johnson,?we believe health is everything. Our strength in healthcare innovation empowers us to build a?world where complex diseases are prevented, treated, and cured,?where treatments are smarter and less invasive, and?solutions are personal.?Through our expertise in Innovative Medicine and MedTech, we are uniquely positioned to innovate across the full spectrum of healthcare solutions today to deliver the breakthroughs of tomorrow, and profoundly impact health for humanity.?Learn …",2026-08-08T10:57:32Z,https://www.adzuna.in/details/5833031901?utm_medium=api&utm_source=f8f3e256,data analyst,2026-08-12T08:33:59.470831+00:00
Senior Business Analyst,"Caterpillar, Inc.","Bangalore, Karnataka",,,0,"Career Area: Technology, Digital and Data Job Description: Your Work Shapes the World at Caterpillar Inc. When you join Caterpillar, you're joining a global team who cares not just about the work we do - but also about each other. We are the makers, problem solvers, and future world builders who are creating stronger, more sustainable communities. We don't just talk about progress and innovation here - we make it happen, with our customers, where we work and live. Together, we are building a be…",2026-08-08T10:54:40Z,https://www.adzuna.in/details/5833017432?utm_medium=api&utm_source=f8f3e256,data analyst,2026-08-12T08:33:59.470831+00:00
Senior Business Analyst,"Caterpillar, Inc.","Chennai, Tamil Nadu",,,0,"Career Area: Technology, Digital and Data Job Description: Your Work Shapes the World at Caterpillar Inc. When you join Caterpillar, you're joining a global team who cares not just about the work we do - but also about each other. We are the makers, problem solvers, and future world builders who are creating stronger, more sustainable communities. We don't just talk about progress and innovation here - we make it happen, with our customers, where we work and live. Together, we are building a be…",2026-08-08T10:54:40Z,https://www.adzuna.in/details/5833017331?utm_medium=api&utm_source=f8f3e256,data analyst,2026-08-12T08:33:59.470831+00:00
"Software Dev Engineer II, Business Data Technology",Amazon,"Bangalore, Karnataka",,,0,"Description Amazon's eCommerce Foundation (eCF) organization is responsible for the core components that drive the Amazon website and customer experience. Serving millions of customer page views and orders per day, eCF builds for scale. As an organization within eCF, the Business Data Technologies (BDT) group is no exception. We process petabytes of data from thousands of data sources at Amazon including the Amazon catalog system, inventory system, customer order system, page views on the websi…",2026-08-08T10:54:24Z,https://www.adzuna.in/details/5833014616?utm_medium=api&utm_source=f8f3e256,data analyst,2026-08-12T08:33:59.470831+00:00
"Business Intelligence Engineer, Amazon Wholesale",Amazon,"Bangalore, Karnataka",,,0,"Description Amazon Wholesale India Private Limited (AWIPL) is looking for a Business Intelligence Engineer I to build the data foundation that supports our product, business, and operational decisions. AWIPL works across wholesale and business-to-business commerce, including pricing and promotions, demand planning, buying, inventory management, fulfillment, returns, liquidation, vendor experience, and distribution. These programs generate data across multiple systems and business processes. The…",2026-08-08T10:54:24Z,https://www.adzuna.in/details/5833014686?utm_medium=api&utm_source=f8f3e256,data analyst,2026-08-12T08:33:59.470831+00:00
"Quality Program Specialist, GSOC Continuous Improvement Team, Worldwide Operations Security (WWOS)",Amazon,"Bangalore, Karnataka",,,0,"Description Amazon is seeking detail-oriented, analytical applicants with a desire to work directly with takeholders, operations teams, and programs teams to identify defects, drive process improvements, and bring quality initiatives to successful resolution in support of the Global Security Operations Center (GSOC) and the Continuous Improvement Team. The applicant will exemplify Amazon's Leadership Principle Insist on the Highest Standards by ensuring operational quality, identifying defects,…",2026-08-08T10:54:24Z,https://www.adzuna.in/details/5833014758?utm_medium=api&utm_source=f8f3e256,data analyst,2026-08-12T08:33:59.470831+00:00
"Senior Specialist, ESE ML Engineer",MSD,"Hyderabad, Telangana",,,0,"This job is with MSD, an inclusive employer and a member of myGwork – the largest global platform for the LGBTQ business community. Please do not contact the recruiter directly. Job Description Senior Specialist, ESE ML Engineer The Opportunity Join a global biopharma company with a 130-year legacy and mission to achieve new milestones in healthcare. Be part of technology driven, data-led organization supporting a diversified portfolio of medicines, vaccines and animal health products. Work alo…",2026-08-08T17:56:27Z,https://www.adzuna.in/land/ad/5833433947?se=en-wjyiW8RGiYpuj0Q3xbQ&utm_medium=api&utm_source=f8f3e256&v=9B0E4CC1D6E902714441C8F739851D6D39D01548,data analyst,2026-08-12T08:33:59.470831+00:00
"Program Specialist, Amazon Customer Service",Amazon,"Hyderabad, Telangana",,,0,"Description Amazon's Network Control Center (NCC) owns real-time observability, situational awareness, and coordinated intervention across the network to rapidly detect and eliminate issues before the customer journey is degraded. The Real-Time Remedies Execution (RTRE) function within NCC acts as the centralized communications liaison between Amazon's Recovery teams, Business teams, and Amazon's customers. The mission is to help prevent contacts to Amazon by executing bulk actions on accounts …",2026-08-08T10:54:23Z,https://www.adzuna.in/details/5833014465?utm_medium=api&utm_source=f8f3e256,data analyst,2026-08-12T08:33:59.470831+00:00
Senior Data Product Analyst – Data Integrity Group,GCC India,"Hyderabad, Telangana",,,0,"Where Ambition Meets Innovation At LPL’s Global Capability Center , you'll find a collaborative culture where your voice matters, integrity guides every decision, and technology fuels progress. Your skills, talents, and ideas will redefine what's possible. LPL's success reflects its exceptional employees, who together pursue one noble purpose: empowering financial advisors to deliver personalized advice for all who need it. We’re proud to be expanding and reaching new heights in Hyderabad. Join…",2026-08-08T20:40:28Z,https://www.adzuna.in/details/5833580576?utm_medium=api&utm_source=f8f3e256,data analyst,2026-08-12T08:33:59.470831+00:00
"Program Specialist, Amazon Customer Service",Amazon,"Hyderabad, Telangana",,,0,"Description Amazon's Network Control Center (NCC) owns real-time observability, situational awareness, and coordinated intervention across the network to rapidly detect and eliminate issues before the customer journey is degraded. The Real-Time Remedies Execution (RTRE) function within NCC acts as the centralized communications liaison between Amazon's Recovery teams, Business teams, and Amazon's customers. The mission is to help prevent contacts to Amazon by executing bulk actions on accounts …",2026-08-08T10:54:23Z,https://www.adzuna.in/details/5833014527?utm_medium=api&utm_source=f8f3e256,data analyst,2026-08-12T08:33:59.470831+00:00
"Sr. Business Analyst, Global Data Analytics (GDA), Finance Operations",Amazon,"Hyderabad, Telangana",,,0,"Description The Sr. Business Analyst will be a part of highly visible, growth-oriented, and dynamic Finance Operations, Global Data & Analytics (GDA) team. This role will be instrumental in driving data-driven decision-making across our global finance operations, focusing on process optimization, financial analytics, and business intelligence solutions. The role will develop analytical solutions that empower one of the world's largest Accounts Payable and Receivable teams to operate at scale an…",2026-08-08T10:54:23Z,https://www.adzuna.in/details/5833014507?utm_medium=api&utm_source=f8f3e256,data analyst,2026-08-12T08:33:59.470831+00:00
Data Analyst,Milestone Online Technology,"Kolkata, West Bengal",,,0,"Job description Need Data Analysts with good understanding of Python (pandas), Excel, tools like Tableau and Power BI. BTech (CS/IT/EC/EE), MBA, MTech, MCA, BCA, BSc, MSc freshers from 2024, 2023, 2022, 2021 should apply. Candidate should know Data Analytics. Skills: Power Bi, Sql, Python Experience: 0.00-1.00 Years",2026-08-08T07:31:05Z,https://www.adzuna.in/details/5832798158?utm_medium=api&utm_source=f8f3e256,data analyst,2026-08-12T08:33:59.470831+00:00
Data Analyst,Milestone Online Technology,"Gurgaon, Haryana",,,0,"Job description Need Data Analysts with good understanding of Python (pandas), Excel, tools like Tableau and Power BI. BTech (CS/IT/EC/EE), MBA, MTech, MCA, BCA, BSc, MSc freshers from 2024, 2023, 2022, 2021 should apply. Candidate should know Data Analytics. Skills: Power Bi, Sql, Python Experience: 0.00-1.00 Years",2026-08-08T07:31:06Z,https://www.adzuna.in/details/5832798167?utm_medium=api&utm_source=f8f3e256,data analyst,2026-08-12T08:33:59.470831+00:00
Data Analyst,Milestone Online Technology,"Ahmedabad, Gujarat",,,0,"Job description Need Data Analysts with good understanding of Python (pandas), Excel, tools like Tableau and Power BI. BTech (CS/IT/EC/EE), MBA, MTech, MCA, BCA, BSc, MSc freshers from 2024, 2023, 2022, 2021 should apply. Candidate should know Data Analytics. Skills: Power Bi, Sql, Python Experience: 0.00-1.00 Years",2026-08-08T07:31:06Z,https://www.adzuna.in/details/5832798180?utm_medium=api&utm_source=f8f3e256,data analyst,2026-08-12T08:33:59.470831+00:00
Data Analyst,Milestone Online Technology,"Lucknow, Uttar Pradesh",,,0,"Job description Need Data Analysts with good understanding of Python (pandas), Excel, tools like Tableau and Power BI. BTech (CS/IT/EC/EE), MBA, MTech, MCA, BCA, BSc, MSc freshers from 2024, 2023, 2022, 2021 should apply. Candidate should know Data Analytics. Skills: Power Bi, Sql, Python Experience: 0.00-1.00 Years",2026-08-08T07:31:07Z,https://www.adzuna.in/details/5832798187?utm_medium=api&utm_source=f8f3e256,data analyst,2026-08-12T08:33:59.470831+00:00
Senior Manager Data Insight Analytics,Albertsons Companies India,"Bangalore, Karnataka",,,0,"About Albertsons Companies Inc.: As a leading food and drug retailer in the United States, Albertsons Companies, Inc. operates over 2,200 stores across 35 states and the District of Columbia. Our well-known banners across the United States, including Albertsons, Safeway, Vons, Jewel-Osco and others, serve more than 36 million U.S customers each week. We build and shape technology solutions that solve customers problems every day, making things easier for them when they shop with us online or in…",2026-08-08T10:52:50Z,https://www.adzuna.in/details/5833004193?utm_medium=api&utm_source=f8f3e256,data analyst,2026-08-12T08:33:59.470831+00:00
DEPUTY MANAGER - PLANNING,Bigbasket,"Bangalore, Karnataka",,,0,"Working along with Management Team and assisting on various analysis and special business initiatives as needed. Financial Business Analysis and Management reporting. Track, Analyze Report Company's Business Operations Perform analysis of data trends, defines relevant parameters, and interprets Data/ Results per business requirements for the purpose of determining performance Monitor key metrics, identify issues/opportunities, research, and escalate as appropriate. Work hands on and support/ co…",2026-08-08T07:35:16Z,https://www.adzuna.in/details/5832801295?utm_medium=api&utm_source=f8f3e256,data analyst,2026-08-12T08:33:59.470831+00:00
Analyst- HR Operations- Master Data Management- 1 Year Contract to Hire,atkinsrealis,"Bangalore, Karnataka",,,0,"Overview OverviewWe are 270 talents operating under one Hub; diversified into different process groups - Recruitment, Lifecyle, Offboarding, Service Excellence and Contact Management.We value your unique identity and perspective and are fully committed to providing equitable opportunities and building a workplace that reflects the diversity of society. We welcome you to bring your authentic self and create a better tomorrow with us. The future focussed HR organisation largely possess a strong O…",2026-08-08T07:36:29Z,https://www.adzuna.in/details/5832801681?utm_medium=api&utm_source=f8f3e256,data analyst,2026-08-12T08:33:59.470831+00:00
"Analyst, Master Data Management","Magna International, Inc",India,,,0,"We see a future where everyone can live and move without limitations. That's why we are developing technologies, systems and concepts that make vehicles safer and cleaner, while serving our communities, the planet and, above all, people. In the right environment, your ideas can turn into industry-changing automotive technologies and improve the lives of people around the world. Let's create the future of mobility, together. Job descriptions may display in multiple languages based on your langua…",2026-08-08T10:44:07Z,https://www.adzuna.in/details/5832966163?utm_medium=api&utm_source=f8f3e256,data analyst,2026-08-12T08:33:59.470831+00:00
Data Analyst,Milestone Online Technology,"Bangalore, Karnataka",,,0,"Job description Need Data Analysts with good understanding of Python (pandas), Excel, tools like Tableau and Power BI. BTech (CS/IT/EC/EE), MBA, MTech, MCA, BCA, BSc, MSc freshers from 2024, 2023, 2022, 2021 should apply. Candidate should know Data Analytics. Skills: Power Bi, Sql, Python Experience: 0.00-1.00 Years",2026-08-08T07:31:05Z,https://www.adzuna.in/details/5832798159?utm_medium=api&utm_source=f8f3e256,data analyst,2026-08-12T08:33:59.470831+00:00
AI Data Quality,Captalent Hr,"Gurgaon, Haryana",,,0,"Responsibilities Strategic Leadership: Drive development, refinement, and documentation of quality assurance processes and standard operating procedures to ensure high-quality outputs. Establish comprehensive quality metrics (e.g., F1 score, inter-annotator agreement) aligned with business objectives and industry standards. Continuously review and improve annotation workflows to identify risks, enhance efficiency, and reduce errors. Serve as the subject matter expert on annotation quality; prov…",2026-08-08T07:34:30Z,https://www.adzuna.in/details/5832800925?utm_medium=api&utm_source=f8f3e256,data analyst,2026-08-12T08:33:59.470831+00:00
Operational Data Analyst,Milestone Online Technology,"Kolkata, West Bengal",,,0,"Skills 2-4 years of experience in operational data analytics and visualization Proficiency in Tableau (Desktop, Server, and Prep), MS Excel, and SQL (Oracle, Hive, MySQL ) Bachelors degree in Computer Science, Statistics, Mathematics, Engineering, Business, or a related field Ability to analyze complex datasets, identify trends, and provide actionable insights Familiarity with Python, R, or SAS for data analysis and automation Experience with Tableau Server administration and performance tuning…",2026-08-08T07:31:05Z,https://www.adzuna.in/details/5832798151?utm_medium=api&utm_source=f8f3e256,data analyst,2026-08-12T08:33:59.470831+00:00
ETL Developer,Milestone Online Technology,"Ernakulam, Kerala",,,0,"Key Responsibilities 1. ETL Process Design and Development: Design, develop, and implement ETL processes for data extraction, transformation, and loading from various data sources into data warehouses and data marts. Create and maintain ETL workflows and scripts to ensure efficient and accurate data movement. 2. Data Integration: Integrate data from multiple disparate sources, ensuring consistency, accuracy, and completeness. Develop and maintain data integration solutions to support business i…",2026-08-08T07:31:04Z,https://www.adzuna.in/details/5832798135?utm_medium=api&utm_source=f8f3e256,data analyst,2026-08-12T08:33:59.470831+00:00
Data Analyst,Milestone Online Technology,"Patna, Bihar",,,0,"Job description Need Data Analysts with good understanding of Python (pandas), Excel, tools like Tableau and Power BI. BTech (CS/IT/EC/EE), MBA, MTech, MCA, BCA, BSc, MSc freshers from 2024, 2023, 2022, 2021 should apply. Candidate should know Data Analytics. Skills: Power Bi, Sql, Python Experience: 0.00-1.00 Years",2026-08-08T07:31:06Z,https://www.adzuna.in/details/5832798181?utm_medium=api&utm_source=f8f3e256,data analyst,2026-08-12T08:33:59.470831+00:00
Power BI Expert,Milestone Online Technology,"Ernakulam, Kerala",,,0,"Job description Job Summary: We are looking for a skilled Power BI Analyst with at least 3 years of experience in Power BI visualizations and a deep understanding of SQL. The ideal candidate will be responsible for creating interactive and insightful dashboards, optimizing data models, and ensuring data accuracy for business decision-making. This role requires strong analytical skills, business acumen, and the ability to transform complex datasets into meaningful insights. Key Responsibilities:…",2026-08-08T07:31:04Z,https://www.adzuna.in/details/5832798140?utm_medium=api&utm_source=f8f3e256,data analyst,2026-08-12T08:33:59.470831+00:00
Operational Data Analyst,Milestone Online Technology,"Bangalore, Karnataka",,,0,"Skills 2-4 years of experience in operational data analytics and visualization Proficiency in Tableau (Desktop, Server, and Prep), MS Excel, and SQL (Oracle, Hive, MySQL ) Bachelors degree in Computer Science, Statistics, Mathematics, Engineering, Business, or a related field Ability to analyze complex datasets, identify trends, and provide actionable insights Familiarity with Python, R, or SAS for data analysis and automation Experience with Tableau Server administration and performance tuning…",2026-08-08T07:31:04Z,https://www.adzuna.in/details/5832798138?utm_medium=api&utm_source=f8f3e256,data analyst,2026-08-12T08:33:59.470831+00:00
Data Analyst/BI Developer,Milestone Online Technology,"Hyderabad, Telangana",,,0,"Job description Responsibilities: Develop and maintain interactive dashboards and reports using Tableau(Strong). Write and optimize SQL queries to extract, transform, and load (ETL) data from various sources. Design and implement data models and databases to support business needs. Understanding of GenAI will be added advantage. Create and manage Power Apps to automate workflows and improve business processes. Collaborate with cross-functional teams to understand business requirements and trans…",2026-08-08T07:31:04Z,https://www.adzuna.in/details/5832798139?utm_medium=api&utm_source=f8f3e256,data analyst,2026-08-12T08:33:59.470831+00:00
Product Analyst,Ather Energy,"Bangalore, Karnataka",,,0,"What youll do at Ather: Our business journey captures a wealth of information at different touchpoints with the vehicle and customer during production, sales, marketing and vehicle ownership. On the customer front, not only is there data captured through online touchpoints like the website, email marketing, digital marketing, app interactions, and social engagements, but we also accumulate data through physical touchpoints like the experience center, call interactions, vehicle service interacti…",2026-08-08T07:28:45Z,https://www.adzuna.in/details/5832796591?utm_medium=api&utm_source=f8f3e256,data analyst,2026-08-12T08:33:59.470831+00:00
Senior Data Analyst I,SWISS RE,"Bangalore, Karnataka",,,0,"About the Role You will be a part of a pool of analysts responsible for analyzing the financial performance of the Business Unit Life & Health Reinsurance (BU LH Re). We support our leading client managers and underwriters in managing and steering their client relationships and portfolios. In this role, you will work closely with all teams within BU LH Re Finance across locations to drive digital transformation and analytics initiatives. Key Responsibilities Gather requirements from sub-BU team…",2026-08-08T07:28:17Z,https://www.adzuna.in/details/5832796068?utm_medium=api&utm_source=f8f3e256,data analyst,2026-08-12T08:33:59.470831+00:00
Analyst Partner Management,SWISS RE,"Bangalore, Karnataka",,,0,"This is your opportunity to join the Reinsurance Client Governance team of Swiss Re. The team acts as centralized facilitator for the global Reinsurance community and Group Functions in organizing, managing and maintaining core data and KYC information of Swiss Res clients. This position is part of Partner Management Team under Reinsurance Client Governance team of L&H Business Excellence, will have responsibility to support the Client / Partner Data Management activities including data governa…",2026-08-08T07:28:13Z,https://www.adzuna.in/details/5832795941?utm_medium=api&utm_source=f8f3e256,data analyst,2026-08-12T08:33:59.470831+00:00
Digital-Senior Analyst- DATA Scientist SA,Personiv,"Mumbai, Maharashtra",,,0,"Senior Analyst Role and responsibilities: Understand business problem and requirements by building domain knowledge and translate to data science problem. Conceptualize and design cutting edge data science solution to solve the data science problem, apply design-thinking concepts. Identify the right algorithms, tech stack, sample outputs required to efficiently adder the end need. Prototype and experiment the solution to successfully demonstrate the value. Independently or with support from tea…",2026-08-08T07:27:40Z,https://www.adzuna.in/details/5832795445?utm_medium=api&utm_source=f8f3e256,data analyst,2026-08-12T08:33:59.470831+00:00
Sustainability Data & Energy Analyst,Sandisk,"Bangalore, Karnataka",,,0,"Job Description The Sustainability Data & Energy Analyst plays a critical role in analyzing, forecasting, and optimizing the company’s energy usage, utility spend, and sustainability performance. This position leads complex data modeling, energy performance analysis, and reporting initiatives that support cost reduction, operational efficiency, carbon reduction strategies, and regulatory compliance. The ideal candidate combines strong technical analytics skills with deep knowledge of energy sys…",2026-08-08T07:21:42Z,https://www.adzuna.in/details/5832790568?utm_medium=api&utm_source=f8f3e256,data analyst,2026-08-12T08:33:59.470831+00:00
Azure Data Engineer,Arminus,"Raikhad, Ahmedabad",1500000.0,3000000.0,0,"Azure Data Engineer Azure Databricks, ADF & Azure Data Platform The Team Deloitte's Technology & Transformation practice can help you uncover and unlock the value buried deep inside vast amounts of data. Our global network provides strategic guidance and implementation services to help companies manage data from disparate sources and convert it into accurate, actionable information that can support fact-driven decision-making and generate an insight-driven advantage. Our practice addresses the …",2026-08-07T23:32:45Z,https://www.adzuna.in/details/5832275225?utm_medium=api&utm_source=f8f3e256,data analyst,2026-08-12T08:33:59.470831+00:00
Application Developer,Visy India,"Hyderabad, Telangana",,,0,"Position Summary: The Application Developer supports and enhances business-critical manufacturing and quality systems used across Visy operations. The role is responsible for application support, software development, project delivery, and continuous improvement of primarily .NET-based applications and related technologies. Working closely with operations, quality, and IT teams, the position ensures systems are reliable, secure, and aligned with business requirements. The role operates with a h…",2026-08-08T10:53:01Z,https://www.adzuna.in/details/5833005583?utm_medium=api&utm_source=f8f3e256,data analyst,2026-08-12T08:33:59.470831+00:00
Operational Data Analyst,Milestone Online Technology,"Pune, Maharashtra",,,0,"Skills 2-4 years of experience in operational data analytics and visualization Proficiency in Tableau (Desktop, Server, and Prep), MS Excel, and SQL (Oracle, Hive, MySQL ) Bachelors degree in Computer Science, Statistics, Mathematics, Engineering, Business, or a related field Ability to analyze complex datasets, identify trends, and provide actionable insights Familiarity with Python, R, or SAS for data analysis and automation Experience with Tableau Server administration and performance tuning…",2026-08-08T07:31:04Z,https://www.adzuna.in/details/5832798136?utm_medium=api&utm_source=f8f3e256,data analyst,2026-08-12T08:33:59.470831+00:00
Security Solution Architect,Ness Digital Engineering,India,,,0,"Description Security Solution Architect Role Purpose The Security Solution Architect will lead the Data Security Assessment and Remediation initiative from a security, privacy, governance, and risk management perspective. The role is responsible for assessing the current-state security posture, identifying control gaps, defining security and privacy requirements, and establishing a secure target-state architecture that protects sensitive customer and loyalty data. Job Summary The Security Solut…",2026-08-07T20:54:52Z,https://www.adzuna.in/details/5832090397?utm_medium=api&utm_source=f8f3e256,data analyst,2026-08-12T08:34:03.463278+00:00
Principal Survey Data Analyst,Oceaneering,"Chandigarh, India",,,0,"Description The S&P (Survey and Positioning) Hydrographic Survey Data Analyst is responsible for data processing and analysis activities required for job preparation, field support, office QC, final reporting QC, final deliverable QC, and project close out activities assigned by Project Management. This position operates company supplied computers with appropriate software programs to support data processing and analysis tasks. This position interfaces closely with the offshore staff, GIS and P…",2026-08-07T20:55:11Z,https://www.adzuna.in/details/5832090748?utm_medium=api&utm_source=f8f3e256,data analyst,2026-08-12T08:34:03.463278+00:00
Revenue Systems Analyst,Litera,India,,,0,"Job Description Ready to Help Shape the Future of Legal Tech?! At Litera, we don’t just build software, we transform how the world’s top law firms operate. Every day, we Raise The Bar™️ for what’s possible through AI, innovation, and solutions that power millions of legal professionals worldwide. If you’re energized by scale, real impact, and meaningful challenges, you’ll feel right at home here. Where You’ll Work This is a hybrid role based in Ahmedabad, India with the expectations to be in of…",2026-08-07T20:55:21Z,https://www.adzuna.in/details/5832090917?utm_medium=api&utm_source=f8f3e256,data analyst,2026-08-12T08:34:03.463278+00:00
GN-I&E-Utilities- Data Architect-Analyst,Accenture,India,,,0,"Job Title: Data Architect - Utilities Domain – S&C GN Management Level: 09 to 07 Location: Mumbai / Pune / Bangalore / Gurgaon / Hyderabad Must Have Skills: Enterprise Data Architecture, Data Modeling, Utilities Domain Knowledge, Cloud-based Data Platforms (AWS/Azure/GCP) Good to Have Skills: Data Governance (Collibra, Purview, Unity Catalog), Data Product Design, Utilities Analytics (Asset Performance, Risk Modeling), SCADA/OMS/PI Historian Knowledge Experience: Minimum 6 years (with at least …",2026-08-07T20:55:22Z,https://www.adzuna.in/details/5832090942?utm_medium=api&utm_source=f8f3e256,data analyst,2026-08-12T08:34:03.463278+00:00
Data ETL Developer,Acme Services Private Limited,"Bazargate, Mumbai",1900000.0,2000000.0,0,"Job Description: Design, develop, and maintain ETL/ELT data pipelines for large-scale data processing. Develop and optimize data workflows using Informatica. Work extensively with Hadoop ecosystem technologies for distributed data processing. Develop data transformation and processing jobs using Apache Spark / PySpark. Build and maintain data pipelines and data models on Snowflake. Perform data extraction, transformation, cleansing, validation, and loading. Work with structured and unstructured…",2026-08-07T23:32:29Z,https://www.adzuna.in/details/5832275044?utm_medium=api&utm_source=f8f3e256,data analyst,2026-08-12T08:34:03.463278+00:00
"Business Analyst II, WW FBA, FBA Analytics",Amazon,India,,,0,"At Amazon, we're working to be the most customer-centric company on earth. To get there, we need exceptionally talented, bright, and driven people. Over 2 million Sellers in 10 countries ship billions of products for sale on the Amazon Marketplace. To meet our sellers’ needs, we are constantly innovating and building on new ideas. Fulfillment by Amazon (FBA) Inbound analytics and data science team partners with product team to optimize inbound supply chain by influencing right tradeoffs among c…",2026-08-07T20:56:54Z,https://www.adzuna.in/details/5832092302?utm_medium=api&utm_source=f8f3e256,data analyst,2026-08-12T08:34:03.463278+00:00
Data Solutions Analyst,Barclays,India,,,0,"Job Description Purpose of the role To support the bank's decision-making processes by providing timely, accurate, and insightful information through designing, developing, and maintaining management reports, compelling visualisations and dashboards that effectively communicate key performance indicators (KPIs), data insights and trends across various business units. Accountabilities Design and development of comprehensive reports and dashboards utilisng best practices in data visualisation pri…",2026-08-07T20:57:54Z,https://www.adzuna.in/details/5832093550?utm_medium=api&utm_source=f8f3e256,data analyst,2026-08-12T08:34:03.463278+00:00
Solution Architect - Enterprise AI,Smith & Nephew,India,,,0,"Job Title - Solution Architect - Enterprise AI Location: Kharadi, Pune, India. Life Unlimited. At SmithNephew, we design and manufacture technology that takes the limits off living. SmithNephew is seeking a Solution Architect - Enterprise AI to design scalable, secure, and business-ready AI solutions that improve decision-making, productivity, and user experience across Manufacturing, MedTech, Commercial, and Procurement domains. This role will focus on enterprise AI solution architecture, GenA…",2026-08-07T21:00:04Z,https://www.adzuna.in/details/5832102450?utm_medium=api&utm_source=f8f3e256,data analyst,2026-08-12T08:34:03.463278+00:00
Data Analyst,Fortive,India,,,0,"Description The Data Analyst will focus on advanced analytics, predictive modeling, and scalable BI development to support Sales leadership with forward-looking insights. This role is responsible for building and maintaining predictive, repeatable reporting frameworks across forecasting, top-of-funnel performance, and core sales KPIs. Advanced Analytics & Predictive Modeling Design and maintain predictive models to support revenue forecasting, pipeline movement, deal progression, and funnel con…",2026-08-07T20:54:37Z,https://www.adzuna.in/details/5832090086?utm_medium=api&utm_source=f8f3e256,data analyst,2026-08-12T08:34:03.463278+00:00
Analyst - Business Data Services 5B,Genpact,India,,,0,"Analyst - Business Data Services Ready to turn bold ideas into real-world impact? At Genpact, we don’t just adapt to change, we lead it. AI and digital innovation are transforming the way businesses work, and we’re at the forefront of it. Genpact’s AI Gigafactory , our industry-first accelerator, exemplifies how we scale advanced technology solutions to help global enterprises work smarter, grow faster, and transform at scale. Whether tackling complex challenges through large-scale models or ag…",2026-08-07T20:55:23Z,https://www.adzuna.in/details/5832090948?utm_medium=api&utm_source=f8f3e256,data analyst,2026-08-12T08:34:03.463278+00:00
Business Intelligence and Data Analyst,Trelleborg Group,India,,,0,"Are you a talent looking to build business skills, gain experience, and take on exciting challenges? Grow your career with Trelleborg and start shaping the industry from the inside. We are looking for Business Intelligence and Data Analyst you will be supporting to Operate and continuously improve the CARS/BI backend within the global Enterprise Data Warehouse and Business Intelligence platform, ensuring system stability, continuous data loading, and the timely delivery of business-critical rep…",2026-08-07T20:41:37Z,https://www.adzuna.in/details/5832078489?utm_medium=api&utm_source=f8f3e256,data analyst,2026-08-12T08:34:03.463278+00:00
Senior Principal Engineer - Data Engineering,Marsh McLennan,India,,,0,"Company: Marsh Risk Description: We are seeking a talented individual to join our Marsh Risk Tech team, a Marsh business. This role will be based in Pune/Gurugram. This is a hybrid role that has a requirement of working at least three days a week in the office. Senior Data Engineer (PySpark, SQL, Databricks) We are seeking an experienced Data Engineer with strong expertise in Databricks, PySpark, and SQL to design, build, and optimize scalable cloud-native data solutions. The ideal candidate wi…",2026-08-07T20:50:35Z,https://www.adzuna.in/details/5832086087?utm_medium=api&utm_source=f8f3e256,data analyst,2026-08-12T08:34:03.463278+00:00
Product Analyst,Game District,India,,,0,"Product Analyst RESPONSIBILITIES Pillar 1 · PLAYER BEHAVIOUR & RETENTION ANALYTICS Build dashboards to monitor player health, retention, engagement, and churn. Perform cohort, funnel, and player segmentation analyses to uncover behavioral insights. Identify churn risks, engagement opportunities, and metric anomalies, delivering actionable recommendations to product and live-ops teams. Pillar 2 · UA & PAID CHANNEL PERFORMANCE Own UA performance reporting across paid channels, tracking acquisitio…",2026-08-07T20:53:43Z,https://www.adzuna.in/details/5832089024?utm_medium=api&utm_source=f8f3e256,data analyst,2026-08-12T08:34:03.463278+00:00
Data Mapping Analyst - Senior Associate,PricewaterhouseCoopers,India,,,0,"Industry/Sector Banking and Capital Markets Specialism Advisory - Other Management Level Senior Associate Job Description & Summary The Opportunity Join our Acceleration Center India and help shape the future of business for our diverse client portfolio across geographies and jurisdictions. You’ll work at the heart of global teams across Advisory, Assurance, Tax and Business Services—solving real client challenges through connected collaboration. We’ll help you grow your skills so you can go fu…",2026-08-07T20:52:28Z,https://www.adzuna.in/details/5832087747?utm_medium=api&utm_source=f8f3e256,data analyst,2026-08-12T08:34:03.463278+00:00
Data Engineer,Rockstar Games,"Bangalore, Karnataka",,,0,"At Rockstar Games, we create world-class entertainment experiences. Become part of a team working on some of the most rewarding, large-scale creative projects to be found in any entertainment medium - all within an inclusive, highly motivated environment where you can learn and collaborate with some of the most talented people in the industry. Rockstar is seeking a Data Engineer to join our online services team, building an innovative game analytics platform and tools to better understand our p…",2026-08-07T20:51:18Z,https://www.adzuna.in/details/5832086647?utm_medium=api&utm_source=f8f3e256,data analyst,2026-08-12T08:34:03.463278+00:00
"Sr. Business Analyst, Global Data Analytics (GDA), Finance Operations",Amazon,India,,,0,"The Sr. Business Analyst will be a part of highly visible, growth-oriented, and dynamic Finance Operations, Global Data & Analytics (GDA) team. This role will be instrumental in driving data-driven decision-making across our global finance operations, focusing on process optimization, financial analytics, and business intelligence solutions. The role will develop analytical solutions that empower one of the world’s largest Accounts Payable and Receivable teams to operate at scale and resolve pr…",2026-08-07T20:50:12Z,https://www.adzuna.in/details/5832085790?utm_medium=api&utm_source=f8f3e256,data analyst,2026-08-12T08:34:03.463278+00:00
Azure Data Engineer,EXL,"Pune, Maharashtra",,,0,"Description Role: Azure Data Engineer Location: Gurugram Work Mode: Hybrid Key Responsibilities: • Design and develop ETL/ELT pipelines using Azure Data Factory, Snowflake, and DBT. • Build and maintain data integration workflows from various data sources to Snowflake. • Write efficient and optimized SQL queries for data extraction and transformation. • Work with stakeholders to understand business requirements and translate them into technical solutions. • Monitor, troubleshoot, and optimize d…",2026-08-07T20:49:16Z,https://www.adzuna.in/details/5832085034?utm_medium=api&utm_source=f8f3e256,data analyst,2026-08-12T08:34:03.463278+00:00
Reporting and Analytics Manager,Amgen,"Hyderabad, Telangana",,,0,"Career Category Medical Services Job Description ABOUT AMGEN Amgen harnesses the best of biology and technology to fight the world’s toughest diseases, and make people’s lives easier, fuller, and longer. We discover, develop, manufacture, and deliver innovative medicines to help millions of patients. Amgen helped establish the biotechnology industry more than 40 years ago and remains on the forefront of innovation, using technology and human genetic data to push beyond what is known today. ABOU…",2026-08-07T20:48:51Z,https://www.adzuna.in/details/5832084701?utm_medium=api&utm_source=f8f3e256,data analyst,2026-08-12T08:34:03.463278+00:00
"Data and Analytics Engineer , Enablement",Zensar Technologies,"Mumbai, Maharashtra",,,0,"Description We are looking for an experienced Data and Analytics Engineer to join our team and empower data engineers and analysts. Your role will be crucial in demonstrating the practical value of data-driven decision-making. You will work closely with various stakeholders to understand their data needs, guide them through best practices in data engineering, and deliver high-performing reports and visualizations. This position offers an exciting opportunity to contribute to our data-centric cu…",2026-08-07T20:48:30Z,https://www.adzuna.in/details/5832084398?utm_medium=api&utm_source=f8f3e256,data analyst,2026-08-12T08:34:03.463278+00:00
Sr. Associate - F&A - I2C 5B,Genpact,India,,,0,"Sr. Associate - F&A - I2C Ready to turn bold ideas into real-world impact? At Genpact, we don’t just adapt to change, we lead it. AI and digital innovation are transforming the way businesses work, and we’re at the forefront of it. Genpact’s AI Gigafactory , our industry-first accelerator, exemplifies how we scale advanced technology solutions to help global enterprises work smarter, grow faster, and transform at scale. Whether tackling complex challenges through large-scale models or agentic A…",2026-08-07T20:46:14Z,https://www.adzuna.in/details/5832082762?utm_medium=api&utm_source=f8f3e256,data analyst,2026-08-12T08:34:03.463278+00:00
Solution Architect – Power BI Migration,Kyndryl,India,,,0,"Who We Are At Kyndryl, we run and reimagine the mission-critical technology systems that drive advantage for the world’s leading businesses. We are at the heart of progress; with proven expertise and a continuous flow of AI-powered insight, enabling smarter decisions, faster innovation, and a lasting competitive edge. For our people—Kyndryls—that means doing purposeful work that powers human progress. Join us and experience a flexible, supportive environment where your well-being is prioritized…",2026-08-07T20:45:43Z,https://www.adzuna.in/details/5832082361?utm_medium=api&utm_source=f8f3e256,data analyst,2026-08-12T08:34:03.463278+00:00
BA - Capital market,Trigent Software Private Limited,India,300000.0,3300000.0,0,"This role is for a Business Analyst for the Markets Data Store. The candidate needs to be a self-starter, willing to initiate contact with the programme team, internal and external stakeholders and capable of contributing in working groups and workshops engaging these stakeholders. The focus of the role will be to: Consumer engagement and facilitate migration of consumers from legacy data sources to new platform/central trade store. Know trade & pre-trade life cycle and key business functions i…",2026-08-07T23:32:36Z,https://www.adzuna.in/details/5832275135?utm_medium=api&utm_source=f8f3e256,data analyst,2026-08-12T08:34:03.463278+00:00
Data Scientist,Barclays,India,,,0,"Job Description Purpose of the role To use innovative data analytics and machine learning techniques to extract valuable insights from the bank's data reserves, leveraging these insights to inform strategic decision-making, improve operational efficiency, and drive innovation across the organisation. Accountabilities Identification, collection, extraction of data from various sources, including internal and external sources. Performing data cleaning, wrangling, and transformation to ensure its …",2026-08-07T20:53:48Z,https://www.adzuna.in/details/5832089103?utm_medium=api&utm_source=f8f3e256,data analyst,2026-08-12T08:34:03.463278+00:00
IN_Senior Associate_Adobe Target QA _D&A_Advisory_Bangalore,PricewaterhouseCoopers,India,,,0,"Line of Service Advisory Industry/Sector Not Applicable Specialism Data, Analytics & AI Management Level Senior Associate Job Description & Summary At PwC, our people in data and analytics focus on leveraging data to drive insights and make informed business decisions. They utilise advanced analytics techniques to help clients optimise their operations and achieve their strategic goals. In data analysis at PwC, you will focus on utilising advanced analytical techniques to extract insights from …",2026-08-07T20:42:32Z,https://www.adzuna.in/details/5832079366?utm_medium=api&utm_source=f8f3e256,data analyst,2026-08-12T08:34:03.463278+00:00
Senior Data Engineer,Salesforce,"Hyderabad, Telangana",,,0,"To get the best candidate experience, please consider applying for a maximum of 3 roles within 12 months to ensure you are not duplicating efforts. Job Category Data Job Details About Salesforce Salesforce is the 1 AI CRM, where humans with agents drive customer success together. Here, ambition meets action. Tech meets trust. And innovation isn’t a buzzword — it’s a way of life. The world of work as we know it is changing and we're looking for Trailblazers who are passionate about bettering bus…",2026-08-07T20:54:23Z,https://www.adzuna.in/details/5832089807?utm_medium=api&utm_source=f8f3e256,data analyst,2026-08-12T08:34:03.463278+00:00
Content Analyst (Data Steward),Jobgether,India,,,0,"This position is listed on behalf of a partner company, who manages all applications and next steps. Our partner is looking for a Content Analyst (Data Steward) based in India. This role offers the opportunity to ensure the accuracy, consistency, and reliability of critical data assets that support innovative healthcare solutions. You will play a key role in managing data quality, governance processes, and content operations across multiple products and systems. The position combines analytical…",2026-08-07T20:41:29Z,https://www.adzuna.in/details/5832078345?utm_medium=api&utm_source=f8f3e256,data analyst,2026-08-12T08:34:03.463278+00:00
Analyst-Data Analytics,American Express,India,,,0,"Description Our Team The Global Merchant & Network Services (GMNS) organization is responsible for managing relationships with millions of Merchants and Partners around the world that facilitate American Express acceptance and enabling the day-to-day operations of our company’s payment network. The U.S. Merchant Marketing, Global Marketing Execution & Analytics (UMGEA) team is responsible for leveraging marketing and analytics capabilities to drive sustainable growth through customer, partner, …",2026-08-07T20:37:35Z,https://www.adzuna.in/details/5832074482?utm_medium=api&utm_source=f8f3e256,data analyst,2026-08-12T08:34:03.463278+00:00
Data Strategy Innovation Analyst,MSD,India,,,0,"Job Description Data Strategy Innovation Analyst The Opportunity Based in Hyderabad, join a global healthcare biopharma company and be part of a 130-year legacy of success backed by ethical integrity, forward momentum, and an inspiring mission to achieve new milestones in global healthcare. Be part of an organisation driven by digital technology and data-backed approaches that support a diversified portfolio of prescription medicines, vaccines, and animal health products. Drive innovation and e…",2026-08-07T20:38:30Z,https://www.adzuna.in/details/5832075301?utm_medium=api&utm_source=f8f3e256,data analyst,2026-08-12T08:34:03.463278+00:00
"Quality Program Specialist, GSOC Continuous Improvement Team, Worldwide Operations Security (WWOS)",Amazon,India,,,0,"Amazon is seeking detail-oriented, analytical applicants with a desire to work directly with takeholders, operations teams, and programs teams to identify defects, drive process improvements, and bring quality initiatives to successful resolution in support of the Global Security Operations Center (GSOC) and the Continuous Improvement Team. The applicant will exemplify Amazon's Leadership Principle Insist on the Highest Standards by ensuring operational quality, identifying defects, and continu…",2026-08-07T20:38:43Z,https://www.adzuna.in/details/5832075501?utm_medium=api&utm_source=f8f3e256,data analyst,2026-08-12T08:34:03.463278+00:00
Product Manager – Data Publishing and Processing,JPMorganChase,"Hyderabad, Telangana",,,0,"Description You’re passionate about making data easy to publish, trustworthy to consume, and fast to power AI-driven decisions. Join our Data Publishing & Processing (DPP) organization to lead products that simplify and standardize the end‑to‑end publishing experience across ingestion, transformation, quality, orchestration, and governed delivery. You will help deliver a unified, intelligent platform that reduces time‑to‑publish, lowers cost‑to‑serve, and enforces quality checks and lineage. As…",2026-08-07T20:38:58Z,https://www.adzuna.in/details/5832075708?utm_medium=api&utm_source=f8f3e256,data analyst,2026-08-12T08:34:03.463278+00:00
Data Analyst,Ness Digital Engineering,India,,,0,"Description Job Description – Data Analyst Role Purpose The Data Analyst will support assessment activities through data discovery, profiling, classification, documentation, and stakeholder engagement. The role serves as the bridge between business, architecture, governance, and technical teams. Job Summary The Data Analyst is responsible for identifying where sensitive data exists, understanding how it is used, documenting findings, supporting classification exercises, and validating recommend…",2026-08-07T20:40:13Z,https://www.adzuna.in/details/5832076904?utm_medium=api&utm_source=f8f3e256,data analyst,2026-08-12T08:34:03.463278+00:00
Sales Analyst & Marcom – India Pumps,Circor Careers,"Mulund West, Mumbai",,,0,"Job Title: Sales Analyst & Marcom – India Pumps Business : Industrial Pumps – India Location : Thane, India Reporting : Director Marketing & Strategic Growth, India Pumps Job Summary We are seeking a data-driven and strategic B2B Sales Analyst & Marcom Engineer / Executive to support our business growth initiatives. This role will be responsible for driving MarCom initiatives, executing regional marketing projects, analyzing sales and marketing performance, identifying trends, and providing act…",2026-08-07T20:39:30Z,https://www.adzuna.in/details/5832076131?utm_medium=api&utm_source=f8f3e256,data analyst,2026-08-12T08:34:03.463278+00:00
"Data and Analytics, Supervisor",RSM,India,,,0,"We are the leading provider of professional services to the middle market globally, our purpose is to instill confidence in a world of change, empowering our clients and people to realize their full potential. Our exceptional people are the key to our unrivaled, inclusive culture and talent experience and our ability to be compelling to our clients. You’ll find an environment that inspires and empowers you to thrive both personally and professionally. There’s no one like you and that’s why ther…",2026-08-07T20:39:33Z,https://www.adzuna.in/details/5832076160?utm_medium=api&utm_source=f8f3e256,data analyst,2026-08-12T08:34:03.463278+00:00
Databricks Manager,BSR & Co,"Bangalore, Karnataka",,,0,"Description Job Title: Data Analyst Manager ( SQL  Python Developer) Location: Bangalore (ODC project) Experience : 9 to 12 years Qualification : Bachelor’s degree in computer science, Information Systems, Data Analytics, or related field. Experience leading large client engagements with solution architecture knowledge. Must have strong stakeholder management and interpersonal skills 9 to 12 years of experience in data analysis, with strong skills in SQL and Python. Experience in data cleaning,…",2026-08-07T20:39:35Z,https://www.adzuna.in/details/5832076190?utm_medium=api&utm_source=f8f3e256,data analyst,2026-08-12T08:34:03.463278+00:00
Associate Data Analyst,Goodyear,India,,,0,"The opportunity As a Staff Data Analyst, you will deliver advanced data analyses, reporting, and data visualization solutions. You will work closely with stakeholders to understand business questions, translate requirements into analytical approaches, and communicate insights in a clear and structured way. The role combines hands‑on analysis with the opportunity to contribute to reusable tools, dashboards, and data preparation processes that support recurring analytics. On this position you wil…",2026-08-07T20:37:18Z,https://www.adzuna.in/details/5832074225?utm_medium=api&utm_source=f8f3e256,data analyst,2026-08-12T08:34:03.463278+00:00
"Group Data Privacy (GDP) – Data Privacy Analyst,AS",Deutsche Bank,India,,,0,"Job Description: Job Title- Group Data Privacy (GDP) – Data Privacy Analyst, AS Location- Bangalore, India Role Description C&AFC C&AFC is responsible for managing the compliance and anti-financial crime risk of Deutsche Bank Group. Our mission is to ensure that C&AFC services are provided to the bank with the goals of protecting its integrity and reputation and managing legal risk to make transactions viable and safe. We partner with Risk, Regulation, Legal, Group Audit and others to provide a…",2026-08-07T20:39:09Z,https://www.adzuna.in/details/5832075844?utm_medium=api&utm_source=f8f3e256,data analyst,2026-08-12T08:34:03.463278+00:00
Cloud Engineer,66degrees,India,,,0,"Overview of 66degrees 66degrees is an end-to-end AI transformation partner that guides enterprises from complex business challenges to clear, quantifiable outcomes. Our company is the culmination of several successful firms, each a leader in its own right in cloud, artificial intelligence, and data. This convergence of talent and expertise is how we help businesses reach their own ""inflection point,"" where chaotic data becomes a strategic asset, complexity becomes clarity, and AI becomes an eng…",2026-08-07T20:37:06Z,https://www.adzuna.in/details/5832074036?utm_medium=api&utm_source=f8f3e256,data analyst,2026-08-12T08:34:03.463278+00:00
"Data Engineer (AWS, Azure & Microsoft Copilot Studio)","NTT America, Inc.","Bangalore, Karnataka",,,0,"Req ID: 384611 NTT DATA strives to hire exceptional, innovative and passionate individuals who want to grow with us. If you want to be part of an inclusive, adaptable, and forward-thinking organization, apply now. We are currently seeking a Data Engineer (AWS, Azure & Microsoft Copilot Studio) to join our team in Bangalore, Karnataka (IN-KA), India (IN). Job Description - Data Engineer (AWS, Azure & Microsoft Copilot Studio) Job Title: Data Engineer - AWS, Azure & Microsoft Copilot Studio Locat…",2026-08-07T10:55:48Z,https://www.adzuna.in/details/5831607509?utm_medium=api&utm_source=f8f3e256,data analyst,2026-08-12T08:34:03.463278+00:00
"Software Dev Engineer II, Business Data Technology",ADCI - Karnataka,"Bangalore, Karnataka",,,0,"Amazon’s eCommerce Foundation (eCF) organization is responsible for the core components that drive the Amazon website and customer experience. Serving millions of customer page views and orders per day, eCF builds for scale. As an organization within eCF, the Business Data Technologies (BDT) group is no exception. We process petabytes of data from thousands of data sources at Amazon including the Amazon catalog system, inventory system, customer order system, page views on the website and Alexa…",2026-08-07T16:05:40Z,https://www.adzuna.in/details/5831867224?utm_medium=api&utm_source=f8f3e256,data analyst,2026-08-12T08:34:03.463278+00:00
Azure Data Engineer,VY SYSTEMS PRIVATE LIMITED,"Bangalore, Karnataka",400000.0,1700000.0,0,"Job Summary We are seeking a skilled Azure Data Engineer with hands-on experience in Azure Data Services, Azure Databricks, Python, PySpark, and SQL. The ideal candidate will be responsible for designing, developing, and optimizing scalable data pipelines and data processing solutions to support business intelligence, analytics, and reporting requirements. Key Responsibilities Design, develop, and maintain scalable ETL/ELT pipelines using Azure Databricks and PySpark. Build and optimize data pr…",2026-08-07T16:05:35Z,https://www.adzuna.in/details/5831867077?utm_medium=api&utm_source=f8f3e256,data analyst,2026-08-12T08:34:03.463278+00:00
Tax Preparers,JobsPeopleDo.com,"Mumbai, Maharashtra",,,0,"Agriculture, Food and Natural Resources Agricultural Engineer Aquacultural Manager Biofuels/Biodiesel Technology and Product Development Biomass Power Plant Manager Brownfield Redevelopment Specialists and Site Managers Butcher Buyers and Purchasing Agents, Farm Products Chemist Chief Sustainability Officer Conservation Scientists Environmental Engineer Environmental Lawyer Faller Farm Equipment Mechanics Farm Labour Contractor Farmers and Ranchers Farmworkers, Farm and Ranch Animals Financial …",2026-08-07T16:04:46Z,https://www.adzuna.in/details/5831864347?utm_medium=api&utm_source=f8f3e256,data analyst,2026-08-12T08:34:03.463278+00:00
Data Collection Analyst,Stats Perform,"Chennai, Tamil Nadu",,,0,"Overview Stats Perform is the market leader in sports tech. We provide the most trusted sports data to some of the world's biggest organizations, across sports, media, and broadcasting. Through the latest AI technologies and machine learning, we combine decades' worth of data with the latest in-game happenings. We then offer coaches, teams, professional bodies, and media channels around the world, access to the very best data, content, and insights. In turn, improving how sports fans interact w…",2026-08-07T16:04:42Z,https://www.adzuna.in/details/5831863587?utm_medium=api&utm_source=f8f3e256,data analyst,2026-08-12T08:34:03.463278+00:00
Geospatial Intelligence Analyst,U.S. Bank,"Chennai, Tamil Nadu",,,0,"At U.S. Bancorp India, we're on a journey to do our best. We believe it takes all of us to bring our shared ambition to life, and each person is unique in their potential. A career with U.S. Bancorp India gives you a wide, ever-growing range of opportunities to discover what makes you thrive at every stage of your career. Try new things, learn new skills and discover what you excel at-all from Day One. Job Description Geospatial Intelligence Analyst - Risk Intelligence Center Job Grade: 15 | Cr…",2026-08-07T10:57:16Z,https://www.adzuna.in/details/5831609544?utm_medium=api&utm_source=f8f3e256,data analyst,2026-08-12T08:34:03.463278+00:00
Senior Data Scientist,UnitedHealth Group,"Noida, Ghaziabad",,,0,"Requisition number: 2341464 Job category: Business & Data Analytics Optum is a global organization that delivers care, aided by technology to help millions of people live healthier lives. The work you do with our team will directly improve health outcomes by connecting people with the care, pharmacy benefits, data and resources they need to feel their best. Here, you will find a culture guided by inclusion, talented peers, comprehensive benefits and career development opportunities. Come make a…",2026-08-07T10:57:05Z,https://www.adzuna.in/details/5831609447?utm_medium=api&utm_source=f8f3e256,data analyst,2026-08-12T08:34:03.463278+00:00
Sr Data Scientist-Pricing,Target,"Bangalore, Karnataka",,,0,"About Us As a Fortune 50 company with more than 400,000 team members worldwide, Target is an iconic brand and one of America's leading retailers. Joining Target means promoting a culture of mutual care and respect and striving to make the most meaningful and positive impact. Becoming a Target team member means joining a community that values different voices and lifts each other up. Here, we believe your unique perspective is important, and you'll build relationships by being authentic and resp…",2026-08-07T10:56:53Z,https://www.adzuna.in/details/5831608715?utm_medium=api&utm_source=f8f3e256,data analyst,2026-08-12T08:34:03.463278+00:00
Senior Analyst-Data Science,American Express,India,,,0,"Senior Analyst-Data Science Gurugram, HR, India(Hybrid) Job Description Credit and Fraud Risk Organization (CFR) within American Express has the mission of minimizing credit and fraud losses while promoting business growth and delivering superior customer service. In India, the CFR CoE (Center of Excellence) team is involved in developing predictive models, business strategies, capabilities, and platforms for driving the above outcomes across all portfolios for American Express globally. Our De…",2026-08-07T10:56:43Z,https://www.adzuna.in/details/5831608578?utm_medium=api&utm_source=f8f3e256,data analyst,2026-08-12T08:34:03.463278+00:00
"Data Engineer (AWS, Azure & Microsoft Copilot Studio)","NTT America, Inc.","Bangalore, Karnataka",,,0,"Req ID: 384613 NTT DATA strives to hire exceptional, innovative and passionate individuals who want to grow with us. If you want to be part of an inclusive, adaptable, and forward-thinking organization, apply now. We are currently seeking a Data Engineer (AWS, Azure & Microsoft Copilot Studio) to join our team in Bangalore, Karnataka (IN-KA), India (IN). Job Description - Data Engineer (AWS, Azure & Microsoft Copilot Studio) Job Title: Data Engineer - AWS, Azure & Microsoft Copilot Studio Locat…",2026-08-07T10:55:48Z,https://www.adzuna.in/details/5831607484?utm_medium=api&utm_source=f8f3e256,data analyst,2026-08-12T08:34:03.463278+00:00
Pd - I2C,Genpact,India,,,0,"Sr. Associate - F&A - I2C Ready to turn bold ideas into real-world impact? At Genpact, we don’t just adapt to change, we lead it. AI and digital innovation are transforming the way businesses work, and we’re at the forefront of it. Genpact’s AI Gigafactory , our industry-first accelerator, exemplifies how we scale advanced technology solutions to help global enterprises work smarter, grow faster, and transform at scale. Whether tackling complex challenges through large-scale models or agentic A…",2026-08-07T20:40:23Z,https://www.adzuna.in/details/5832077137?utm_medium=api&utm_source=f8f3e256,data analyst,2026-08-12T08:34:03.463278+00:00
Data Analyst Intern,MTAB Technology Center P Ltd,"Injambakkam, Chennai",,,0,"This is a remote position. Attention: It's mandatory to Click Here and Apply Are you eager to kickstart your career in data analysis? Apply for the Abhyaz Internships at MTC! We are seeking analytical and dynamic individuals who are passionate about working with data and making informed decisions. If you have a keen eye for detail and enjoy working with complex datasets, then this internship is perfect for you. Core Functional Responsibilities: Understand the business scenario Work with heads o…",2026-08-07T16:52:21Z,https://www.adzuna.in/details/5831925005?utm_medium=api&utm_source=f8f3e256,data analyst,2026-08-12T08:34:03.463278+00:00
Writers and Authors,JobsPeopleDo.com,"Kolkata, West Bengal",,,0,"Agriculture, Food and Natural Resources Agricultural Engineer Aquacultural Manager Biofuels/Biodiesel Technology and Product Development Biomass Power Plant Manager Brownfield Redevelopment Specialists and Site Managers Butcher Buyers and Purchasing Agents, Farm Products Chemist Chief Sustainability Officer Conservation Scientists Environmental Engineer Environmental Lawyer Faller Farm Equipment Mechanics Farm Labour Contractor Farmers and Ranchers Farmworkers, Farm and Ranch Animals Financial …",2026-08-07T16:04:45Z,https://www.adzuna.in/details/5831864227?utm_medium=api&utm_source=f8f3e256,data analyst,2026-08-12T08:34:03.463278+00:00
Lead Data Analyst - Profiling & Cleansing,Chevron Corporation,"Bangalore, Karnataka",,,0,"Total Number of Openings 1 The Chevron Engineering and Innovation Excellence Center (ENGINE) in Bengaluru India brings together the resources and expertise of the Chevron global network with talent in India to enhance agility and technological innovation to optimize solutions for the world's current and future energy challenges. As one of the leading energy providers worldwide, Chevron is involved in the production of crude oil and natural gas, manufacturing of transportation fuels, lubricants,…",2026-08-07T10:54:11Z,https://www.adzuna.in/details/5831600876?utm_medium=api&utm_source=f8f3e256,data analyst,2026-08-12T08:34:06.669374+00:00
Lead Data Quality and information Management Manager,Citigroup,"Bangalore, Karnataka",,,0,About us: Analytics Information management (AIM) is a global community that is driving data driven transformation across Citi in multiple functions with the objective to create actionable intelligence for our business leaders. We are a fast-growing organization working with Citi businesses and functions across the world. What do we offer: FCDO team manages the implementation of best-in-class data quality measurement programs across globe in retail consumer bank. The critical areas we support:  …,2026-08-07T10:54:16Z,https://www.adzuna.in/details/5831601079?utm_medium=api&utm_source=f8f3e256,data analyst,2026-08-12T08:34:06.669374+00:00
BI Analytics Engineer,Citigroup,"Pune, Maharashtra",,,0,"The Applications Development Senior Programmer Analyst is an intermediate level position responsible for participation in the establishment and implementation of new or revised application systems and programs in coordination with the Technology team. The overall objective of this role is to contribute to applications systems analysis and programming activities. Responsibilities:  Conduct tasks related to feasibility studies, time and cost estimates, IT planning, risk technology, applications d…",2026-08-07T10:54:19Z,https://www.adzuna.in/details/5831601203?utm_medium=api&utm_source=f8f3e256,data analyst,2026-08-12T08:34:06.669374+00:00
Java PySpark Bigdata Developer,Citigroup,"Pune, Maharashtra",,,0,"The Applications Development Intermediate Programmer Analyst is an intermediate level position responsible for participation in the establishment and implementation of new or revised application systems and programs in coordination with the Technology team. The overall objective of this role is to contribute to applications systems analysis and programming activities. Responsibilities: Core Responsibilities  Develop and maintain data pipelines: Design, develop, and optimize scalable ETL (Extrac…",2026-08-07T10:54:20Z,https://www.adzuna.in/details/5831601248?utm_medium=api&utm_source=f8f3e256,data analyst,2026-08-12T08:34:06.669374+00:00
Data Analyst,Fortive Corporation,India,,,0,"The Data Analyst will focus on advanced analytics, predictive modeling, and scalable BI development to support Sales leadership with forward-looking insights. This role is responsible for building and maintaining predictive, repeatable reporting frameworks across forecasting, top-of-funnel performance, and core sales KPIs. _Advanced Analytics & Predictive Modeling_  Design and maintain predictive models to support revenue forecasting, pipeline movement, deal progression, and funnel conversion. …",2026-08-07T10:54:42Z,https://www.adzuna.in/details/5831602194?utm_medium=api&utm_source=f8f3e256,data analyst,2026-08-12T08:34:06.669374+00:00
Applications Support Senior Analyst - Assistant Vice President,Citigroup,"Pune, Maharashtra",,,0,"About the Role Citi's Securities Services division is seeking a Senior Production Support Analyst to join the Data & Client Platforms (DCP) Production Support team - a globally distributed, 24×6 function supporting business-critical and client-facing data and reporting platforms across Investor & Issuer Services. This is a senior operational role that sits at the intersection of data platform operations, client service delivery, and technology transformation. The DCP PS team supports an expandi…",2026-08-07T10:54:20Z,https://www.adzuna.in/details/5831601228?utm_medium=api&utm_source=f8f3e256,data analyst,2026-08-12T08:34:06.669374+00:00
Sr. Developer,Cognizant,"Chennai, Tamil Nadu",,,0,Job Summary This role is for a senior developer with seven to nine years of experience focused on data engineering and cloud based storage using Amazon S3 and Snowflake. The position involves building reliable data ingestion pipelines managing Snowflake tasks and streams and optimizing Snowflake SQL for analytics. The role operates in a hybrid work model during day shifts with no travel requirements supporting efficient and secure data driven outcomes. Responsibilities  Design and implement rob…,2026-08-07T10:54:24Z,https://www.adzuna.in/details/5831601457?utm_medium=api&utm_source=f8f3e256,data analyst,2026-08-12T08:34:06.669374+00:00
Principal Architect,Cognizant,"Bangalore, Karnataka",,,0,Job Summary Serve as a principal architect specializing in Snowflake data platforms designing secure and scalable intelligence solutions that enable high value analytics across the enterprise. Collaborate with diverse product and business teams in a hybrid work model to transform complex data into trusted insights driving innovation efficiency and meaningful impact on customers and society. Responsibilities  Design end to end Snowflake based data architectures that enable secure scalable and pe…,2026-08-07T10:54:25Z,https://www.adzuna.in/details/5831601523?utm_medium=api&utm_source=f8f3e256,data analyst,2026-08-12T08:34:06.669374+00:00
Data Governance Analyst (Data Specialist),"Caterpillar, Inc.","Bangalore, Karnataka",,,0,"Career Area: Technology, Digital and Data Job Description: Your Work Shapes the World at Caterpillar Inc. When you join Caterpillar, you're joining a global team who cares not just about the work we do - but also about each other. We are the makers, problem solvers, and future world builders who are creating stronger, more sustainable communities. We don't just talk about progress and innovation here - we make it happen, with our customers, where we work and live. Together, we are building a be…",2026-08-07T10:54:10Z,https://www.adzuna.in/details/5831600857?utm_medium=api&utm_source=f8f3e256,data analyst,2026-08-12T08:34:06.669374+00:00
Data Integration Engineer,Citigroup,"Pune, Maharashtra",,,0,"The Applications Development Senior Programmer Analyst is an intermediate level position responsible for participation in the establishment and implementation of new or revised application systems and programs in coordination with the Technology team. The overall objective of this role is to contribute to applications systems analysis and programming activities. Responsibilities:  Conduct tasks related to feasibility studies, time and cost estimates, IT planning, risk technology, applications d…",2026-08-07T10:54:20Z,https://www.adzuna.in/details/5831601237?utm_medium=api&utm_source=f8f3e256,data analyst,2026-08-12T08:34:06.669374+00:00
Senior Medical Data Analyst(Medical scribe),Workfreaks Business Services Private Limited,"Chennai, Tamil Nadu",,,0,"Candidates with minimum 2 years of experience in live scribing who is willing to work in Chennai can apply for this job. Orthopedic specialty experience is must. US healthcare experience with 1 year is must. This is a night shift job. Skills: Clinical Documentation, Medical Terminology Experience: 2.00-7.00 Years",2026-08-07T07:35:51Z,https://www.adzuna.in/details/5831405828?utm_medium=api&utm_source=f8f3e256,data analyst,2026-08-12T08:34:06.669374+00:00
"Business Analyst, Global Solutions & Risk Compliance (GSRC)",Amazon,"Bangalore, Karnataka",,,0,"Description Amazon is an E-commerce and Cloud Computing company with headquarters in Seattle, Washington. Since 1995, Amazon has focused on being ""the world's most customer centric company."" Our customers are worldwide, and include not just consumers, but also our sellers and vendors (selling partners). World-class retail brands and individual sellers increase their sales and reach new customers by leveraging the power of the Amazon e-commerce platform. To meet our selling partners' needs, our …",2026-08-07T10:53:52Z,https://www.adzuna.in/details/5831600261?utm_medium=api&utm_source=f8f3e256,data analyst,2026-08-12T08:34:06.669374+00:00
Senior Data Engineer,Amgen,"Hyderabad, Telangana",,,0,"Role Description We are seeking an experienced Senior Data Engineer to lead the design, development, and delivery of scalable enterprise data solutions. This role will build and optimize batch and real-time data pipelines, reusable integration frameworks, and governed data platforms that support analytics, AI, and self-service data access. The ideal candidate has deep expertise in Databricks, Apache Spark, AWS, data modeling, governance, and production operations. The role also provides technic…",2026-08-07T10:54:00Z,https://www.adzuna.in/details/5831600580?utm_medium=api&utm_source=f8f3e256,data analyst,2026-08-12T08:34:06.669374+00:00
Sr Data Engineer,Amgen,"Hyderabad, Telangana",,,0,"ABOUT AMGEN Amgen harnesses the best of biology and technology to fight the world's toughest diseases, and make people's lives easier, fuller and longer. We discover, develop, manufacture and deliver innovative medicines to help millions of patients. Amgen helped establish the biotechnology industry more than 40 years ago and remains on the cutting-edge of innovation, using technology and human genetic data to push beyond what's known today. ABOUT THE ROLE Role Description: We are seeking a sea…",2026-08-07T10:53:57Z,https://www.adzuna.in/details/5831600459?utm_medium=api&utm_source=f8f3e256,data analyst,2026-08-12T08:34:06.669374+00:00
"Business Analyst II, WW FBA, FBA Analytics",Amazon,"Bangalore, Karnataka",,,0,"Description At Amazon, we're working to be the most customer-centric company on earth. To get there, we need exceptionally talented, bright, and driven people. Over 2 million Sellers in 10 countries ship billions of products for sale on the Amazon Marketplace. To meet our sellers' needs, we are constantly innovating and building on new ideas. Fulfillment by Amazon (FBA) Inbound analytics and data science team partners with product team to optimize inbound supply chain by influencing right trade…",2026-08-07T10:53:53Z,https://www.adzuna.in/details/5831600296?utm_medium=api&utm_source=f8f3e256,data analyst,2026-08-12T08:34:06.669374+00:00
"Software Development Engineer, Customer Experience and Business Trends",Amazon,"Bangalore, Karnataka",,,0,"Description Are you passionate about AWS performance and creating a reliable, high-quality datapipeline that directly impact executive leadership decisions? Join our CXBT team as a Manager III, Software Development, where you'll lead a critical engineering team responsible for delivering data consumed by AWS S-Team. This role offers the unique opportunity to shape the performance across a wide breadth of AWS services while managing both technical execution and team growth in a fast-paced, high-…",2026-08-07T10:53:53Z,https://www.adzuna.in/details/5831600311?utm_medium=api&utm_source=f8f3e256,data analyst,2026-08-12T08:34:06.669374+00:00
"Senior Data Analyst, IT PLM Platform",Allegion,"Bangalore, Karnataka",,,0,"Creating Peace of Mind by Pioneering Safety and Security _At Allegion, we help keep the people you know and love safe and secure where they live, work and visit. With more than 40 brands, 14,000 employees globally and products sold in 130 countries, we specialize in security around the doorway and beyond._ _Additionally, Allegion is proud to be recognized with the 2026 Gallup Exceptional Workplace Award (GEWA) for the third consecutive year, earning distinction in both the employee engagement a…",2026-08-07T10:53:38Z,https://www.adzuna.in/details/5831599815?utm_medium=api&utm_source=f8f3e256,data analyst,2026-08-12T08:34:06.669374+00:00
Data Engineer,Recruiter Wings Consultancy,"Bangalore, Karnataka",,,0,"STIRISTA Data Engineer May 2025 Data Engineer About Stirista: Stirista Solutions Private Limited is a Bengaluru-based company, providing support to Stirista (www.Stirista.com), a digital marketing, data, and technology company based in San Antonio, Texas. Our employees get a chance to work on real client problems as well as provide building blocks for our new projects. You will be exposed to a series of tasks that will challenge not only your knowledge / skills but also your critical thinking a…",2026-08-07T10:43:13Z,https://www.adzuna.in/details/5831555285?utm_medium=api&utm_source=f8f3e256,data analyst,2026-08-12T08:34:06.669374+00:00
"Databricks Engineer, Data Platform & Data Science Tooling","Magna International, Inc",India,,,0,"We see a future where everyone can live and move without limitations. That's why we are developing technologies, systems and concepts that make vehicles safer and cleaner, while serving our communities, the planet and, above all, people. In the right environment, your ideas can turn into industry-changing automotive technologies and improve the lives of people around the world. Let's create the future of mobility, together. Job descriptions may display in multiple languages based on your langua…",2026-08-07T10:43:07Z,https://www.adzuna.in/details/5831554709?utm_medium=api&utm_source=f8f3e256,data analyst,2026-08-12T08:34:06.669374+00:00
GCP data engineerDatabricks,Alphacom Systems and Solutions Priavte Limited,"Pune, Maharashtra",,,0,"Description We are seeking an experienced GCP Data Engineer with expertise in Databricks to join our dynamic team in India. The ideal candidate will have a robust background in data engineering, capable of designing and building scalable data solutions on Google Cloud Platform. This role requires collaboration with cross-functional teams to deliver high-quality data pipelines and maintain data integrity. Responsibilities Design and implement scalable data pipelines on Google Cloud Platform (GCP…",2026-08-07T07:36:37Z,https://www.adzuna.in/details/5831406278?utm_medium=api&utm_source=f8f3e256,data analyst,2026-08-12T08:34:06.669374+00:00
Azure Data Engineer,Alphacom Systems and Solutions Priavte Limited,"Pune, Maharashtra",,,0,"Primary Skill – Azure Databricks, Azure Data Factory, SQL Secondary Skill – Synapse, Logicapps, DeltaLake Description We are seeking an experienced Azure Data Engineer to join our team in India. The ideal candidate will have a strong background in designing and implementing data solutions using Azure technologies, with a focus on scalability, performance, and security. Responsibilities Design, implement, and manage Azure data solutions for various applications. Develop and maintain ETL processe…",2026-08-07T07:36:37Z,https://www.adzuna.in/details/5831406280?utm_medium=api&utm_source=f8f3e256,data analyst,2026-08-12T08:34:06.669374+00:00
Associate Data Analyst,The Goodyear Tire & Rubber Company,"Hyderabad, Telangana",,,0,"The opportunity As a Staff Data Analyst, you will deliver advanced data analyses, reporting, and data visualization solutions. You will work closely with stakeholders to understand business questions, translate requirements into analytical approaches, and communicate insights in a clear and structured way. The role combines hands-on analysis with the opportunity to contribute to reusable tools, dashboards, and data preparation processes that support recurring analytics. On this position you wil…",2026-08-07T10:54:49Z,https://www.adzuna.in/details/5831602370?utm_medium=api&utm_source=f8f3e256,data analyst,2026-08-12T08:34:06.669374+00:00
Data Engineer,Amgen,"Hyderabad, Telangana",,,0,"ABOUT AMGEN Amgen harnesses the best of biology and technology to fight the world's toughest diseases, and make people's lives easier, fuller and longer. We discover, develop, manufacture and deliver innovative medicines to help millions of patients. Amgen helped establish the biotechnology industry more than 40 years ago and remains on the cutting-edge of innovation, using technology and human genetic data to push beyond what's known today. Role Description Let's do this. Let's change the worl…",2026-08-07T10:54:00Z,https://www.adzuna.in/details/5831600569?utm_medium=api&utm_source=f8f3e256,data analyst,2026-08-12T08:34:06.669374+00:00
Senior SAP Consultant,ARTECH INFOSYSTEMS PRIVATE LIMITED,"Bangalore, Karnataka",,,0,"We are Hiring  Location - Bangalore, Chennai, Mumbai, Pune Description : Mandatory Skill: SAP BODS with SQL & ETL concepts SAP Data Conversion Analyst who will be responsible for managing data conversion activities in the areas of SAP FICO, SAP MM/WM, SAP SD, SAP LE, SAP HR, SAP PP, SAP PM, 5-10 years' experience in SAP implementation projects in BODS and SQL programming Must have worked on commonly used data conversion tools (ETL) such as SAP BODS with SAP as target. On BODS Development skills…",2026-08-07T07:36:36Z,https://www.adzuna.in/details/5831406237?utm_medium=api&utm_source=f8f3e256,data analyst,2026-08-12T08:34:06.669374+00:00
Sr Data Engineer,Amgen,"Hyderabad, Telangana",,,0,"Senior Data Engineer Role Name: Senior Data Engineer Department Name: OCX Team 2: Sky Links (SL) - HZN RDBU Role GCF: 5 Hiring Manager Name: Chunhai He ABOUT AMGEN Amgen harnesses the best of biology and technology to fight the world's toughest diseases, and make people's lives easier, fuller and longer. We discover, develop, manufacture and deliver innovative medicines to help millions of patients. Amgen helped establish the biotechnology industry more than 40 years ago and remains on the cutt…",2026-08-07T10:54:00Z,https://www.adzuna.in/details/5831600555?utm_medium=api&utm_source=f8f3e256,data analyst,2026-08-12T08:34:06.669374+00:00
Senior Data Engineer,Gadgeon Smart Systems,"Ernakulam, Kerala",,,0,"We are seeking a skilled and detail-oriented Database Engineer with 5 7 years of experience managing and optimizing relational and non-relational database systems. The ideal candidate will have hands-on experience with Cloud, including strong proficiency in MS SQL Server, PostgreSQL, and MySQL. Familiarity with Cassandra or other NoSQL technologies is a strong plus. You will work closely with development, DevOps, and data teams to ensure database reliability, performance, security, and scalabil…",2026-08-07T07:35:05Z,https://www.adzuna.in/details/5831404722?utm_medium=api&utm_source=f8f3e256,data analyst,2026-08-12T08:34:06.669374+00:00
"Senior Data Analyst, Market Data",ICE,"Hyderabad, Telangana",,,0,"Job Purpose Senior Data Analyst, Market Data will join the Master Data Management team within Intercontinental Exchange (ICE). The Master Data Management Operations team is responsible for building and maintaining corporate company-wide data uniformity. This position will be responsible for managing high-level data sets (Business Entity, Client Segmentation, Contact Data etc.) and onboarding new acquisitions on schedule. The successful candidate will work on new and existing projects in close c…",2026-08-07T07:27:33Z,https://www.adzuna.in/details/5831397505?utm_medium=api&utm_source=f8f3e256,data analyst,2026-08-12T08:34:06.669374+00:00
Senior Data Analyst,Valeo,"Chennai, Tamil Nadu",,,0,"Responsible for leveraging data-driven insights to inform strategic decision-making processes within the organization. Your primary focus will be on answering complex business questions by identifying the right dataset, analyzing complex datasets, developing predictive models, and providing actionable recommendations to improve business outcomes. Responsibilities Leveraging data-driven insights: Use data to inform strategic decision-making processes within our organization. Employ various analy…",2026-08-07T07:30:27Z,https://www.adzuna.in/details/5831400667?utm_medium=api&utm_source=f8f3e256,data analyst,2026-08-12T08:34:06.669374+00:00
Tech Lead,Sterlite Technologies,"Pune, Maharashtra",,,0,"Job description Purpose: To Deliver Experiences That Create Value Transforms Lives Who We Are STL Digital is a global IT Services and Consulting company that enables enterprises to experience the future of digital transformation. We provide end to end services across product engineering, software, cloud, data and analytics, enterprise application services, and cyber-security. Why STL Digital At STL Digital, we engineer experiences that create value. We blend the agility of a startup with the st…",2026-08-07T07:30:53Z,https://www.adzuna.in/details/5831401088?utm_medium=api&utm_source=f8f3e256,data analyst,2026-08-12T08:34:06.669374+00:00
SQL Database Developer,Vois,"Pune, Maharashtra",,,0,"Role: Data Analyst / Developer – SQL (with Telecom & ETL focus) Location: Pune (Hybrid) Experience: 13 to 18 years Primary Skills: SQL (Data Analysis and Development) Alternate / Good-to-Have Skills: Python SharePoint AWS ETL Telecom, especially Fixed Network domain Core Competencies, Knowledge, and Experience Essential: Strong SQL experience – Advanced level of SQL Excellent data interpretation skills Good knowledge of ETL and business intelligence Good understanding of a range of data manipul…",2026-08-07T07:31:02Z,https://www.adzuna.in/details/5831401223?utm_medium=api&utm_source=f8f3e256,data analyst,2026-08-12T08:34:06.669374+00:00
Software Developer,ORBIT & SKYLINE,"Mohali, Punjab",,,0,"The ideal candidate will have strong programming skills, problem solving abilities, and a passion for creating efficient and scalable software. Roles & Responsibilities Designing and developing machine learning models, analyzing large datasets to gain insights, collaborating with cross-functional teams (including business/data analysts and engineers), monitoring model performance, and keeping up with the latest AI/ML trends and technologies. Assist in UI/UX design testing Design database relati…",2026-08-07T07:33:23Z,https://www.adzuna.in/details/5831403239?utm_medium=api&utm_source=f8f3e256,data analyst,2026-08-12T08:34:06.669374+00:00
Analytics Consultant,Jubilant FoodWorks,"Noida, Ghaziabad",,,0,"What do we do Embed analytics across the organization to help increase revenue, improve operational efficiency, enable cost optimization, improve guest & employee experience and manage risk. Help decision makers in the business anticipate and respond faster to emerging trends. A lean team of data scientists, ML engineers, analysts & consultants. We are customer advocates & have relentless passion for insight led decision making & strong bias for action We have a strong appetite for constant lea…",2026-08-07T07:32:31Z,https://www.adzuna.in/details/5831401967?utm_medium=api&utm_source=f8f3e256,data analyst,2026-08-12T08:34:06.669374+00:00
Data Analyst,Orbit Skyline,"Mohali, Punjab",,,0,"Designing and maintaining data systems and databases; this includes fixing coding errors and other data-related problems. Mining data from primary and secondary sources, then reorganizing said data in a format that can be easily read by either human or machine. Using statistical tools to interpret data sets, paying particular attention to trends and patterns that could be valuable for diagnostic and predictive analytics efforts. Demonstrating the significance of their work in the context of loc…",2026-08-07T07:32:32Z,https://www.adzuna.in/details/5831401994?utm_medium=api&utm_source=f8f3e256,data analyst,2026-08-12T08:34:06.669374+00:00
Data Analyst,ORBIT & SKYLINE,"Mohali, Punjab",,,0,"The candidate will be part of a team assisting in the delivery of efficient engineering support and solutions to customers while also contributing to the development of Indian semiconductor ecosystem. Roles & Responsibilities Designing and maintaining data systems and databases; this includes fixing coding errors and other data-related problems. Mining data from primary and secondary sources, then reorganizing said data in a format that can be easily read by either human or machine. Using stati…",2026-08-07T07:33:23Z,https://www.adzuna.in/details/5831403235?utm_medium=api&utm_source=f8f3e256,data analyst,2026-08-12T08:34:06.669374+00:00
Market Data Operations Analyst,ICE,"Hyderabad, Telangana",,,0,"Job Purpose ICE Data Services, a subsidiary of ICE, has an exciting opportunity within our third-party Market Data Governance team. The Market Data Governance team is responsible for the governance, oversight and administration of third-party market data usage rights within the organization. Responsibilities Summarize and document market data usage policies and distribution rights. Assist with processing source mandated changes to usage policies and pricing by updating documentation, maintainin…",2026-08-07T07:27:24Z,https://www.adzuna.in/details/5831397344?utm_medium=api&utm_source=f8f3e256,data analyst,2026-08-12T08:34:06.669374+00:00
Senior Data Analyst,Flipkart,"Bangalore, Karnataka",,,0,"We are looking for data analyst expertized on Oracle SQL/PLSQL having 5-8 years of experience. Successful candidates will work as a part of a team and help us in building SQL Automations. As we help our clients target, measure and improve mission-critical business metrics and generate demonstrable return on investment, our SQL data analysts enjoy a high level of responsibility and immediate client interactions. In addition to technical excellence, you are expected to be excellent communicators …",2026-08-07T07:31:54Z,https://www.adzuna.in/details/5831401587?utm_medium=api&utm_source=f8f3e256,data analyst,2026-08-12T08:34:06.669374+00:00
Business Analyst,ICE,"Pune, Maharashtra",,,0,"Job Purpose A Business Analyst plays a crucial role in analyzing business processes, identifying areas for improvement, and implementing solutions that drive business success. This role involves working closely with stakeholders to gather requirements, identify goals, create documentation, and support the development of data-driven insights and analyze current processes to determine what can be improved to achieve their desired outcome. In addition to managing our master data set and assisting …",2026-08-07T07:27:22Z,https://www.adzuna.in/details/5831397290?utm_medium=api&utm_source=f8f3e256,data analyst,2026-08-12T08:34:06.669374+00:00
ETL Testing,Acme Services Private Limited,"Bazargate, Mumbai",1700000.0,1800000.0,0,"Job Description: Design, develop, and execute ETL test cases for data warehouse and data integration projects. Validate data extraction, transformation, and loading (ETL) processes across multiple source and target systems. Perform data validation using complex SQL queries. Develop and maintain automation scripts using Python and PySpark. Create and execute Unix shell scripts to support ETL testing activities. Identify, log, track, and verify defects throughout the testing lifecycle. Work close…",2026-08-06T23:32:11Z,https://www.adzuna.in/details/5830840553?utm_medium=api&utm_source=f8f3e256,data analyst,2026-08-12T08:34:06.669374+00:00
Software Developer and Data Analyst (UG Freshers),Workfreaks Business Services Private Limited,"Salem, Tamil Nadu",,,0,"Key Responsibilities: Software Developer: Design, develop, and maintain software applications. Write clean, scalable, and efficient code. Work with front-end and back-end technologies to create web applications. Debug and troubleshoot software issues. Collaborate with team members to improve application functionality. Data Analyst: Collect, analyze, and interpret data to help drive decision-making. Prepare reports and present findings in a meaningful way. Use data analysis tools such as Excel, …",2026-08-07T07:26:34Z,https://www.adzuna.in/details/5831395955?utm_medium=api&utm_source=f8f3e256,data analyst,2026-08-12T08:34:06.669374+00:00
Data Analyst,Whisk Software Private Limited,"Pune, Maharashtra",,,0,"Expert knowledge of one or more reporting platforms (Tableau, Business Objects, etc.) Expert in constructing and optimizing complex SQL queries across large volumes of data Expert knowledge of one or more data quality management platforms (Informatica IDQ / CDQ, Ataccama, Information Builders) and using that platform to conduct data discovery and analysis Strong analytical skills and an understanding of the appropriate statistical techniques to use under different circumstances Experience desig…",2026-08-07T07:26:13Z,https://www.adzuna.in/details/5831395731?utm_medium=api&utm_source=f8f3e256,data analyst,2026-08-12T08:34:06.669374+00:00
Head of Durability,SOFT AND HARD SKILL DEVELOPMENT PRIVATE LIMITED,India,,,0,Are You Ready to Own Product Longevity and Define Industry Standards We are seeking a visionary resultsdriven Head of Durability to lead our durability strategy and ensure our products dont just survive they dominate in the harshest realworld conditions for years to come This is not a maintenance role This is a highstakes leadership position for a battletested expert who lives and breathes reliability accelerated testing failure mode analysis and cuttingedge durability engineering If you thrive…,2026-08-07T06:51:58Z,https://www.adzuna.in/details/5831366787?utm_medium=api&utm_source=f8f3e256,data analyst,2026-08-12T08:34:06.669374+00:00
Data Engineer,ALIQAN Technologies,"Bangalore, Karnataka",,,0,"Company Overview ALIQAN Technologies, headquartered in New Delhi, is a leading IT Services and Consulting firm with 11-50 employees, offering comprehensive software and web development solutions. By integrating innovative design and quality services, we provide clients with all IT-related needs at a single destination. Learn more at our website (link removed)> Job Overview We are seeking a Senior Data Engineer to join our dynamic team at ALIQAN Technologies. This is a remote role based out of B…",2026-08-07T06:41:34Z,https://www.adzuna.in/details/5831330916?utm_medium=api&utm_source=f8f3e256,data analyst,2026-08-12T08:34:06.669374+00:00
"Mail Clerks, Except Mail Machine Operators and Postal",JobsPeopleDo.com,India,,,0,"Agriculture, Food and Natural Resources Agricultural Engineer Aquacultural Manager Biofuels/Biodiesel Technology and Product Development Biomass Power Plant Manager Brownfield Redevelopment Specialists and Site Managers Butcher Buyers and Purchasing Agents, Farm Products Chemist Chief Sustainability Officer Conservation Scientists Environmental Engineer Environmental Lawyer Faller Farm Equipment Mechanics Farm Labour Contractor Farmers and Ranchers Farmworkers, Farm and Ranch Animals Financial …",2026-08-07T05:38:14Z,https://www.adzuna.in/details/5831292959?utm_medium=api&utm_source=f8f3e256,data analyst,2026-08-12T08:34:06.669374+00:00
Labour Relations Specialist,JobsPeopleDo.com,India,,,0,"Agriculture, Food and Natural Resources Agricultural Engineer Aquacultural Manager Biofuels/Biodiesel Technology and Product Development Biomass Power Plant Manager Brownfield Redevelopment Specialists and Site Managers Butcher Buyers and Purchasing Agents, Farm Products Chemist Chief Sustainability Officer Conservation Scientists Environmental Engineer Environmental Lawyer Faller Farm Equipment Mechanics Farm Labour Contractor Farmers and Ranchers Farmworkers, Farm and Ranch Animals Financial …",2026-08-07T05:38:14Z,https://www.adzuna.in/details/5831292885?utm_medium=api&utm_source=f8f3e256,data analyst,2026-08-12T08:34:06.669374+00:00
EY - GDS Consulting - AI And DATA -Azure Databricks-Senior,EY,"Kolkata, West Bengal",,,0,"At EY, you’ll have the chance to build a career as unique as you are, with the global scale, support, inclusive culture and technology to become the best version of you. And we’re counting on your unique voice and perspective to help EY become even better, too. Join us and build an exceptional experience for yourself, and a better working world for all. EY GDS – AI & Data Databricks Senior Data Engineer AI-enabled data platform engineering The opportunity Our AI & Data practice helps clients bu…",2026-08-07T05:38:14Z,https://www.adzuna.in/details/5831292969?utm_medium=api&utm_source=f8f3e256,data analyst,2026-08-12T08:34:06.669374+00:00
IBM DataStage Developer,Trigent Software Private Limited,"Richmond Town, Bangalore",1200000.0,1200000.0,0,"JD- Job Summary We are seeking an experienced IBM DataStage Developer to design, develop, enhance, and support enterprise-grade ETL solutions. The ideal candidate should have strong expertise in IBM DataStage, Oracle databases, Linux/Unix environments, and data warehousing concepts. The role involves developing scalable ETL processes, troubleshooting production issues, optimizing batch jobs, and collaborating with business and data teams to deliver high-quality data integration solutions. Key R…",2026-08-06T23:32:18Z,https://www.adzuna.in/details/5830840633?utm_medium=api&utm_source=f8f3e256,data analyst,2026-08-12T08:34:06.669374+00:00
ETL Developer,Acme Services Private Limited,"Bazargate, Mumbai",1700000.0,1800000.0,0,"Job Description: Design, develop, test, and maintain ETL/ELT workflows for data integration projects. Extract, transform, and load data from multiple source systems into enterprise data warehouses. Develop reusable ETL components and optimize existing data pipelines for performance. Write complex SQL queries, stored procedures, functions, and scripts. Perform data validation, reconciliation, and quality checks to ensure data accuracy. Monitor ETL jobs, troubleshoot failures, and resolve product…",2026-08-06T23:32:11Z,https://www.adzuna.in/details/5830840555?utm_medium=api&utm_source=f8f3e256,data analyst,2026-08-12T08:34:06.669374+00:00
Product Owner,New Groyp Talentoj,India,,,0,"Key Responsibilities: Collaborate closely with Machine Learning and Engineering teams on advanced data extraction technologies (e.g., no-OCR, VLM-based extraction) Translate business needs into epics and user stories for development teams Align product goals with company strategy in coordination with Product Management Maintain a well-prioritized product backlog based on business value Work with stakeholders and data analysts to ensure data-driven product decisions Track product progress, perfo…",2026-08-07T07:33:38Z,https://www.adzuna.in/details/5831403578?utm_medium=api&utm_source=f8f3e256,data analyst,2026-08-12T08:34:06.669374+00:00
Data Analyst,ICE,"Hyderabad, Telangana",,,0,"Job Purpose We are looking for a passionate Data Analyst to support the Operations Analytics department at ICE. The successful candidate will play a crucial role in extracting actionable insights from large datasets to guide strategic decision making within the organization. Primary responsibilities will revolve around analyzing complex data sets, identifying patterns, and developing models to provide actionable recommendations to our stakeholders. Responsibilities Data Analysis: Collect, clean…",2026-08-07T07:27:22Z,https://www.adzuna.in/details/5831397285?utm_medium=api&utm_source=f8f3e256,data analyst,2026-08-12T08:34:06.669374+00:00
Environmental Lawyer,JobsPeopleDo.com,India,,,0,"Agriculture, Food and Natural Resources Agricultural Engineer Aquacultural Manager Biofuels/Biodiesel Technology and Product Development Biomass Power Plant Manager Brownfield Redevelopment Specialists and Site Managers Butcher Buyers and Purchasing Agents, Farm Products Chemist Chief Sustainability Officer Conservation Scientists Environmental Engineer Environmental Lawyer Faller Farm Equipment Mechanics Farm Labour Contractor Farmers and Ranchers Farmworkers, Farm and Ranch Animals Financial …",2026-08-07T05:38:14Z,https://www.adzuna.in/details/5831292896?utm_medium=api&utm_source=f8f3e256,data analyst,2026-08-12T08:34:06.669374+00:00
CX Data Analyst,Multitude,"Gurgaon, Haryana",,,0,"About the Role We are looking for a highly analytical and detail-oriented Data Analyst to join our Customer Experience & Collections (CUX) team. This role plays a critical part in supporting business decisions through data-driven insights, operational reporting, and performance analysis across Customer Operations and Collections. The ideal candidate has strong analytical capabilities, excellent Power BI and Excel skills, and experience working with large datasets to build dashboards, identify t…",2026-08-06T20:57:42Z,https://www.adzuna.in/details/5830641274?utm_medium=api&utm_source=f8f3e256,data analyst,2026-08-12T08:34:10.313251+00:00
Business Analyst - BI / AI Analyst builder / Data Modeler,Jobgether,India,,,0,"This position is listed on behalf of a partner company, who manages all applications and next steps. Our partner is looking for a Business Analyst - BI / AI Analyst builder / Data Modeler based in India. This remote contract opportunity is designed for a data-focused professional who can bridge business needs with technical solutions through analysis, modeling, and AI-enabled insights. The role focuses on discovering data patterns, understanding business processes, and transforming complex info…",2026-08-06T20:59:07Z,https://www.adzuna.in/details/5830647640?utm_medium=api&utm_source=f8f3e256,data analyst,2026-08-12T08:34:10.313251+00:00
Senior Product Manager,BTS Pte Ltd,"Chennai, Tamil Nadu",,,0,"At ZeroNorth, we are at the forefront of transforming the shipping industry through digital innovation. Our solutions go beyond optimising business operations, they are designed to lead the industry in sustainability by significantly reducing CO2 emissions. Our core mission of making global trade greener drives everything we do. Your contributions will play a crucial role in reducing emissions, aligning commercial success with sustainability, and delivering benefits for both profitability and t…",2026-08-06T21:38:15Z,https://www.adzuna.in/details/5830770298?utm_medium=api&utm_source=f8f3e256,data analyst,2026-08-12T08:34:10.313251+00:00
Geographic Information Specialists,JobsPeopleDo.com,India,,,0,"Agriculture, Food and Natural Resources Agricultural Engineer Aquacultural Manager Biofuels/Biodiesel Technology and Product Development Biomass Power Plant Manager Brownfield Redevelopment Specialists and Site Managers Butcher Buyers and Purchasing Agents, Farm Products Chemist Chief Sustainability Officer Conservation Scientists Environmental Engineer Environmental Lawyer Faller Farm Equipment Mechanics Farm Labour Contractor Farmers and Ranchers Farmworkers, Farm and Ranch Animals Financial …",2026-08-06T21:38:16Z,https://www.adzuna.in/details/5830770369?utm_medium=api&utm_source=f8f3e256,data analyst,2026-08-12T08:34:10.313251+00:00
Lead Analyst - Process Mining 4C,Genpact,India,,,0,"Lead Analyst - BI, Reporting and Data Visualization Ready to turn bold ideas into real-world impact? At Genpact, we don’t just adapt to change, we lead it. AI and digital innovation are transforming the way businesses work, and we’re at the forefront of it. Genpact’s AI Gigafactory , our industry-first accelerator, exemplifies how we scale advanced technology solutions to help global enterprises work smarter, grow faster, and transform at scale. Whether tackling complex challenges through large…",2026-08-06T20:48:06Z,https://www.adzuna.in/details/5830619304?utm_medium=api&utm_source=f8f3e256,data analyst,2026-08-12T08:34:10.313251+00:00
Engineering Manager- Data & Analytics,Weekday AI,India,,,0,"This role is for one of the Weekday's clients Min Experience: 7 years Location: Bengaluru JobType: full-time We are looking for a sharp, hands-on Engineering Manager to lead, mentor, and scale a hybrid team of Data Engineers and Data Analysts. In this role, you won't just be managing spreadsheets and standups; you will be the strategic bridge between robust data infrastructure and actionable business intelligence. The ideal candidate has walked the walk as a heavy-hitting Data Engineer, transit…",2026-08-06T22:45:04Z,https://www.adzuna.in/details/5830792842?utm_medium=api&utm_source=f8f3e256,data analyst,2026-08-12T08:34:10.313251+00:00
"Data Engineer (Snowflake, spark, Databricks, Python)",Acme Services Private Limited,"Bazargate, Mumbai",2000000.0,2100000.0,0,"Job Description: Design, develop, and maintain scalable ETL/ELT pipelines using Python, Spark, Databricks, and Snowflake. Build and optimize data ingestion frameworks from multiple structured and unstructured data sources. Develop data transformation logic and business rules using PySpark and SQL. Design and maintain enterprise data warehouses using Snowflake. Create efficient data models, schemas, views, stored procedures, and tasks in Snowflake. Optimize query performance, warehouse utilizati…",2026-08-06T23:32:11Z,https://www.adzuna.in/details/5830840548?utm_medium=api&utm_source=f8f3e256,data analyst,2026-08-12T08:34:10.313251+00:00
Data Architect,"Chennai, INDIA","Ekkaduthangal, Chennai",,,0,"Presidio, Where Teamwork and Innovation Shape the Future At Presidio, we're at the forefront of a global technology revolution, transforming industries through cutting-edge digital solutions and next-generation AI. We empower businesses - and their internal customers - to achieve more through innovation, automation, and intelligent insights. The Role The Architect for Data Practice will lead the design, architecture and implementation of scalable, secure, cost-effective cloud solution across ma…",2026-08-06T20:46:24Z,https://www.adzuna.in/details/5830615329?utm_medium=api&utm_source=f8f3e256,data analyst,2026-08-12T08:34:10.313251+00:00
"Software Development Engineer, Customer Experience and Business Trends",Amazon,India,,,0,"Are you passionate about AWS performance and creating a reliable, high-quality datapipeline that directly impact executive leadership decisions? Join our CXBT team as a Manager III, Software Development, where you'll lead a critical engineering team responsible for delivering data consumed by AWS S-Team. This role offers the unique opportunity to shape the performance across a wide breadth of AWS services while managing both technical execution and team growth in a fast-paced, high-impact envir…",2026-08-06T20:57:41Z,https://www.adzuna.in/details/5830641253?utm_medium=api&utm_source=f8f3e256,data analyst,2026-08-12T08:34:10.313251+00:00
Brokerage Clerk,JobsPeopleDo.com,"Indore, Madhya Pradesh",,,0,"Agriculture, Food and Natural Resources Agricultural Engineer Aquacultural Manager Biofuels/Biodiesel Technology and Product Development Biomass Power Plant Manager Brownfield Redevelopment Specialists and Site Managers Butcher Buyers and Purchasing Agents, Farm Products Chemist Chief Sustainability Officer Conservation Scientists Environmental Engineer Environmental Lawyer Faller Farm Equipment Mechanics Farm Labour Contractor Farmers and Ranchers Farmworkers, Farm and Ranch Animals Financial …",2026-08-06T21:38:18Z,https://www.adzuna.in/details/5830770470?utm_medium=api&utm_source=f8f3e256,data analyst,2026-08-12T08:34:10.313251+00:00
Senior Data Analyst,Apex Group,"Baner, Pune",,,0,"The Apex Group was established in Bermuda in 2003 and is now one of the world’s largest fund administration and middle office solutions providers. Our business is unique in its ability to reach globally, service locally and provide cross-jurisdictional services. With our clients at the heart of everything we do, our hard-working team has successfully delivered on an unprecedented growth and transformation journey, and we are now represented by over circa 13,000 employees across 112 offices worl…",2026-08-06T20:56:09Z,https://www.adzuna.in/details/5830638881?utm_medium=api&utm_source=f8f3e256,data analyst,2026-08-12T08:34:10.313251+00:00
"Lead - Advanced Analytics, Gurgaon",Airbnb,India,,,0,"Airbnb was born in 2007 when two hosts welcomed three guests to their San Francisco home, and has since grown to over 5 million hosts who have welcomed over 2 billion guest arrivals in almost every country across the globe. Every day, hosts offer unique stays and experiences that make it possible for guests to connect with communities in a more authentic way. Airbnb was born in 2007 when two Hosts welcomed three guests to their San Francisco home, and has since grown to over 4 million Hosts who…",2026-08-06T20:53:37Z,https://www.adzuna.in/details/5830632552?utm_medium=api&utm_source=f8f3e256,data analyst,2026-08-12T08:34:10.313251+00:00
Analyst - Client Outreach Data,Mitsubishi UFJ Financial Group,India,,,0,"Do you want your voice heard and your actions to count? Discover your opportunity with Mitsubishi UFJ Financial Group (MUFG), one of the world’s leading financial groups. Across the globe, we’re 150,000 colleagues, striving to make a difference for every client, organization, and community we serve. We stand for our values, building long-term relationships, serving society, and fostering shared and sustainable growth for a better world. With a vision to be the world’s most trusted financial gro…",2026-08-06T20:59:08Z,https://www.adzuna.in/details/5830647838?utm_medium=api&utm_source=f8f3e256,data analyst,2026-08-12T08:34:10.313251+00:00
CDNA_Manager – Digital Analytics,Amgen,"Hyderabad, Telangana",,,0,"Career Category Engineering Job Description HOW MIGHT YOU DEFY IMAGINATION? If you feel like you’re part of something bigger, it’s because you are. At Amgen, our shared mission—to serve patients—drives all that we do. Live | What you will do Lead campaign data delivery for assigned brands or channels, ensuring timely ingestion, validation, and handoff to reporting/analytics teams. Own daily ops and work directly with US-based stakeholders and senior managers (SMs) to align on priorities and tim…",2026-08-06T20:54:38Z,https://www.adzuna.in/details/5830635386?utm_medium=api&utm_source=f8f3e256,data analyst,2026-08-12T08:34:10.313251+00:00
Sr Data Engineer,Amgen,"Hyderabad, Telangana",,,0,"Career Category Information Systems Job Description ABOUT AMGEN Amgen harnesses the best of biology and technology to fight the world’s toughest diseases, and make people’s lives easier, fuller and longer. We discover, develop, manufacture and deliver innovative medicines to help millions of patients. Amgen helped establish the biotechnology industry more than 40 years ago and remains on the cutting-edge of innovation, using technology and human genetic data to push beyond what’s known today. A…",2026-08-06T20:54:20Z,https://www.adzuna.in/details/5830634032?utm_medium=api&utm_source=f8f3e256,data analyst,2026-08-12T08:34:10.313251+00:00
Analyst - Business Data Services 5A,Genpact,India,,,0,"Analyst - Business Data Services Ready to turn bold ideas into real-world impact? At Genpact, we don’t just adapt to change, we lead it. AI and digital innovation are transforming the way businesses work, and we’re at the forefront of it. Genpact’s AI Gigafactory , our industry-first accelerator, exemplifies how we scale advanced technology solutions to help global enterprises work smarter, grow faster, and transform at scale. Whether tackling complex challenges through large-scale models or ag…",2026-08-06T20:54:17Z,https://www.adzuna.in/details/5830633820?utm_medium=api&utm_source=f8f3e256,data analyst,2026-08-12T08:34:10.313251+00:00
Associate Data Research Analyst,Berkadia,"Hyderabad, Telangana",,,0,Berkadia Services India Pvt Ltd  Integrity is Everything I We Take the Long View I We believe People Matter I We Stand for Excellence I We Love our Jobs I We Innovate Job title: Department: Location: Associate Data Research Analyst Innovation Technology Hyderabad Terms: Full Time – Hybrid work model (subject to Berkadia policy changes) Split Shift (3:00pm to 12:00am) Working Hours Reports To Lead / Manager The Opportunity At Berkadia we are redefining the industry with long-term investments in …,2026-08-06T20:52:55Z,https://www.adzuna.in/details/5830630745?utm_medium=api&utm_source=f8f3e256,data analyst,2026-08-12T08:34:10.313251+00:00
Senior Data Engineer,Amgen,"Hyderabad, Telangana",,,0,"Career Category Engineering Job Description Role Description We are seeking an experienced Senior Data Engineer to lead the design, development, and delivery of scalable enterprise data solutions. This role will build and optimize batch and real-time data pipelines, reusable integration frameworks, and governed data platforms that support analytics, AI, and self-service data access. The ideal candidate has deep expertise in Databricks, Apache Spark, AWS, data modeling, governance, and productio…",2026-08-06T20:52:48Z,https://www.adzuna.in/details/5830630511?utm_medium=api&utm_source=f8f3e256,data analyst,2026-08-12T08:34:10.313251+00:00
Geospatial Intelligence Analyst,U.S. Bank,"Chennai, Tamil Nadu",,,0,"At U.S. Bancorp India, we’re on a journey to do our best. We believe it takes all of us to bring our shared ambition to life, and each person is unique in their potential. A career with U.S. Bancorp India gives you a wide, ever-growing range of opportunities to discover what makes you thrive at every stage of your career. Try new things, learn new skills and discover what you excel at—all from Day One. Job Description Geospatial Intelligence Analyst – Risk Intelligence Center Job Grade: 15 | Cr…",2026-08-06T20:52:10Z,https://www.adzuna.in/details/5830629065?utm_medium=api&utm_source=f8f3e256,data analyst,2026-08-12T08:34:10.313251+00:00
Require a Data Analyst in Bangalore,TestHiring,"Richmond Town, Bangalore",15000.0,20000.0,0,"• Participates as a member of team of other data science engineers carrying out the investigation, design, development, execution, and implementation of data science projects to generate new insights, products, technologies, and intellectual property. • In accordance with plan, performs/executes data collection and analysis procedures and data insight visualizations for assigned projects. • Collaborates with internal and external partners to perform experiments and validations in accordance wit…",2026-08-06T20:51:18Z,https://www.adzuna.in/details/5830627126?utm_medium=api&utm_source=f8f3e256,data analyst,2026-08-12T08:34:10.313251+00:00
Data Analyst - 3,ACKO,"Bangalore, Karnataka",,,0,"About Us ACKO is the protection destination for over 200 million tech-savvy families across India, protecting their families, assets and money. Launched in 2016, ACKO started by reimagining insurance, making it simple, hassle-free and customer-first. Today, our mission goes beyond that: we aim to touch the lives of 1 million users, building products that solve real-world problems with technology at the core. We are not just another insurance company, our DNA is product-tech, and our approach is…",2026-08-06T20:51:02Z,https://www.adzuna.in/details/5830626380?utm_medium=api&utm_source=f8f3e256,data analyst,2026-08-12T08:34:10.313251+00:00
Analyst Compliance,Marmon Holdings,India,,,0,"Marmon Technologies India Private Limited As a part of the global industrial organization Marmon Holdings—which is backed by Berkshire Hathaway— you’ll be doing things that matter, leading at every level, and winning a better way. We’re committed to making a positive impact on the world, providing you with diverse learning and working opportunities, and fostering a culture where everyone’s empowered to be their best. Support the Marmon Legal Contracts Team in validating contract data, improving…",2026-08-06T20:54:48Z,https://www.adzuna.in/details/5830635988?utm_medium=api&utm_source=f8f3e256,data analyst,2026-08-12T08:34:10.313251+00:00
BI Analyst,Rockwell Automation,India,,,0,"Rockwell Automation is a global technology leader focused on helping the world’s manufacturers be more productive, sustainable, and agile. With more than 28,000 employees who make the world better every day, we know we have something special. Behind our customers - amazing companies that help feed the world, provide life-saving medicine on a global scale, and focus on clean water and green mobility - our people are energized problem solvers that take pride in how the work we do changes the worl…",2026-08-06T20:46:06Z,https://www.adzuna.in/details/5830614836?utm_medium=api&utm_source=f8f3e256,data analyst,2026-08-12T08:34:10.313251+00:00
Business Analyst (Data Analytics | Mobility | Payments),Mancraft Consulting,"Bangalore, Karnataka",,,0,"Job Description: Job Summary We are seeking an experienced Business Analyst with expertise in Data Analytics, Mobility, and Payments domain. The role involves requirement gathering, functional documentation, stakeholder management, data analysis, and delivering mobility/payment solutions. Key Responsibilities Gather and document requirements (BRD, FRD, User Stories, Use Cases). Analyze data, define KPIs, dashboards, and reporting requirements. Work on mobility and payment ecosystems including U…",2026-08-06T20:55:25Z,https://www.adzuna.in/details/5830637478?utm_medium=api&utm_source=f8f3e256,data analyst,2026-08-12T08:34:10.313251+00:00
"Data and Analytics Engineer , Enablement",Zensar Technologies,"Mumbai, Maharashtra",,,0,"Description We are looking for an experienced Data and Analytics Engineer to join our team and empower data engineers and analysts. Your role will be crucial in demonstrating the practical value of data-driven decision-making. You will work closely with various stakeholders to understand their data needs, guide them through best practices in data engineering, and deliver high-performing reports and visualizations. This position offers an exciting opportunity to contribute to our data-centric cu…",2026-08-06T20:50:22Z,https://www.adzuna.in/details/5830624625?utm_medium=api&utm_source=f8f3e256,data analyst,2026-08-12T08:34:10.313251+00:00
Analytics Business Analyst,Citigroup,"Bangalore, Karnataka",,,0,"The Senior Analytics Business Analyst will play a pivotal role in driving data-driven decision-making across our credit card and retail banking portfolios. Sitting at the intersection of business strategy, data analytics, and financial services, this role is responsible for extracting actionable insights from complex datasets to optimize portfolio profitability, manage credit risk, and enhance customer engagement. Key Responsibilities 1. Portfolio Performance & Business Strategy  Analyze credit…",2026-08-06T10:58:06Z,https://www.adzuna.in/details/5830098173?utm_medium=api&utm_source=f8f3e256,data analyst,2026-08-12T08:34:10.313251+00:00
Lead Analyst - Business Data Services 4C,Genpact,India,,,0,"Lead Analyst - Business Data Services Ready to turn bold ideas into real-world impact? At Genpact, we don’t just adapt to change, we lead it. AI and digital innovation are transforming the way businesses work, and we’re at the forefront of it. Genpact’s AI Gigafactory , our industry-first accelerator, exemplifies how we scale advanced technology solutions to help global enterprises work smarter, grow faster, and transform at scale. Whether tackling complex challenges through large-scale models …",2026-08-06T20:45:52Z,https://www.adzuna.in/details/5830614210?utm_medium=api&utm_source=f8f3e256,data analyst,2026-08-12T08:34:10.313251+00:00
Sr. Data Engineer,Ness Digital Engineering,India,,,0,"Description Job Title: Data Engineer Location: Primary: Gurugram, India (Onsite – 4 days/week) Life at Ness: At Ness, people come first. Here, you'll be part of a vibrant team that values curiosity, innovation, and growth. We work with industry-leading clients on projects that truly make an impact while supporting every team member in carving out their unique career path. With resources for learning, certifications, and hands-on experiences, Ness offers you more than just a job—it’s a place whe…",2026-08-06T20:38:27Z,https://www.adzuna.in/details/5830595948?utm_medium=api&utm_source=f8f3e256,data analyst,2026-08-12T08:34:10.313251+00:00
Sr Data Engineer,Amgen,"Hyderabad, Telangana",,,0,"Career Category Information Systems Job Description Senior Data Engineer Role Name: Senior Data Engineer Department Name: OCX Team 2: Sky Links (SL) - HZN RDBU Role GCF: 5 Hiring Manager Name: Chunhai He ABOUT AMGEN Amgen harnesses the best of biology and technology to fight the world’s toughest diseases, and make people’s lives easier, fuller and longer. We discover, develop, manufacture and deliver innovative medicines to help millions of patients. Amgen helped establish the biotechnology ind…",2026-08-06T20:40:55Z,https://www.adzuna.in/details/5830601982?utm_medium=api&utm_source=f8f3e256,data analyst,2026-08-12T08:34:10.313251+00:00
Senior Analyst-Data Science,American Express,India,,,0,"Description Credit and Fraud Risk Organization (CFR) within American Express has the mission of minimizing credit and fraud losses while promoting business growth and delivering superior customer service. In India, the CFR CoE (Center of Excellence) team is involved in developing predictive models, business strategies, capabilities, and platforms for driving the above outcomes across all portfolios for American Express globally. Our Decision Science teams use industry leading modelling and AI p…",2026-08-06T20:41:02Z,https://www.adzuna.in/details/5830602306?utm_medium=api&utm_source=f8f3e256,data analyst,2026-08-12T08:34:10.313251+00:00
BI Developer,Circle K Stores,India,,,0,"Job Description Alimentation Couche-Tard Inc. (ACT) is a global Fortune 200 company. A leader in the convenience store and fuel space with over 16,700 stores in 31 countries, serving more than 9 million customers each day. It is an exciting time to be a part of the growing Enterprise BI team at Circle K. We are driving a well-supported cloud-first strategy to unlock the power of data reports across the company and help business stakeholders to discover, value and act on insights from reports ac…",2026-08-06T20:41:05Z,https://www.adzuna.in/details/5830602473?utm_medium=api&utm_source=f8f3e256,data analyst,2026-08-12T08:34:10.313251+00:00
Fabric Data Engineer - Senior Associate,PricewaterhouseCoopers,India,,,0,"Industry/Sector Not Applicable Specialism Platform Engineering & Architecture Management Level Senior Associate Job Description & Summary At PwC, our people in data and analytics engineering focus on leveraging advanced technologies and techniques to design and develop robust data solutions for clients. They play a crucial role in transforming raw data into actionable insights, enabling informed decision-making and driving business growth. In data engineering at PwC, you will focus on designing…",2026-08-06T20:41:26Z,https://www.adzuna.in/details/5830603815?utm_medium=api&utm_source=f8f3e256,data analyst,2026-08-12T08:34:10.313251+00:00
Senior Enterprise Technology Engineer,BP,India,,,0,"Entity: Technology Job Family Group: IT&S Group Job Description: Our purpose is to deliver energy to the world, today and tomorrow. For over 100 years, bp has focused on discovering, developing, and producing oil and gas in the nations where we operate. We are one of the few companies globally that can provide governments and customers with a coordinated energy offering. Delivering our strategy sustainably is fundamental to achieving our ambition to be a net zero company by 2050 or sooner! Bein…",2026-08-06T20:45:09Z,https://www.adzuna.in/details/5830612312?utm_medium=api&utm_source=f8f3e256,data analyst,2026-08-12T08:34:10.313251+00:00
Senior Workforce Data Analyst,Syneos Health,India,,,0,"Senior Workforce Data Analyst Syneos Health® is a leading fully-integrated life sciences services organization built to accelerate customer success. We partner with innovators at every point across the drug development and commercialization continuum, helping them navigate complexity, anticipate change and accelerate progress. Every day we perform better because of how we work together, as one team, each the best at what we do. We bring together talented experts across a broad spectrum of busin…",2026-08-06T20:44:22Z,https://www.adzuna.in/details/5830611283?utm_medium=api&utm_source=f8f3e256,data analyst,2026-08-12T08:34:10.313251+00:00
Financial Data Analyst,MCTC,India,,,0,"Position: Financial Data Analyst At MCTC, we’re a global maritime catering management and training company specializing in delivering provisions and providing support and consultancy to galley crews onboard vessels worldwide. We excel in culinary excellence and supply chain management, delivering innovative solutions for healthy meals to the maritime industry. Join us for an exciting career with great benefits! Why we need you: We are looking for a Financial Data Analyst to join our team and su…",2026-08-06T20:44:42Z,https://www.adzuna.in/details/5830611867?utm_medium=api&utm_source=f8f3e256,data analyst,2026-08-12T08:34:10.313251+00:00
"Data and Analytics Engineer , Enablement",Zensar Technologies,"Mumbai, Maharashtra",,,0,"Description We are looking for an experienced Data and Analytics Engineer to join our team and empower data engineers and analysts. Your role will be crucial in demonstrating the practical value of data-driven decision-making. You will work closely with various stakeholders to understand their data needs, guide them through best practices in data engineering, and deliver high-performing reports and visualizations. This position offers an exciting opportunity to contribute to our data-centric cu…",2026-08-06T20:39:54Z,https://www.adzuna.in/details/5830598887?utm_medium=api&utm_source=f8f3e256,data analyst,2026-08-12T08:34:10.313251+00:00
IT Operations Data & Automation Analyst,Shell,India,,,0,", India Job Family Group: Information Technology (IT) Worker Type: Regular Posting Start Date: August 5, 2026 Business Unit: Projects and Technology Experience Level: Early Careers Job Description: Where you Fit? This role is part of Business Integration and Compliance (BIC) team within Downstream Trading Renewables Service & Operations Management (DTR SOM). DTR SOM delivers Secure, Reliable and Affordable End to End IT operations to Shell’s Downstream business. The current role is part of the …",2026-08-06T20:42:40Z,https://www.adzuna.in/details/5830606916?utm_medium=api&utm_source=f8f3e256,data analyst,2026-08-12T08:34:10.313251+00:00
Data Management Analyst,JPMorganChase,"Mumbai, Maharashtra",,,0,"Description Safeguard operational integrity by ensuring accurate, complete, and effective controls across trading platforms and internal systems. Use data analytics and reconciliations to identify exceptions, investigate discrepancies, and provide actionable insights for decision-making. Collaborate with business, operations, technology, and risk partners to strengthen governance and the risk/control environment. Drive continuous improvement through process enhancements, automation initiatives,…",2026-08-06T20:39:41Z,https://www.adzuna.in/details/5830598446?utm_medium=api&utm_source=f8f3e256,data analyst,2026-08-12T08:34:10.313251+00:00
Business Analyst - Festival Reporting Experience,Jobgether,India,,,0,"This position is listed on behalf of a partner company, who manages all applications and next steps. Our partner is looking for a Business Analyst - Festival Reporting Experience based in India. This role offers the opportunity to transform complex event and ticketing data into meaningful insights through modern analytics and AI-driven solutions. You will help design reporting frameworks, build data pipelines, and create structured semantic layers that enable better decision-making. The positio…",2026-08-06T20:42:54Z,https://www.adzuna.in/details/5830607140?utm_medium=api&utm_source=f8f3e256,data analyst,2026-08-12T08:34:10.313251+00:00
"Lead Analyst, Data Operations",Sun King,India,,,0,"Job location: Remote About the role: Sun King is looking for a practitioner-leader to serve as Lead Analyst on the Data Desk. Reporting directly to the Head of Data Operations, you are the operational engine that keeps the Data Desk running at pace and to standard. You are both a technical authority and a people manager, often in the same hour. Your mandate has three pillars: keep the queue healthy, automate the repeatable tasks, and ensure that nothing inaccurate leaves the team. You manage th…",2026-08-06T20:36:51Z,https://www.adzuna.in/details/5830592655?utm_medium=api&utm_source=f8f3e256,data analyst,2026-08-12T08:34:10.313251+00:00
Geographic Information Systems Analyst,Tata Consultancy Services,"Chennai, Tamil Nadu",,,0,"Role: GIS Data Analyst Required Technical Skill Set • Spatial Data Editing, Transformation and Analysis • ArcGIS Pro • GeoProcessing Tools/Tasks • Knowledge of Various GIS Data formats (FGDB, Shapefiles, CSV etc) • Esri GeoDatabase (PostgreSQL) • Spatial Queries on PostgreSQL • Hands on Experience on UNM Data Model • Python Development with strong ArcPy. Arcade skills for automation, data cleanup, and validation • Experience in spatial data transformation, ETL processes, and data migration tool…",2026-08-06T17:50:30Z,https://www.adzuna.in/land/ad/5830416841?se=nMzllSiW8RGjz7ZOIswnvQ&utm_medium=api&utm_source=f8f3e256&v=FEC7D1EE1AA6A4B6A26ECD8DABAFA0FB15700B42,data analyst,2026-08-12T08:34:10.313251+00:00
"Program Specialist, Amazon Customer Service",ADCI HYD 20 SEZ,"Hyderabad, Telangana",,,0,"Amazon's Network Control Center (NCC) owns real-time observability, situational awareness, and coordinated intervention across the network to rapidly detect and eliminate issues before the customer journey is degraded. The Real-Time Remedies Execution (RTRE) function within NCC acts as the centralized communications liaison between Amazon's Recovery teams, Business teams, and Amazon's customers. The mission is to help prevent contacts to Amazon by executing bulk actions on accounts and communic…",2026-08-06T16:07:09Z,https://www.adzuna.in/details/5830319114?utm_medium=api&utm_source=f8f3e256,data analyst,2026-08-12T08:34:10.313251+00:00
Quant Analytics - Analyst,JPMorganChase,"Bangalore, Karnataka",,,0,"Job Description Our Consumer & Community Banking division serves our Chase customers through a range of financial services, including personal banking, credit cards, mortgages, auto financing, investment advice, small business loans and payment processing. We're proud to lead the U.S. in credit card sales and deposit growth and have the most-used digital solutions – all while ranking first in customer satisfaction. As a Data Analyst within Consumer Banking team in Bengaluru, you will perform fo…",2026-08-06T16:05:16Z,https://www.adzuna.in/details/5830315233?utm_medium=api&utm_source=f8f3e256,data analyst,2026-08-12T08:34:10.313251+00:00
Data Analyst,UnitedHealth Group,"Hyderabad, Telangana",,,0,"Requisition number: 2378298 Job category: Business & Data Analytics Optum is a global organization that delivers care, aided by technology to help millions of people live healthier lives. The work you do with our team will directly improve health outcomes by connecting people with the care, pharmacy benefits, data and resources they need to feel their best. Here, you will find a culture guided by inclusion, talented peers, comprehensive benefits and career development opportunities. Come make a…",2026-08-06T10:59:51Z,https://www.adzuna.in/details/5830105105?utm_medium=api&utm_source=f8f3e256,data analyst,2026-08-12T08:34:10.313251+00:00
"Senior Analyst-Data Analytics (SQL, Python, GenAI)",American Express,India,,,0,"Senior Analyst-Data Analytics (SQL, Python, GenAI) Gurugram, HR, India(Hybrid) Job Description The Analytics, Investments and Marketing Enablement (AIM) team-within Global Commercial Services Marketing (GCSM)-is the analytics engine powering Commercial customer acquisition, engagement, and retention. AIM develops insights, data products, and analytical solutions that shape smarter marketing and powerful digital experiences. This role sits within the Paid Media, Affiliates & Cobrand Analytics te…",2026-08-06T10:59:41Z,https://www.adzuna.in/details/5830104650?utm_medium=api&utm_source=f8f3e256,data analyst,2026-08-12T08:34:10.313251+00:00
Snowflake Data Engineer,"NTT America, Inc.",India,,,0,"Req ID: 380945 NTT DATA strives to hire exceptional, innovative and passionate individuals who want to grow with us. If you want to be part of an inclusive, adaptable, and forward-thinking organization, apply now. We are currently seeking a Snowflake Data Engineer to join our team in Remote, Karnataka (IN-KA), India (IN). ""Primary Responsibilities - Client Engagement & Delivery - Data Pipeline Development - Snowflake & Cloud Data Platforms - Data Architecture & Modelling - Collaboration & Best …",2026-08-06T10:59:16Z,https://www.adzuna.in/details/5830104000?utm_medium=api&utm_source=f8f3e256,data analyst,2026-08-12T08:34:10.313251+00:00
Technical Lead,Cognizant,"Pune, Maharashtra",,,0,Job Summary The Master Data Template Rollout Support TRS acts as the SME for the MDG ST (Master Data Governance Shared Template) solution within their Master Data domain (Material Customer Vendor Finance) in the MDG Core delivery team. This role ensures the effective deployment and adoption of the global ST solution bridging between the MDG core delivery team and local deployment teams. Responsibilities The TRS supports the localization of CRUD processes drives standardization and contributes t…,2026-08-06T10:58:12Z,https://www.adzuna.in/details/5830098444?utm_medium=api&utm_source=f8f3e256,data analyst,2026-08-12T08:34:10.313251+00:00
Officer Reference Data Services Intmd Analyst - C11 - GURGAON,Citigroup,India,,,0,"Whether you're at the start of your career or looking to discover your next adventure, your story begins here. At Citi , you'll have the opportunity to expand your skills and make a difference at one of the world's most global banks. We're fully committed to supporting your growth and development from the start with extensive on-the-job training and exposure to senior leaders, as well as more traditional learning. You'll also have the chance to give back and make a positive impact where we live…",2026-08-06T10:58:06Z,https://www.adzuna.in/details/5830098132?utm_medium=api&utm_source=f8f3e256,data analyst,2026-08-12T08:34:10.313251+00:00
Data Strategy Innovation Analyst,MSD,"Hyderabad, Telangana",,,0,"This job is with MSD, an inclusive employer and a member of myGwork – the largest global platform for the LGBTQ business community. Please do not contact the recruiter directly. Job Description Data Strategy Innovation Analyst The Opportunity Based in Hyderabad, join a global healthcare biopharma company and be part of a 130-year legacy of success backed by ethical integrity, forward momentum, and an inspiring mission to achieve new milestones in global healthcare. Be part of an organisation dr…",2026-08-06T16:01:53Z,https://www.adzuna.in/land/ad/5830301684?se=nMzllSiW8RGjz7ZOIswnvQ&utm_medium=api&utm_source=f8f3e256&v=AD56990E865B510D2B115237E0928C25ED069F54,data analyst,2026-08-12T08:34:10.313251+00:00
Ref Data Mgmt Analyst 2 - C10,Citigroup,India,,,0,"The Ref Data Mgmt Analyst 2 is a developing professional role. Applies specialty area knowledge in monitoring, assessing, analyzing and/or evaluating processes and data. Identifies policy gaps and formulates policies. Interprets data and makes recommendations. Researches and interprets factual information. Identifies inconsistencies in data or results, defines business issues and formulates recommendations on policies, procedures or practices. Integrates established disciplinary knowledge withi…",2026-08-06T10:58:06Z,https://www.adzuna.in/details/5830098123?utm_medium=api&utm_source=f8f3e256,data analyst,2026-08-12T08:34:10.313251+00:00
BI ENGINEER,Tecqubes Technologies,India,,,0,"Data Analysis: Proficient in analyzing large datasets to derive actionable insights and trends using reporting tools such as Tableau, Power BI, or similar platforms. SQL Proficiency: Strong SQL skills for data extraction, transformation, and analysis from relational databases. Responsibilities include: Analyze large datasets to identify trends, patterns, develop reports and dashboards using reporting tools like Tableau, Power BI, etc, that effectively communicate key metrics and insights. SQL Q…",2026-08-06T07:31:22Z,https://www.adzuna.in/details/5829886511?utm_medium=api&utm_source=f8f3e256,data analyst,2026-08-12T08:34:14.268470+00:00
AI/ ML engineer,Tecqubes Technologies,"Bangalore, Karnataka",,,0,"Key Responsibilities: Machine Learning Model Development: Design, implement, and deploy machine learning models to address complex challenges in the insurance domain. Work on diverse projects, leveraging machine learning techniques to extract insights and drive business value. Machine Learning Pipelines: Design and implement ETL processes for Machine Learning to ensure accurate and timely data integration from multiple sources. Build and optimize end-to-end machine learning pipelines, ensuring …",2026-08-06T07:31:22Z,https://www.adzuna.in/details/5829886533?utm_medium=api&utm_source=f8f3e256,data analyst,2026-08-12T08:34:14.268470+00:00
Data Privacy Analyst,LTM,"Bangalore, Karnataka",,,0,"About Company LTM is an AI-centric global technology services company and the Business Creativity partner to the world's largest and most disruptive enterprises. We bring human insights and intelligent systems together to help clients create greater value at the intersection of technology and domain expertise. Our capabilities span integrated operations, transformation, and business AI — enabling new ways of working, new productivity paradigms, and new roads to value. Together with over 87,000 …",2026-08-06T07:32:46Z,https://www.adzuna.in/details/5829888567?utm_medium=api&utm_source=f8f3e256,data analyst,2026-08-12T08:34:14.268470+00:00
Data Analyst - Applicant classification test-3,Test,"Gurgaon, Haryana",,,0,"Description We are seeking a Data Analyst with 4-8 years of experience to join our dynamic team in India. The ideal candidate will be responsible for transforming data into actionable insights, supporting business decisions, and driving strategic initiatives. Responsibilities Collecting, processing, and analyzing large datasets to derive actionable insights. Creating and maintaining dashboards and reports to visualize data trends and performance metrics. Collaborating with cross-functional team…",2026-08-06T07:32:47Z,https://www.adzuna.in/details/5829888646?utm_medium=api&utm_source=f8f3e256,data analyst,2026-08-12T08:34:14.268470+00:00
Data Analysis Analyst,Citigroup,"Chennai, Tamil Nadu",,,0,"Data/Information Mgt Analyst- C10 About us: Analytics & Information Management AIM is a global community that is driving data driven transformation across Citi in multiple functions with the objective to create actionable intelligence for our business leaders. We are a fast-growing organization working with Citi businesses and functions across the world. Job Scope: The Customer Remediation - Data Analyst, accomplishes results through the management of professional team that Integrates subject m…",2026-08-06T10:58:05Z,https://www.adzuna.in/details/5830098052?utm_medium=api&utm_source=f8f3e256,data analyst,2026-08-12T08:34:14.268470+00:00
Team Lead - Indirect Tax Compliance,3M,"Bangalore, Karnataka",,,0,"3M has a long-standing reputation as a company committed to innovation. We provide the freedom to explore and encourage curiosity and creativity. We gain new insight from diverse thinking, and take risks on new ideas. Here, you can apply your talent in bold ways that matter. Job Description: Team Lead - Indirect Tax Compliance Collaborate with Innovative 3Mers Around the World Choosing where to start and grow your career has a major impact on your professional and personal life, so it's equally…",2026-08-06T10:57:07Z,https://www.adzuna.in/details/5830096427?utm_medium=api&utm_source=f8f3e256,data analyst,2026-08-12T08:34:14.268470+00:00
Sr Data Engineer,Amgen,"Hyderabad, Telangana",,,0,"ABOUT AMGEN Amgen harnesses the best of biology and technology to fight the world's toughest diseases, making people's lives easier, fuller, and longer. We discover, develop, manufacture, and deliver innovative medicines to help millions of patients. Amgen helped establish the biotechnology industry more than 40 years ago and remains on the cutting edge of innovation, using technology and human genetic data to push beyond what's known today. ABOUT THE ROLE Role Description: Let's do this. Let's…",2026-08-06T10:57:38Z,https://www.adzuna.in/details/5830096978?utm_medium=api&utm_source=f8f3e256,data analyst,2026-08-12T08:34:14.268470+00:00
DBX - Solutions Architect,Arrow Electronics,"Bangalore, Karnataka",,,0,"Position: DBX - Solutions Architect Job Description: What you'll be doing:  Lead the design and implementation of scalable, secure, and high-performing data solutions using Azure Databricks, Delta Lake, and Delta Live Tables.  Own the complete architecture process, including requirements gathering, solution design, documentation, technical reviews and implement advanced data solutions on the Databricks platform.  Define best practices for cloud data architecture, data modeling, ELT/ETL pipeline…",2026-08-06T10:57:39Z,https://www.adzuna.in/details/5830096997?utm_medium=api&utm_source=f8f3e256,data analyst,2026-08-12T08:34:14.268470+00:00
AI/ ML engineer,Tecqubes Technologies,"Pune, Maharashtra",,,0,"Key Responsibilities: Machine Learning Model Development: Design, implement, and deploy machine learning models to address complex challenges in the insurance domain. Work on diverse projects, leveraging machine learning techniques to extract insights and drive business value. Machine Learning Pipelines: Design and implement ETL processes for Machine Learning to ensure accurate and timely data integration from multiple sources. Build and optimize end-to-end machine learning pipelines, ensuring …",2026-08-06T07:31:22Z,https://www.adzuna.in/details/5829886510?utm_medium=api&utm_source=f8f3e256,data analyst,2026-08-12T08:34:14.268470+00:00
"Manager, Business Technical Analysis",McDonalds in India,"Hyderabad, Telangana",,,0,"About McDonalds: One of the worlds largest employers with locations in more than 100 countries, McDonalds Corporation has corporate opportunities in Hyderabad. Our global offices serve as dynamic innovation and operations hubs, designed to expand McDonald's global talent base and in-house expertise. Our new office in Hyderabad will bring together knowledge across business, technology, analytics, and AI, accelerating our ability to deliver impactful solutions for the business and our customers a…",2026-08-06T10:55:26Z,https://www.adzuna.in/details/5830091573?utm_medium=api&utm_source=f8f3e256,data analyst,2026-08-12T08:34:14.268470+00:00
AI/ ML engineer,Tecqubes Technologies,"Kolkata, West Bengal",,,0,"Key Responsibilities: Machine Learning Model Development: Design, implement, and deploy machine learning models to address complex challenges in the insurance domain. Work on diverse projects, leveraging machine learning techniques to extract insights and drive business value. Machine Learning Pipelines: Design and implement ETL processes for Machine Learning to ensure accurate and timely data integration from multiple sources. Build and optimize end-to-end machine learning pipelines, ensuring …",2026-08-06T07:31:21Z,https://www.adzuna.in/details/5829886506?utm_medium=api&utm_source=f8f3e256,data analyst,2026-08-12T08:34:14.268470+00:00
Mis Data Analyst,Universal Education,"Mumbai, Maharashtra",,,0,"Create, manage, and optimize daily, weekly, and monthly reports for multiple teams. Build forecasting dashboards and automate recurring reports using scripts/macros where possible. Experience: 1 - 3 years Location: Mumbai Skills: Reports, Scripts, Manage Experience: 1.00-4.00 Years",2026-08-06T07:30:51Z,https://www.adzuna.in/details/5829885758?utm_medium=api&utm_source=f8f3e256,data analyst,2026-08-12T08:34:14.268470+00:00
API Functional testing,Hirexa Solutions Private Limited,"Bangalore, Karnataka",,,0,"Should have experience in API Functional Testing for 7 years with good communication Knowledge with Java and API Automation for Rest Assured is preferable. Hands on with Agile process and JIRA Individual contributor Test case design: Designing and executing test cases Defect identification: Identifying, isolating, and reporting defects and issues Collaboration: Working closely with developers, data analysts, and other stakeholders Test reporting: Documenting test results and communicating with …",2026-08-06T07:26:04Z,https://www.adzuna.in/details/5829876019?utm_medium=api&utm_source=f8f3e256,data analyst,2026-08-12T08:34:14.268470+00:00
Business Analyst,Refining Skills Academy,"Bangalore, Karnataka",,,0,"Business Analyst Yelahanka, Bangalore 30,000 - 50,000 per month 2 - 3 Years Experience About the Role We are looking for a Business Analyst to work on data analysis, business problem-solving, and sustainability-focused projects (link removed)> The role involves supporting companies in understanding operational data and contributing to carbon footprint and sustainability initiatives , especially in manufacturing-linked environments. Key Responsibilities Analyze business and operational data to i…",2026-08-06T06:40:29Z,https://www.adzuna.in/details/5829800306?utm_medium=api&utm_source=f8f3e256,data analyst,2026-08-12T08:34:14.268470+00:00
Data Analyst - Deloitte,Trigent Software Private Limited,"Richmond Town, Bangalore",1000000.0,1500000.0,0,"Location : Bangalore Exp : 4 Yrs (Bigdata with Hive SQL ) Notice Period : Immediate- 30 Days JD : Strategic Business Data Analyst with 4.4 years of experience driving data-driven decision-making in financial services and insurance domain. Proven track record of reducing regulatory adjustments by 35%, improving data quality by 40%, and enhancing reporting accuracy for Basel compliance initiatives.requirements gathering, process analysis, workflow optimization, stakeholder management, and Agile d…",2026-08-05T23:32:14Z,https://www.adzuna.in/details/5829370980?utm_medium=api&utm_source=f8f3e256,data analyst,2026-08-12T08:34:14.268470+00:00
Senior Data Operations Analyst - SO,NielsenIQ,"Vadodara, Gujarat",,,0,Job Description Acts as point-of contact between Operations and internal client services / clients to manage E2E operational queries and support to clients. Act as secondary point of contact in the absence of team lead in managing E2E operational queries and deliverables. Delivers databases and outputs based on client specifications on time and at expected quality as well as engaging with stakeholders Accountable for managing e2e NIQ’s Statistical Operations processes with a goal of delivering …,2026-08-06T01:18:53Z,https://www.adzuna.in/details/5829391122?utm_medium=api&utm_source=f8f3e256,data analyst,2026-08-12T08:34:14.268470+00:00
Senior Data Analyst I - Survey Programming,The Nielsen Company,"Mumbai, Maharashtra",,,0,"Job Description Our Senior Technical Survey Data Analysts are responsible for programming survey questionnaires based on the materials provided by the Brand Impact Research Team, using specific software to program surveys, such as Decipher. This position combines survey development (from questionnaires), quality assurance, and direct communication with internal stakeholders and partners. This role will include liaising with project managers and researchers to understand their requirements, prog…",2026-08-06T01:18:51Z,https://www.adzuna.in/details/5829390924?utm_medium=api&utm_source=f8f3e256,data analyst,2026-08-12T08:34:14.268470+00:00
Data Analyst II - Survey Programming,The Nielsen Company,"Mumbai, Maharashtra",,,0,"Job Description Our Technical Survey Data Analysts are responsible for programming survey questionnaires based on the materials provided by the Brand Impact Research Team, using specific software to program surveys, such as Decipher. This position combines survey development (from questionnaires), quality assurance, and direct communication with internal stakeholders and partners. This role will include liaising with project managers and researchers to understand their requirements, programming…",2026-08-06T01:18:51Z,https://www.adzuna.in/details/5829390935?utm_medium=api&utm_source=f8f3e256,data analyst,2026-08-12T08:34:14.268470+00:00
Azure Cloud Engineer,ScatterPie Analytics Private Limited,"Chandigarh, India",,,0,"Job Description – Azure Cloud Engineer Position: Azure Cloud Engineer Location: Chandigarh Department: Data Platforms & Engineering Experience: 3–5 Years About the Role ScatterPie Analytics is looking for an experienced Azure Cloud Engineer to design, develop, and maintain scalable cloud-based data solutions on Microsoft Azure. The ideal candidate should possess expertise in Azure data services, ETL/ELT pipeline development, cloud storage, and modern data engineering practices. Key Responsibili…",2026-08-06T00:50:34Z,https://www.adzuna.in/details/5829382989?utm_medium=api&utm_source=f8f3e256,data analyst,2026-08-12T08:34:14.268470+00:00
Require a Data Analyst in Bangalore,TestHiring,"Richmond Town, Bangalore",15000.0,20000.0,0,Analyze complex business datasets using exploratory data analysis techniques to uncover trends patterns and anomalies that directly inform strategic decisions and operational improvements across the organization. Develop robust data models and analytical frameworks in Python that standardize calculations support predictive insights and enable scalable reuse across teams and projects. Good experience in Power BI Design and maintain advanced Excel workbooks and macro driven solutions that automat…,2026-08-06T00:50:33Z,https://www.adzuna.in/details/5829382885?utm_medium=api&utm_source=f8f3e256,data analyst,2026-08-12T08:34:14.268470+00:00
Big Data Analyst,DATAECONOMY,"Kyasaram, Hyderabad",,,0,Who are we looking for? We are looking for self-motivated hands-on Data Analyst for state street’s AML Transformation program. Candidate will closely work with Technical and business teams in an agile fashion to develop Technical solution for AML Transaction Monitoring and other compliance Program. What will you be responsible for? · Evaluate organizational methods and provide source-to-target mappings and information-model specification documents for data sets. · Work directly with management …,2026-08-06T00:50:32Z,https://www.adzuna.in/details/5829382824?utm_medium=api&utm_source=f8f3e256,data analyst,2026-08-12T08:34:14.268470+00:00
Require an Associate - Data Analyst in Bangalore,TestHiring,"Richmond Town, Bangalore",,,0,"Collect, clean, and analyze large datasets from e-commerce platforms, CRM systems, POS terminals, and market research tools. Develop and maintain dashboards using tools such as Tableau, Power BI, or Google Data Studio to visualize key performance metrics. Conduct deep-dive analyses on customer segmentation, purchase behavior, and product performance to inform merchandising and marketing strategies. Collaborate with marketing, product, and supply chain teams to provide data-backed recommendation…",2026-08-06T00:50:32Z,https://www.adzuna.in/details/5829382844?utm_medium=api&utm_source=f8f3e256,data analyst,2026-08-12T08:34:14.268470+00:00
Kafka Data Engineer,Trigent Software Private Limited,India,1000000.0,2000000.0,0,"Data Engineer to build and manage data pipelines that support batch and streaming data solutions. The role requires expertise in creating seamless data flows across platforms like Data Lake/Lakehouse in Cloudera, Azure Databricks, Kafka for both batch and stream data pipelines etc. Responsibilities Strong experience in develop, test, and maintain data pipelines (batch & stream) using Cloudera, Spark, Kafka and Azure services like ADF, Cosmos DB, Databricks, NoSQL DB/ Mongo DB etc. Strong progra…",2026-08-05T23:32:14Z,https://www.adzuna.in/details/5829370969?utm_medium=api&utm_source=f8f3e256,data analyst,2026-08-12T08:34:14.268470+00:00
Data Governance Quality Analyst,Citigroup,"Bangalore, Karnataka",,,0,"We value our talented employees, and whenever possible strive to help one of our associates grow professionally before recruiting new talent to our open positions. If you think the open position you see is right for you, we encourage you to apply! Our people make all the difference in our success.  About us: Analytics Information management (AIM) is a global community that is driving data driven transformation across Citi in multiple functions with the objective to create actionable intelligenc…",2026-08-06T10:58:06Z,https://www.adzuna.in/details/5830098085?utm_medium=api&utm_source=f8f3e256,data analyst,2026-08-12T08:34:14.268470+00:00
Data Analyst,HP,"Bangalore, Karnataka",,,0,"Description - Job Summary This role is responsible for collecting, analyzing, interpreting, and presenting data to support decision-making and provide insights to the organization. The role applies statistical and analytical methods to explore data, identify trends, patterns, and anomalies, and extract actionable insights. The role helps organization make data-driven decisions, optimize processes, and achieve their strategic objectives. The role provides strategic recommendations to senior mana…",2026-08-06T05:36:43Z,https://www.adzuna.in/details/5829763411?utm_medium=api&utm_source=f8f3e256,data analyst,2026-08-12T08:34:14.268470+00:00
Sr. Associate - F&A - I2C 5B,Genpact,India,,,0,"Sr. Associate - F&A - I2C Ready to turn bold ideas into real-world impact? At Genpact, we don’t just adapt to change, we lead it. AI and digital innovation are transforming the way businesses work, and we’re at the forefront of it. Genpact’s AI Gigafactory , our industry-first accelerator, exemplifies how we scale advanced technology solutions to help global enterprises work smarter, grow faster, and transform at scale. Whether tackling complex challenges through large-scale models or agentic A…",2026-08-05T20:49:35Z,https://www.adzuna.in/details/5829189520?utm_medium=api&utm_source=f8f3e256,data analyst,2026-08-12T08:34:14.268470+00:00
"Senior Analyst-Data Analytics (SQL, Python, GenAI)",American Express,India,,,0,"Description The Analytics, Investments and Marketing Enablement (AIM) team—within Global Commercial Services Marketing (GCSM)—is the analytics engine powering Commercial customer acquisition, engagement, and retention. AIM develops insights, data products, and analytical solutions that shape smarter marketing and powerful digital experiences. This role sits within the Paid Media, Affiliates & Cobrand Analytics team , supporting strategy, analytics and optimization across platforms. The team par…",2026-08-05T20:49:12Z,https://www.adzuna.in/details/5829188963?utm_medium=api&utm_source=f8f3e256,data analyst,2026-08-12T08:34:14.268470+00:00
Product Engineer II - Geospatial Data Science,Esri,"New Delhi, Delhi",,,0,"Overview Esri is the world leader in geographic information systems (GIS) and developer of ArcGIS, the leading mapping and analytics software used in 75 percent of Fortune 500 companies. At the Esri R&D Center-New Delhi, we are applying cutting-edge AI and deep learning techniques to revolutionize geospatial analysis and derive insight from imagery and location data. We are passionate about applying data science and artificial intelligence to solve some of the world’s biggest challenges. Our te…",2026-08-05T20:51:10Z,https://www.adzuna.in/details/5829191783?utm_medium=api&utm_source=f8f3e256,data analyst,2026-08-12T08:34:14.268470+00:00
Associate Data Engineer,Amgen,"Hyderabad, Telangana",,,0,"Career Category Engineering Job Description ABOUT AMGEN Amgen harnesses the best of biology and technology to fight the world’s toughest diseases, and make people’s lives easier, fuller and longer. We discover, develop, manufacture and deliver innovative medicines to help millions of patients. Amgen helped establish the biotechnology industry more than 40 years ago and remains on the cutting-edge of innovation, using technology and human genetic data to push beyond what’s known today. Roles & R…",2026-08-05T20:53:43Z,https://www.adzuna.in/details/5829195614?utm_medium=api&utm_source=f8f3e256,data analyst,2026-08-12T08:34:14.268470+00:00
BI Solution Architect,Sigmoid,"Bangalore, Karnataka",,,0,"We are seeking an experienced and passionate BI Solution Architect to lead our Business Intelligence transformation initiatives. This role is responsible for: BI Practice Innovation Develop reusable accelerators. Optimize Power BI Service and workspaces—not just dashboards. Expedite the end-to-end development process, ensuring we do more with less. Lead programs that transform dashboard migration involving thousands of dashboards within a few months. Establish governance frameworks and best pra…",2026-08-05T20:54:20Z,https://www.adzuna.in/details/5829196414?utm_medium=api&utm_source=f8f3e256,data analyst,2026-08-12T08:34:14.268470+00:00
BDE – IT Training Center | Ahmedabad,ExcelPTP,"Ahmedabad, Gujarat",,,0,"Relevant Experience 1 - 4 Years (BDE or Fresher for IT Training Center) Total Experience 1 - 4 Years (working exp. as BDE in Any Coaching, institute or training center would be best) Job Type Part Time / Full time No. of Openings 2 Vacancies Location Navrangpura, Ahmedabad Minimum Qualifications Any Graduate Can apply - Good command on Communication - incentives on sales Job Description Looking for PartTime/FullTime/Freelance Business Development Officer for Reputed IT Training Center in Ahmeda…",2026-08-05T21:36:07Z,https://www.adzuna.in/details/5829317356?utm_medium=api&utm_source=f8f3e256,data analyst,2026-08-12T08:34:14.268470+00:00
Principal Data Manager,BP,India,,,0,"Entity: Technology Job Family Group: IT&S Group Job Description: About the role At bp, we're using data, analytics, and AI to improve how we work, make decisions, and create value for our customers and business. As a Principal Data Manager, you'll help shape how data is managed and used across Mobility & Convenience. Working with business leaders, engineers, architects, analysts, and data scientists, you'll help build trusted, scalable, and accessible data foundations that support both day-to-d…",2026-08-05T20:55:52Z,https://www.adzuna.in/details/5829198429?utm_medium=api&utm_source=f8f3e256,data analyst,2026-08-12T08:34:14.268470+00:00
ADAS SW Integration/Pre-Analysis Specialist,BMW TechWorks,"Bangalore, Karnataka",,,0,"Responsibilities: Join our Validation and Data analysis team that is dedicated to enhancing autonomous driving safety and performance with meticulous defect analysis. Work closely with test drivers, engineers, and data analysts to identify root causes of defects found in test drives and reprocessing. Contribute to the development of more robust ADAS Platform by providing detailed insights from your analysis. Engage in an innovative environment with a focus on continuous improvement. Leverage ad…",2026-08-05T20:56:18Z,https://www.adzuna.in/details/5829198996?utm_medium=api&utm_source=f8f3e256,data analyst,2026-08-12T08:34:14.268470+00:00
Data Engineer,Accenture,India,,,0,"Project Role : Data Engineer Project Role Description : Design, develop and maintain data solutions for data generation, collection, and processing. Create data pipelines, ensure data quality, and implement ETL (extract, transform and load) processes to migrate and deploy data across systems. Must have skills : Data Build Tool Good to have skills : NA Minimum 5 year(s) of experience is required Educational Qualification : 15 years full time education Summary As a Data Engineer specializing in d…",2026-08-05T20:59:22Z,https://www.adzuna.in/details/5829210670?utm_medium=api&utm_source=f8f3e256,data analyst,2026-08-12T08:34:14.268470+00:00
Reward Advisor,Barclays,India,,,0,"Job Description Purpose of the role To develop, implement and maintain compensation programmes and provide advice to resolve any related issues. Accountabilities Development (including design and related analysis), implementation and delivery of compensation programmes aligned to the organisation’s strategy and applicable regulations, including the provision of advice throughout the employee lifecycle and during the annual pay review, advising on related services and the resolution of reward an…",2026-08-05T20:50:52Z,https://www.adzuna.in/details/5829191410?utm_medium=api&utm_source=f8f3e256,data analyst,2026-08-12T08:34:14.268470+00:00
Senior Security Analyst,TriNet,"Hyderabad, Telangana",,,0,"Description TriNet is a leading provider of comprehensive human resources solutions for small to midsize businesses (SMBs). We enhance business productivity by enabling our clients to outsource their HR function to one strategic partner and allowing them to focus on operating and growing their core businesses. Our full-service HR solutions include features such as payroll processing, human capital consulting, employment law compliance and employee benefits, including health insurance, retiremen…",2026-08-05T20:55:30Z,https://www.adzuna.in/details/5829198002?utm_medium=api&utm_source=f8f3e256,data analyst,2026-08-12T08:34:14.268470+00:00
AI Data Engineer,Trigent Software Private Limited,India,3500000.0,4000000.0,0,"Summary: The main function of an AI Data Engineer is to construct and maintain data pipelines, ETL processes, and data storage systems to facilitate efficient data collection, processing, and analysis. They ensure data quality and accessibility for data-driven decision-making, collaborating closely with data scientists and analysts. Job Responsibilities: As a Data Engineer in MDO, you will drive critical initiatives to help our data platform scale to the needs of business priorities and technol…",2026-08-05T23:32:14Z,https://www.adzuna.in/details/5829370950?utm_medium=api&utm_source=f8f3e256,data analyst,2026-08-12T08:34:14.268470+00:00
"Business Analyst II, Global Data Analytics (GDA), Finance Operations",Amazon,India,,,0,"The Business Analyst II will be a part of highly visible, growth-oriented, and dynamic Finance Operations, Global Data & Analytics (GDA) team. This role will be instrumental in driving data-driven decision-making across our global finance operations, focusing on process optimization, financial analytics, and business intelligence solutions. The role will develop analytical solutions that empower one of the world’s largest Accounts Payable and Receivable teams to operate at scale and resolve pro…",2026-08-05T20:40:19Z,https://www.adzuna.in/details/5829179156?utm_medium=api&utm_source=f8f3e256,data analyst,2026-08-12T08:34:14.268470+00:00
Data Operations Analyst,AGDATA LP,India,,,0,"Data Operations Analyst We are the most trusted provider of data collection and management, marketing program management, and analytical solutions for our Crop and Animal Health industry clients. With data services at the core—surrounded by an extensible array of streamlined software solutions—our unified platform represents over three decades of innovation and expertise in the agriculture, crop protection, specialty chemical and animal health industries. Backed by an entrepreneurial, creative …",2026-08-05T20:50:56Z,https://www.adzuna.in/details/5829191504?utm_medium=api&utm_source=f8f3e256,data analyst,2026-08-12T08:34:14.268470+00:00
Software Engineer III,JPMorganChase,"Hyderabad, Telangana",,,0,"Description We have an exciting and rewarding opportunity for you to take your software engineering career to the next level As a Software Engineer III at JPMorgan Chase as a part of the Data Product team within Consumer & Community Banking, you will contribute to a suite of tools designed for Consumer & Community Banking data analysts and publishing teams, offering seamless migration assistance, cross-platform reconciliation, and clear information on the data they need to make an impact. Job r…",2026-08-05T20:47:43Z,https://www.adzuna.in/details/5829186534?utm_medium=api&utm_source=f8f3e256,data analyst,2026-08-12T08:34:14.268470+00:00
Specialist IS Business system analyst,Amgen,"Hyderabad, Telangana",,,0,"Career Category Information Systems Job Description Specialist Business Systems Analyst – Manufacturing Data & Analytics What You Will Do Let’s do this. Let’s change the world. In this vital role, you will apply manufacturing, data, and business-process expertise to translate business needs into clear product and system requirements. You will define epics, features, user stories, acceptance criteria, process maps, use cases, data requirements, and test scenarios that enable delivery teams to es…",2026-08-05T20:46:18Z,https://www.adzuna.in/details/5829184105?utm_medium=api&utm_source=f8f3e256,data analyst,2026-08-12T08:34:14.268470+00:00
"Data Eng, Mgmt & Governance Sr Analyst",Accenture,India,,,0,"Skill required: Data Management - PySpark Designation: Data Eng, Mgmt & Governance Sr Analyst Qualifications: Any Graduation,BTech Years of Experience: 5-7 Years About Accenture Accenture is a global professional services company with leading capabilities in digital, cloud and security.Combining unmatched experience and specialized skills across more than 40 industries, we offer Strategy and Consulting, Technology and Operations services, and Accenture Song— all powered by the world’s largest n…",2026-08-05T20:43:58Z,https://www.adzuna.in/details/5829182138?utm_medium=api&utm_source=f8f3e256,data analyst,2026-08-12T08:34:14.268470+00:00
Senior Data Engineer (Kriya),Allica Bank,"Karnataka, India",,,0,"About Allica Bank Allica is the UK’s fastest growing company - and the fastest-growing financial technology (Fintech) firm ever. Our purpose is to help established SMEs, one of the last major underserved opportunities in Fintech. Established SMEs are the backbone of local communities - representing over a third of our economy - yet have been largely neglected both by traditional high street banks and modern fintech providers. Role Description As a Data Engineer / BI Analyst at Kriya, you'll own…",2026-08-05T20:42:11Z,https://www.adzuna.in/details/5829180520?utm_medium=api&utm_source=f8f3e256,data analyst,2026-08-12T08:34:14.268470+00:00
"Business Analyst, Global Solutions & Risk Compliance (GSRC)",Amazon,India,,,0,"Amazon is an E-commerce and Cloud Computing company with headquarters in Seattle, Washington. Since 1995, Amazon has focused on being “the world’s most customer centric company.” Our customers are worldwide, and include not just consumers, but also our sellers and vendors (selling partners). World-class retail brands and individual sellers increase their sales and reach new customers by leveraging the power of the Amazon e-commerce platform. To meet our selling partners’ needs, our smart, diver…",2026-08-05T20:42:10Z,https://www.adzuna.in/details/5829180504?utm_medium=api&utm_source=f8f3e256,data analyst,2026-08-12T08:34:14.268470+00:00
"Data Engineer I, SPIV Data Engineering",Amazon,India,,,0,"Selling Partner Identity Verification is working to identify and prevent fraudulent behavior through all stages of a seller's lifecycle. We are seeking a skilled Data Engineer to join our team and help us build and manage the Data for the business domains within the Selling Partner Identity Verification space. As a Data Engineer, you will play a crucial role in designing, implementing, and maintaining our data infrastructure and pipelines. You will work closely with cross-functional teams to de…",2026-08-05T20:41:59Z,https://www.adzuna.in/details/5829180368?utm_medium=api&utm_source=f8f3e256,data analyst,2026-08-12T08:34:14.268470+00:00
Team Lead - Indirect Tax Compliance,3M,India,,,0,"3M has a long-standing reputation as a company committed to innovation. We provide the freedom to explore and encourage curiosity and creativity. We gain new insight from diverse thinking, and take risks on new ideas. Here, you can apply your talent in bold ways that matter. Job Description: Team Lead - Indirect Tax Compliance Collaborate with Innovative 3Mers Around the World Choosing where to start and grow your career has a major impact on your professional and personal life, so it’s equally…",2026-08-05T20:40:50Z,https://www.adzuna.in/details/5829179564?utm_medium=api&utm_source=f8f3e256,data analyst,2026-08-12T08:34:14.268470+00:00
Sr Data Engineer,Amgen,"Hyderabad, Telangana",,,0,"Career Category Information Systems Job Description ABOUT AMGEN Amgen harnesses the best of biology and technology to fight the world’s toughest diseases, making people’s lives easier, fuller, and longer. We discover, develop, manufacture, and deliver innovative medicines to help millions of patients. Amgen helped establish the biotechnology industry more than 40 years ago and remains on the cutting edge of innovation, using technology and human genetic data to push beyond what’s known today. A…",2026-08-05T20:40:27Z,https://www.adzuna.in/details/5829179285?utm_medium=api&utm_source=f8f3e256,data analyst,2026-08-12T08:34:14.268470+00:00
FIU Data Analyst - Bengalaru,MoonPay,India,,,0,"About MoonPay MoonPay is for builders with something to prove. This isn't a ""work on cool crypto stuff"" company. It's a high-standards, high-velocity, high-accountability company building the operating system for value movement. If the internet moves information, we move value: crypto, stablecoins, tokenized assets, and whatever comes next. Four offerings make that real: fund, tokenize, trade, and spend. 30M customers and 500 ecosystem partners run on us. Licensed in the U.S. Regulated across t…",2026-08-05T20:40:26Z,https://www.adzuna.in/details/5829179265?utm_medium=api&utm_source=f8f3e256,data analyst,2026-08-12T08:34:14.268470+00:00
Data Analytics - Associate Director,Acme Services Private Limited,"Bazargate, Mumbai",1900000.0,2000000.0,0,"Job Description: Overseeing and mentoring a team of analysts who manage a shared book of business Managing the progress of multiple analytic projects and ensuring the projects meet their respective deadlines Supporting internal and external stakeholders by understanding their challenges, translating the challenges into solutions, and delivering both off-the-shelf and custom solutions Clearly defining and managing project scope, deliverables, timelines, and dependencies for data analysts, intern…",2026-08-05T23:32:08Z,https://www.adzuna.in/details/5829370909?utm_medium=api&utm_source=f8f3e256,data analyst,2026-08-12T08:34:14.268470+00:00
Analyst - Business Data Services 5B,Genpact,India,,,0,"Analyst - Business Data Services Ready to turn bold ideas into real-world impact? At Genpact, we don’t just adapt to change, we lead it. AI and digital innovation are transforming the way businesses work, and we’re at the forefront of it. Genpact’s AI Gigafactory , our industry-first accelerator, exemplifies how we scale advanced technology solutions to help global enterprises work smarter, grow faster, and transform at scale. Whether tackling complex challenges through large-scale models or ag…",2026-08-05T20:48:26Z,https://www.adzuna.in/details/5829187858?utm_medium=api&utm_source=f8f3e256,data analyst,2026-08-12T08:34:14.268470+00:00
Business Analyst,Cisco,"Bangalore, Karnataka",,,0,"Meet the Team Our team is inventory management team which is a global, diverse team across the world, to manage global partners inventory and also hub inventory at Cisco Your Impact As business analyst,  Leverage AI and advanced analytics tools to optimize supply chain processes and manage risks. Implement predictive models to anticipate potential disruptions and develop contingency plans.  Identify opportunities to improve supply chain efficiency through automation and the integration of AI/ML…",2026-08-12T10:57:57Z,https://www.adzuna.in/details/5837797842?utm_medium=api&utm_source=f8f3e256,business analyst,2026-08-12T08:34:17.374029+00:00
Senior Database Tech Lead - Vice President,Citigroup,"Chennai, Tamil Nadu",,,0,"Our people make all the difference in our success. Citi FX Technology would like to hire a senior Java developer to work on strategic initiatives on our FX trade processing platform. The successful candidate will also support the improvement of our software development, build and deploy practices, and will champion the use of best practices across our global development teams. Citi has the largest FX presence of any bank globally. Our physical presence in 83 countries gives us unrivalled insigh…",2026-08-12T10:58:05Z,https://www.adzuna.in/details/5837798213?utm_medium=api&utm_source=f8f3e256,business analyst,2026-08-12T08:34:17.374029+00:00
Business Finance Analyst,Google,India,,,0,"Business Finance Analyst _corporate_fare_ Google _place_ Gurugram, Haryana, India Mid Experience driving progress, solving problems, and mentoring more junior team members; deeper expertise and applied knowledge within relevant area. Minimum qualifications:  Bachelor's degree in Business, Finance, Economics, Statistics, or another quantitative field, or equivalent practical experience.  4 years of experience in financial planning and analysis (FP&A), consulting, or a related function.  Experien…",2026-08-12T10:58:32Z,https://www.adzuna.in/details/5837800023?utm_medium=api&utm_source=f8f3e256,business analyst,2026-08-12T08:34:17.374029+00:00
Business Analyst,Scout Incorporation,India,2800000.0,3200000.0,0,"We're looking for Business Analysts! Responsibilities: Efficiently conduct analysis and prioritize tasks to meet deadlines by concentrating on the daily execution of the business issues from strategy to implementation. Collaborate with the stakeholders to understand the requirements and provide data driven solutions. Work with cross functional teams to execute data ingestion, validation & normalization. Interpret, evaluate, and analyze facts and information required for providing logical soluti…",2026-08-12T07:02:24Z,https://www.adzuna.in/details/5837542423?utm_medium=api&utm_source=f8f3e256,business analyst,2026-08-12T08:34:17.374029+00:00
Business Analyst II,Microsoft Corporation,"Bangalore, Karnataka",,,0,"Overview Microsoft AI is a customer-first organization focused on building AI-powered products that help customers and businesses achieve more in an evolving technology landscape. As AI reshapes how people discover information, engage with services, and conduct business, we need product leaders who can navigate ambiguity, bring clarity to complex challenges, and drive meaningful customer and business impact. As a member of the Microsoft AI Monetization Platform Trust & Safety team, you will pla…",2026-08-12T10:59:03Z,https://www.adzuna.in/details/5837802304?utm_medium=api&utm_source=f8f3e256,business analyst,2026-08-12T08:34:17.374029+00:00
nCino Dev Lead,"NTT America, Inc.","Noida, Ghaziabad",,,0,"Req ID: 383288 NTT DATA strives to hire exceptional, innovative and passionate individuals who want to grow with us. If you want to be part of an inclusive, adaptable, and forward-thinking organization, apply now. We are currently seeking a nCino Dev Lead to join our team in Noida, Uttar Pradesh (IN-UP), India (IN). Job Description - Senior Application Developer Position Summary We are seeking an experienced Senior Application Developer with 8 years of IT experience in designing, developing, co…",2026-08-12T10:59:15Z,https://www.adzuna.in/details/5837803367?utm_medium=api&utm_source=f8f3e256,business analyst,2026-08-12T08:34:17.374029+00:00
Business Analyst,UnitedHealth Group,"Uttar Pradesh, India",,,0,"Requisition number: 2372156 Job category: Business & Data Analytics Optum is a global organization that delivers care, aided by technology to help millions of people live healthier lives. The work you do with our team will directly improve health outcomes by connecting people with the care, pharmacy benefits, data and resources they need to feel their best. Here, you will find a culture guided by inclusion, talented peers, comprehensive benefits and career development opportunities. Come make a…",2026-08-12T11:00:00Z,https://www.adzuna.in/details/5837806206?utm_medium=api&utm_source=f8f3e256,business analyst,2026-08-12T08:34:17.374029+00:00
ERP Functional Analyst,Arrow Electronics,"Bangalore, Karnataka",,,0,"Position: ERP Functional Analyst Job Description: What You'll Be Doing  Serves as the functional expert in e Business Suite (EBS) applications deployed in the Distribution, CRM, Supply Chain, Finance and Manufacturing domain.  Has strong knowledge in EBS R12 GL, AP, AR modules.  Has experience in the oracle EBS support functions like problem solving, incident resolution, etc  Has experience in handling custom functionalities along with standard EBS processes  Has end-user, business analyst and …",2026-08-12T10:57:31Z,https://www.adzuna.in/details/5837796940?utm_medium=api&utm_source=f8f3e256,business analyst,2026-08-12T08:34:17.374029+00:00
Sr IT Analyst,Honeywell,"Pune, Maharashtra",,,0,"As a Sr IT Analyst here at Honeywell, you will lead complex, high-impact IT projects, using your expertise to provide guidance on IT strategy and drive data-informed decision-making. Your responsibilities will involve analyzing intricate IT systems, identifying areas for improvement and innovation, and offering solutions to address business challenges. By staying current with emerging IT trends and technologies, you will directly contribute to the organization's technology roadmap. Your work as…",2026-08-12T10:58:40Z,https://www.adzuna.in/details/5837800535?utm_medium=api&utm_source=f8f3e256,business analyst,2026-08-12T08:34:17.374029+00:00
"Business Analyst II, WW FBA, FBA Analytics",Amazon,"Bangalore, Karnataka",,,0,"Description At Amazon, we're working to be the most customer-centric company on earth. To get there, we need exceptionally talented, bright, and driven people. Over 2 million Sellers in 10 countries ship billions of products for sale on the Amazon Marketplace. To meet our sellers' needs, we are constantly innovating and building on new ideas. Fulfillment by Amazon (FBA) Inbound analytics and data science team partners with product team to optimize inbound supply chain by influencing right trade…",2026-08-12T10:57:17Z,https://www.adzuna.in/details/5837796354?utm_medium=api&utm_source=f8f3e256,business analyst,2026-08-12T08:34:17.374029+00:00
BMC Helix Developer,Eurofins GSC IT DC,"Bangalore, Karnataka",,,0,"Job Description Eurofins IT Solution is looking for an experienced BMC Helix Developer to join our dynamic team. This role will involve working with a diverse group of professionals to develop, integrate, and maintain BMC Helix solutions that meet our clients' unique needs. The ideal candidate should have a strong background in IT service management and a deep understanding of the ITIL, BMC Helix ITSM, DWPC, DWPA, BMC Helix Innovation Studio. Total years of experience – 5 to 8 years BMC years o…",2026-08-12T07:26:14Z,https://www.adzuna.in/details/5837583706?utm_medium=api&utm_source=f8f3e256,business analyst,2026-08-12T08:34:17.374029+00:00
Senior Associate - Lead QA Engineer,Deutsche Börse Group,"Hyderabad, Telangana",,,0,"Your area of work: As a member of the Core Quality Assurance team, you will play a key role in Business Acceptance Testing (BAT) for Clearing and Risk IT systems. Leveraging your Test automation expertise and working closely with business analysts, you will translate business requirements into comprehensive test cases. You will be responsible for designing automated testing solutions, executing test scenarios, and ensuring that all regulatory and functional requirements are met before deploymen…",2026-08-12T10:55:28Z,https://www.adzuna.in/details/5837787610?utm_medium=api&utm_source=f8f3e256,business analyst,2026-08-12T08:34:17.374029+00:00
Senior Associate Vice President - Principal QA Engineer,Deutsche Börse Group,"Hyderabad, Telangana",,,0,"Your area of work: As a member of the Core Quality Assurance team, you will play a key role in Business Acceptance Testing (BAT) for Clearing and Risk IT systems. Leveraging your functional expertise and working closely with business analysts, you will translate business requirements into comprehensive test cases. You will be responsible for designing automated testing solutions, executing test scenarios, and ensuring that all regulatory and functional requirements are met before deployment int…",2026-08-12T10:55:41Z,https://www.adzuna.in/details/5837789430?utm_medium=api&utm_source=f8f3e256,business analyst,2026-08-12T08:34:17.374029+00:00
"Senior, ERP Business Analyst",Schneider Electric,"Bangalore, Karnataka",,,0,"Technical Competencies: Around 10 years of SAP experience as consultant with complex and multiple projects (Core template design / build / validation, roll-out and support) in the area of SAP - PP/Manufacturing with hands-on experience on the following areas: Should have worked on at least 2 S4HANA projects End-to-End Implementation as SAP S/4 Consultant on S4 HANA Manufacturing (Production Planning) including FIORI interface and customization. Should have worked on empedded PPDS as part of SAP…",2026-08-12T07:19:51Z,https://www.adzuna.in/details/5837574481?utm_medium=api&utm_source=f8f3e256,business analyst,2026-08-12T08:34:17.374029+00:00
"Expert, ERP Business Analyst",Schneider Electric,"Bangalore, Karnataka",,,0,"SAP EPPM Consultant About: A EPPM consultant with S/4HANA experience is responsible for implementing and supporting the SAP Project System module and SAP EPPM, which includes configuring project structures like Work Breakdown Structures (WBS), networks, and activities, along with cost planning, budgeting, and scheduling. The role requires understanding business project management requirements, working with stakeholders, integrating with other SAP modules (like MM and FI/CO), and supporting the …",2026-08-12T07:19:51Z,https://www.adzuna.in/details/5837574487?utm_medium=api&utm_source=f8f3e256,business analyst,2026-08-12T08:34:17.374029+00:00
Require a Business Analyst in Hyderabad,TestHiring,"Hussainialam, Hyderabad",15000.0,20000.0,0,"Work with product managers on gathering, analyzing, prioritizing, and documenting requirements. Together with key engineers and architects translate requirements into solution designs, including user interface mock-ups. Communicate with stakeholders and development teams during development. Work with quality assurance engineers to ensure that requirements are tested; and conduct acceptance testing to ensure that the specifications have been correctly interpreted. Write draft documentation or cr…",2026-08-12T07:05:28Z,https://www.adzuna.in/details/5837548668?utm_medium=api&utm_source=f8f3e256,business analyst,2026-08-12T08:34:17.374029+00:00
Sr Software Engineer - Consumer Services,Mattel,"Hyderabad, Telangana",,,0,"Job Description Job Title: Production Support Lead - Global Consumer Services Location: Hyderabad, India Job Summary: We are seeking an experienced Production Support Lead to own day-to-day production operations for Mattel’s Legacy CRM and retail web applications, the middleware layers that connect them, and integrations to Salesforce Service Cloud and other enterprise services. This role leads to incident and problem management, runbook/DR ownership, and will supervise and deliver small applic…",2026-08-12T07:26:14Z,https://www.adzuna.in/details/5837583694?utm_medium=api&utm_source=f8f3e256,business analyst,2026-08-12T08:34:17.374029+00:00
Business Analyst / Product Manager – Finastra Payments,Creeno Solutions Private Limited,"Gurgaon, Haryana",,,0,"Description We are looking for a Business Analyst / Product Manager to join our Finastra Payments team in India. This role will focus on analyzing business needs, defining product requirements, and driving the successful delivery of payment solutions. Responsibilities Analyze business requirements and translate them into functional specifications. Develop product roadmaps and define product features for Finastra Payments. Collaborate with cross-functional teams including development, marketing,…",2026-08-12T07:33:31Z,https://www.adzuna.in/details/5837592520?utm_medium=api&utm_source=f8f3e256,business analyst,2026-08-12T08:34:17.374029+00:00
Technical Lead – Java,Expleo,"Nana Peth, Pune",,,0,"We are looking for an experienced Java Technical Lead with a strong background in IT services and enterprise application development. The ideal candidate should have led development teams delivering fixed-cost projects and possess excellent technical, architectural, and leadership capabilities. Banking and financial services domain experience is highly preferred. Lead the design, development, and delivery of enterprise-grade Java applications. Drive technical solutioning and architecture discus…",2026-08-12T10:52:03Z,https://www.adzuna.in/details/5837767359?utm_medium=api&utm_source=f8f3e256,business analyst,2026-08-12T08:34:17.374029+00:00
Associate Director - Cloud-Based Data Science - Bangalore,WNS Global Services,"Bangalore, Karnataka",,,0,"Job Description Role Summary The Technical Manager is responsible for leading a cloud-based data science program and managing a cross-functional team of data engineers, data scientists, cloud architects, and technical professionals. The role oversees the end-to-end delivery of scalable, secure, and high-performance cloud solutions while ensuring alignment with business objectives. The successful candidate will drive technical strategy, manage project execution, collaborate with stakeholders, an…",2026-08-12T07:26:14Z,https://www.adzuna.in/details/5837583704?utm_medium=api&utm_source=f8f3e256,business analyst,2026-08-12T08:34:17.374029+00:00
Business Analyst,UnitedHealth Group,"Gurgaon, Haryana",,,0,"Requisition number: 2372156 Job category: Business & Data Analytics Optum is a global organization that delivers care, aided by technology to help millions of people live healthier lives. The work you do with our team will directly improve health outcomes by connecting people with the care, pharmacy benefits, data and resources they need to feel their best. Here, you will find a culture guided by inclusion, talented peers, comprehensive benefits and career development opportunities. Come make a…",2026-08-12T11:00:00Z,https://www.adzuna.in/details/5837806226?utm_medium=api&utm_source=f8f3e256,business analyst,2026-08-12T08:34:17.374029+00:00
Sr. Software Engineer B2,Cognizant,"Chennai, Tamil Nadu",,,0,Job Summary The Sr Software Engineer B2 will design develop and maintain robust backend services using Python SQL Spring Boot apache camel framework and microservices for retail banking applications. The role focuses on building secure scalable and resilient systems that support day to day banking operations while working full time from office in a collaborative agile environment. Responsibilities  Design and implement scalable microservice based backend components using Spring Boot and Spring …,2026-08-12T10:58:11Z,https://www.adzuna.in/details/5837798484?utm_medium=api&utm_source=f8f3e256,business analyst,2026-08-12T08:34:17.374029+00:00
Require a Business Analyst in Bengaluru,TestHiring,"Richmond Town, Bangalore",15000.0,20000.0,0,"Leverage AI and advanced analytics tools to optimize supply chain processes and manage risks. Implement predictive models to anticipate potential disruptions and develop contingency plans. Identify opportunities to improve supply chain efficiency through automation and the integration of AI/ML solutions. Lead initiatives to digitize and streamline supply chain workflows. Define, track, report on key performance indicators (KPIs) for inventory management. Provide regular updates and insights to …",2026-08-12T07:05:27Z,https://www.adzuna.in/details/5837548647?utm_medium=api&utm_source=f8f3e256,business analyst,2026-08-12T08:34:17.374029+00:00
Software Engineer,Cornerstone OnDemand,"Pune, Maharashtra",,,0,"This job is with Cornerstone OnDemand, an inclusive employer and a member of myGwork – the largest global platform for the LGBTQ business community. Please do not contact the recruiter directly. CSODis seeking an experienced Salesforce Developer to design, develop, enhance, andsupport enterprise solutions on the Salesforce platform with a primary focus onIT Service Management (ITSM) and HR service delivery / HR case managementmodules. This role will be responsible for building scalable business…",2026-08-12T01:59:32Z,https://www.adzuna.in/land/ad/5837139300?se=_GZpmiiW8RG5VMLygbg_Tg&utm_medium=api&utm_source=f8f3e256&v=D2819CB191D4CF3D876CD7EA335D939FFECEBFB1,business analyst,2026-08-12T08:34:17.374029+00:00
IT&D Senior Business Analyst - T&E,Reckitt,"Hyderabad, Telangana",,,0,"This job is with Reckitt, an inclusive employer and a member of myGwork – the largest global platform for the LGBTQ business community. Please do not contact the recruiter directly. We are Reckitt Home to the world's best loved and trusted hygiene, health, and nutrition brands. Our purpose defines why we exist: to protect, heal and nurture in the relentless pursuit of a cleaner, healthier world. We are a global team united by this purpose.Join us in our fight to make access to the highest quali…",2026-08-12T01:59:37Z,https://www.adzuna.in/land/ad/5837139467?se=_GZpmiiW8RG5VMLygbg_Tg&utm_medium=api&utm_source=f8f3e256&v=3B0272AB4CDEBE294E14BB9E4FD1656AA5A004EF,business analyst,2026-08-12T08:34:17.374029+00:00
QA Engineer,AVP Vigilant Technology Pvt Ltd,"Bangalore, Karnataka",500000.0,1700000.0,0,"QA Engineer Experience: 0–7 Years Employment Type: Full Time Salary: ₹5–17 LPA Notice Period: Maximum 30 Days Locations: Bangalore, Chennai, Mumbai, Pune, Gurgaon & Delhi Job Overview We are looking for a skilled and detail-oriented QA Engineer to join our technology team. The ideal candidate will be responsible for ensuring the quality, reliability, and performance of software applications through effective testing and defect management. Freshers with strong testing fundamentals and experience…",2026-08-12T07:02:20Z,https://www.adzuna.in/details/5837542013?utm_medium=api&utm_source=f8f3e256,business analyst,2026-08-12T08:34:17.374029+00:00
Business Analyst – Cash Management & Intraday Liquidity,Capco,India,,,0,"This job is with Capco, an inclusive employer and a member of myGwork – the largest global platform for the LGBTQ business community. Please do not contact the recruiter directly. Job Title: Business Analyst – Cash Management & Intraday Liquidity About Us “Capco, a Wipro company, is a global technology and management consulting firm. Awarded with Consultancy of the year in the British Bank Award and has been ranked Top 100 Best Companies for Women in India 2022 by Avtar & Seramount . With our p…",2026-08-12T01:59:37Z,https://www.adzuna.in/land/ad/5837139481?se=_GZpmiiW8RG5VMLygbg_Tg&utm_medium=api&utm_source=f8f3e256&v=9164B7D4E7E10EA6F7B9DAEA6492B89AEE051E14,business analyst,2026-08-12T08:34:17.374029+00:00
Data Engineer - Python and Azure Data Bricks,Capco,India,,,0,"This job is with Capco, an inclusive employer and a member of myGwork – the largest global platform for the LGBTQ business community. Please do not contact the recruiter directly. Job Title: Data Engineer - Python and Azure Data Bricks About Us “Capco, a Wipro company, is a global technology and management consulting firm. Awarded with Consultancy of the year in the British Bank Award and has been ranked Top 100 Best Companies for Women in India 2022 by Avtar & Seramount . With our presence acr…",2026-08-12T01:59:39Z,https://www.adzuna.in/land/ad/5837139650?se=_GZpmiiW8RG5VMLygbg_Tg&utm_medium=api&utm_source=f8f3e256&v=025DC64898BBEE97D8ECB9A23E8E85E4623C0D15,business analyst,2026-08-12T08:34:17.374029+00:00
Business System Analyst,Koch,"Bangalore, Karnataka",,,0,"Your Job This opportunity is for a Business System Analyst, with exposure to time and attendance systems. Exposure to pay and time-off rules that define the logic for employee pay processing and time off earned are key areas of knowledge. Implementing global system enhancements, supporting time and attendance solutions, implementing system configuration and development, and developing knowledge of the businesses and solutions are key expectations of this role. A successful candidate is motivate…",2026-08-12T05:43:15Z,https://www.adzuna.in/details/5837485082?utm_medium=api&utm_source=f8f3e256,business analyst,2026-08-12T08:34:17.374029+00:00
KYC Funds BA,Capco,"Mumbai, Maharashtra",,,0,"This job is with Capco, an inclusive employer and a member of myGwork – the largest global platform for the LGBTQ business community. Please do not contact the recruiter directly. Job Title: KYC Funds BA About Us “Capco, a Wipro company, is a global technology and management consulting firm. Awarded with Consultancy of the year in the British Bank Award and has been ranked Top 100 Best Companies for Women in India 2022 by Avtar & Seramount . With our presence across 32 cities across globe, we s…",2026-08-12T01:59:40Z,https://www.adzuna.in/land/ad/5837139701?se=_GZpmiiW8RG5VMLygbg_Tg&utm_medium=api&utm_source=f8f3e256&v=0DDE9BEE0F7EE069CE333A59BC78BCEE99E98679,business analyst,2026-08-12T08:34:17.374029+00:00
IT&D Product Manager - Genesis Procurement,Reckitt,"Hyderabad, Telangana",,,0,"This job is with Reckitt, an inclusive employer and a member of myGwork – the largest global platform for the LGBTQ business community. Please do not contact the recruiter directly. We are Reckitt Home to the world's best loved and trusted hygiene, health, and nutrition brands. Our purpose defines why we exist: to protect, heal and nurture in the relentless pursuit of a cleaner, healthier world. We are a global team united by this purpose.Join us in our fight to make access to the highest quali…",2026-08-12T01:59:42Z,https://www.adzuna.in/land/ad/5837139791?se=_GZpmiiW8RG5VMLygbg_Tg&utm_medium=api&utm_source=f8f3e256&v=34E02FF33A1A75C09D0AF3422EEB8F4A09BCD5A7,business analyst,2026-08-12T08:34:17.374029+00:00
Corporate Actions,Capco,India,,,0,"This job is with Capco, an inclusive employer and a member of myGwork – the largest global platform for the LGBTQ business community. Please do not contact the recruiter directly. Job Title: Business Analyst Market Risk About Us “Capco, a Wipro company, is a global technology and management consulting firm. Awarded with Consultancy of the year in the British Bank Award and has been ranked Top 100 Best Companies for Women in India 2022 by Avtar & Seramount . With our presence across 32 cities ac…",2026-08-12T01:59:37Z,https://www.adzuna.in/land/ad/5837139460?se=_GZpmiiW8RG5VMLygbg_Tg&utm_medium=api&utm_source=f8f3e256&v=F9D75DE94F8D7E4253DA5E528CC0F4F76B63B107,business analyst,2026-08-12T08:34:17.374029+00:00
Liquidity - Design Analyst,Capco,India,,,0,"This job is with Capco, an inclusive employer and a member of myGwork – the largest global platform for the LGBTQ business community. Please do not contact the recruiter directly. Role purpose This role is within the Design capability for Finance on the cloud under Transformation Family. Requirement Analysis & Design team is a team formed under change delivery and this role is expected to support Finance in the cloud design & implementation work India. The team consist of 30-40 Business analyst…",2026-08-12T01:59:39Z,https://www.adzuna.in/land/ad/5837139625?se=_GZpmiiW8RG5VMLygbg_Tg&utm_medium=api&utm_source=f8f3e256&v=4512448BB1CAA607C8FADF9953897FB2699D9547,business analyst,2026-08-12T08:34:17.374029+00:00
Data Scientist,Capco,"Bangalore, Karnataka",,,0,"This job is with Capco, an inclusive employer and a member of myGwork – the largest global platform for the LGBTQ business community. Please do not contact the recruiter directly. About Us “Capco, a Wipro company, is a global technology and management consulting firm. Awarded with Consultancy of the year in the British Bank Award and has been ranked Top 100 Best Companies for Women in India 2022 by Avtar & Seramount . With our presence across 32 cities across globe, we support 100 clients acros…",2026-08-12T01:59:37Z,https://www.adzuna.in/land/ad/5837139493?se=_GZpmiiW8RG5VMLygbg_Tg&utm_medium=api&utm_source=f8f3e256&v=DA93CCFD0CB3124A71ACB44AE4AFB8BE0DC9A865,business analyst,2026-08-12T08:34:17.374029+00:00
Business Finance Actuals (BFA),Trigent Software Private Limited,India,3500000.0,3500000.0,0,"Role purpose (overall high-level summary of the role) The BFA Business Analyst will support the analysis, design and delivery stages for the end-to-end adoption of the business finance strategic solution for actuals. The role involves working with the project teams and subject matter experts across locations and other sub-value streams, covering the definition and validation of requirements, supporting the design, build and testing. Key aspects will include the data demand in terms of requireme…",2026-08-11T23:33:40Z,https://www.adzuna.in/details/5837109772?utm_medium=api&utm_source=f8f3e256,business analyst,2026-08-12T08:34:17.374029+00:00
ServiceNow CSM Developer,Thermo Fisher Scientific,"Bangalore, Karnataka",,,0,"This job is with Thermo Fisher Scientific, an inclusive employer and a member of myGwork – the largest global platform for the LGBTQ business community. Please do not contact the recruiter directly. Work Schedule Standard (Mon-Fri) Environmental Conditions Office Job Description As part of the Thermo Fisher Scientific team, you’ll discover meaningful work that makes a positive impact on a global scale. Join our colleagues in bringing our Mission to life every single day to enable our customers …",2026-08-12T01:59:44Z,https://www.adzuna.in/land/ad/5837139934?se=_GZpmiiW8RG5VMLygbg_Tg&utm_medium=api&utm_source=f8f3e256&v=554593E94AFDDE0DA41D34A82D1256B0499DECD6,business analyst,2026-08-12T08:34:17.374029+00:00
Senior Data Scientist - Casualty Analytics,WTW,"Thane, Maharashtra",,,0,"This job is with WTW, an inclusive employer and a member of myGwork – the largest global platform for the LGBTQ business community. Please do not contact the recruiter directly. Description About Willis Towers Watson: Willis Towers Watson (NASDAQ: WTW) is a leading global advisory, broking, and solutions company that helps clients around the world turn risk into a path for growth. With roots dating to 1828, Willis Towers Watson has 45,000 employees serving more than 140 countries and markets. W…",2026-08-12T01:59:13Z,https://www.adzuna.in/land/ad/5837138642?se=_GZpmiiW8RG5VMLygbg_Tg&utm_medium=api&utm_source=f8f3e256&v=87B0E08165259C21DEC01F4A70F9A8DC7DF8DD8A,business analyst,2026-08-12T08:34:17.374029+00:00
"Assoc, Quality Eng, WRB Tech",Standard Chartered Bank,"Chennai, Tamil Nadu",,,0,"This job is with Standard Chartered Bank, an inclusive employer and a member of myGwork – the largest global platform for the LGBTQ business community. Please do not contact the recruiter directly. Job Summary Role Summary We are seeking a highly motivated and detail-oriented Senior Test Engineer with 5-8 years of experience in software testing and quality engineering in Temenos T24 application. The ideal candidate will be responsible for ensuring application quality through comprehensive test …",2026-08-12T01:59:13Z,https://www.adzuna.in/land/ad/5837138653?se=_GZpmiiW8RG5VMLygbg_Tg&utm_medium=api&utm_source=f8f3e256&v=094D7045362A8762368801B5E550827739421F8E,business analyst,2026-08-12T08:34:17.374029+00:00
Business Advisory Analyst,Accenture,India,,,0,"Skill required: Marketing Operations - Account Management Designation: Business Advisory Analyst Qualifications: Any Graduation Years of Experience: 3 to 5 years About Accenture Accenture is a global professional services company with leading capabilities in digital, cloud and security.Combining unmatched experience and specialized skills across more than 40 industries, we offer Strategy and Consulting, Technology and Operations services, and Accenture Song— all powered by the world’s largest n…",2026-08-11T21:08:19Z,https://www.adzuna.in/details/5836878666?utm_medium=api&utm_source=f8f3e256,business analyst,2026-08-12T08:34:17.374029+00:00
Business Analyst II,Microsoft,"Bangalore, Karnataka",,,0,"Overview Microsoft AI is a customer-first organization focused on building AI-powered products that help customers and businesses achieve more in an evolving technology landscape. As AI reshapes how people discover information, engage with services, and conduct business, we need product leaders who can navigate ambiguity, bring clarity to complex challenges, and drive meaningful customer and business impact. As a member of the Microsoft AI Monetization Platform Trust & Safety team, you will pla…",2026-08-11T21:41:03Z,https://www.adzuna.in/details/5837019436?utm_medium=api&utm_source=f8f3e256,business analyst,2026-08-12T08:34:17.374029+00:00
"Senior Manager, Liquidity Transformation",Standard Chartered,"Bangalore, Karnataka",,,0,"Job Description Key Responsibilities Design, develop, and maintain scalable software applications using SQL, Python and Flask based solutions along with Java Script and HTML. Utilise SQL for database management, data retrieval, and data manipulation. Utilise Python for data transformation. Utilise Flask, Java Script, and HTML for GUI development. Collaborate with business analysts, cross functional teams and other stakeholders to understand requirements and deliver effective solutions. Troubles…",2026-08-11T21:41:04Z,https://www.adzuna.in/details/5837019471?utm_medium=api&utm_source=f8f3e256,business analyst,2026-08-12T08:34:17.374029+00:00
Assistant Manager -Volume Reporting,PepsiCo,"Hyderabad, Telangana",,,0,"Overview This position will be part of the Master Data Maintenance Team under the Global Sales Enablement team supporting Pepsio Beverages North America business team. The Volume Reporting (VR) Analyst is responsible for ensuring the accuracy, completeness, and timely processing of distributor-reported volume data across PepsiCo systems. This role acts as a critical control point between distributors, internal systems (SIPS, PCC), and reporting tools, enabling reliable data across the PepsiCo o…",2026-08-12T05:43:15Z,https://www.adzuna.in/details/5837485110?utm_medium=api&utm_source=f8f3e256,business analyst,2026-08-12T08:34:17.374029+00:00
Pega SSA,Trigent Software Private Limited,India,2400000.0,2400000.0,0,"JD: Pega System Architect SA is responsible for developing business applications using Pega PRPC and other Pega frameworks. Supports the team in implementing BPM/BRE solutions using Pega under the guidance of senior architects. Pega Certified System Architect (CSA) 3 years of experience as a Certified System Architect developing core designs, reusable functions, effective user interfaces, and standard reporting and integration solutions for Pega applications Strong Core Development Skills Good …",2026-08-11T23:33:40Z,https://www.adzuna.in/details/5837109771?utm_medium=api&utm_source=f8f3e256,business analyst,2026-08-12T08:34:17.374029+00:00
"Product Owner / Business Analyst - UCaaS OR ""Unified Communications"" OR AIchatbot Saas) EXP required",Sparix Global.,India,140000.0,150000.0,0,"Product Owner / Business Analystt Experience10 - 12 years Engagement Type:- Contractual Collaboration Duration:- 6-12 Months Engagement Mode:- Remote Timezone(s):- India Position Overview We are seeking an experienced Product Owner / Business Analyst to lead the development and evolution of a Unified Communications as a Service (UCaaS) platform, with a specific focus on CRM integration and communication workflows. This hybrid role blends product ownership and business analysis, requiring both s…",2026-08-11T23:33:49Z,https://www.adzuna.in/details/5837109862?utm_medium=api&utm_source=f8f3e256,business analyst,2026-08-12T08:34:17.374029+00:00
Functional Tester / Test Lead,Kyndryl,"Chennai, Tamil Nadu",,,0,"This job is with Kyndryl, an inclusive employer and a member of myGwork – the largest global platform for the LGBTQ business community. Please do not contact the recruiter directly. Who We Are At Kyndryl, we run and reimagine the mission-critical technology systems that drive advantage for the world's leading businesses. We are at the heart of progress; with proven expertise and a continuous flow of AI-powered insight, enabling smarter decisions, faster innovation, and a lasting competitive edg…",2026-08-12T01:59:13Z,https://www.adzuna.in/land/ad/5837138676?se=_GZpmiiW8RG5VMLygbg_Tg&utm_medium=api&utm_source=f8f3e256&v=FB908868DD656E06EA90C4865246AEBEB71C2E51,business analyst,2026-08-12T08:34:17.374029+00:00
SO for EEHR_C2_Mumbai/Gurgaon/Bangalore/Pune_Sub Con,Horigine Consulting Pvt. Ltd,India,,,0,"Business Unit: Workforce Organization Practice Grade : C1/C2 Location: Mumbai/ Bangalore/ Gurgaon/Hyderabad/Chennai/Pune Qualifications: MBA preferably with HR as Major Job Description: HR Business Analyst (4 7 Years Experience) Role Overview In today's fast-changing and highly disruptive economy, managing the global workforce is getting increasingly difficult. As a member of our W O practice, you'll be part of a team that partners with HR, business leaders, and technology teams to design, opti…",2026-08-11T23:33:34Z,https://www.adzuna.in/details/5837109732?utm_medium=api&utm_source=f8f3e256,business analyst,2026-08-12T08:34:17.374029+00:00
HRSD Functional Product Owner,Jobgether,India,,,0,"This position is listed on behalf of a partner company, who manages all applications and next steps. Our partner is looking for a HRSD Functional Product Owner based in India. This is a strategic opportunity to shape and optimize HR Service Delivery capabilities through the ServiceNow HRSD platform. You will own the functional HRSD demand pipeline, translating business needs and operational insights into high-value solutions. The role combines product ownership, business analysis, and HR techno…",2026-08-11T21:01:41Z,https://www.adzuna.in/details/5836850512?utm_medium=api&utm_source=f8f3e256,business analyst,2026-08-12T08:34:20.371952+00:00
IT Subscription Product Owner,Motorola Solutions,"Bangalore, Karnataka",,,0,"Company Overview At Motorola Solutions, we believe that everything starts with our people. We’re a global close-knit community, united by the relentless pursuit to help keep people safer everywhere. We build and connect technologies to help protect people, property and places. Our solutions foster the collaboration that’s critical for safer communities, safer schools, safer hospitals, safer businesses, and ultimately, safer nations. Connect with a career that matters, and help us build a safer …",2026-08-11T21:08:15Z,https://www.adzuna.in/details/5836878331?utm_medium=api&utm_source=f8f3e256,business analyst,2026-08-12T08:34:20.371952+00:00
Custom Software Engineer,Accenture,India,,,0,"Project Role : Custom Software Engineer Project Role Description : Lead the effort to design, build and configure applications, acting as the primary point of contact. Must have skills : ServiceNow Human Resource Service Delivery (HRSD) Good to have skills : ServiceNow IT Service Management (ITSM) Minimum 5 year(s) of experience is required Educational Qualification : 15 years full time education Summary: As a ServiceNow HR Application Developer, you will be responsible for designing, building,…",2026-08-11T21:06:43Z,https://www.adzuna.in/details/5836869823?utm_medium=api&utm_source=f8f3e256,business analyst,2026-08-12T08:34:20.371952+00:00
Senior Salesforce Business Analyst,Huron Consulting Services,India,,,0,"Huron is a global consultancy that collaborates with clients to drive strategic growth, ignite innovation and navigate constant change. Through a combination of strategy, expertise and creativity, we help clients accelerate operational, digital and cultural transformation, enabling the change they need to own their future. Join our team as the expert you are now and create your future. The Senior Salesforce Business Analyst serves as a strategic liaison between business stakeholders and technol…",2026-08-11T21:06:33Z,https://www.adzuna.in/details/5836868792?utm_medium=api&utm_source=f8f3e256,business analyst,2026-08-12T08:34:20.371952+00:00
Product Owner,Zensar Technologies,India,,,0,"Description Role Overview We are seeking an experienced Product Owner with strong Treasury domain expertise to lead product vision, roadmap planning, and Agile delivery for enterprise-grade Treasury solutions. The ideal candidate will act as the bridge between business stakeholders, clients, architects, and development teams to ensure successful delivery of business-aligned solutions. The role requires deep knowledge of Treasury products and processes, strong stakeholder management skills, expe…",2026-08-11T21:06:14Z,https://www.adzuna.in/details/5836866953?utm_medium=api&utm_source=f8f3e256,business analyst,2026-08-12T08:34:20.371952+00:00
Business Analyst,Cisco,India,,,0,"Meet the Team Our team is inventory management team which is a global, diverse team across the world, to manage global partners inventory and also hub inventory at Cisco Your Impact As business analyst, Leverage AI and advanced analytics tools to optimize supply chain processes and manage risks. Implement predictive models to anticipate potential disruptions and develop contingency plans. Identify opportunities to improve supply chain efficiency through automation and the integration of AI/ML s…",2026-08-11T20:54:44Z,https://www.adzuna.in/details/5836841368?utm_medium=api&utm_source=f8f3e256,business analyst,2026-08-12T08:34:20.371952+00:00
Software Development Engineer III,F5 Networks,India,,,0,"At F5, we strive to bring a better digital world to life. Our teams empower organizations across the globe to create, secure, and run applications that enhance how we experience our evolving digital world. We are passionate about cybersecurity, from protecting consumers from fraud to enabling companies to focus on innovation. Everything we do centers around people. That means we obsess over how to make the lives of our customers, and their customers, better. And it means we prioritize a diverse…",2026-08-11T21:05:31Z,https://www.adzuna.in/details/5836862799?utm_medium=api&utm_source=f8f3e256,business analyst,2026-08-12T08:34:20.371952+00:00
Sr Relationship Manager - Wealth - Sales - Bhopal - Alankar Complex - MM,Tata Capital,"Bhopal, Madhya Pradesh",,,0,"Description Job Purpose The purpose of the job is to be responsible for building and nurturing strong, long-lasting relationships with high-net-worth clients, providing them with expert financial advice and personalized wealth management solutions. The role requires a deep understanding of financial markets, investment products, and a commitment to delivering exceptional client service. The person will also be responsible for Business Development, Portfolio Performance Analysis, Portfolio Model…",2026-08-11T21:02:09Z,https://www.adzuna.in/details/5836851675?utm_medium=api&utm_source=f8f3e256,business analyst,2026-08-12T08:34:20.371952+00:00
Sr IT Analyst,Honeywell,"Pune, Maharashtra",,,0,"Description As a Sr IT Analyst here at Honeywell, you will lead complex, high-impact IT projects, using your expertise to provide guidance on IT strategy and drive data-informed decision-making. Your responsibilities will involve analyzing intricate IT systems, identifying areas for improvement and innovation, and offering solutions to address business challenges. By staying current with emerging IT trends and technologies, you will directly contribute to the organization's technology roadmap. …",2026-08-11T21:01:04Z,https://www.adzuna.in/details/5836849433?utm_medium=api&utm_source=f8f3e256,business analyst,2026-08-12T08:34:20.371952+00:00
Senior Financial Planning Analyst,Wolters Kluwer,India,,,0,"JOB IDENTIFICATION Business Title : Senior Financial Planning Analyst (P3) Department : Financial Shared Services (FSS) Business Unit : Wolters Kluwer Finance Shared Services Location : Pune, Maharashtra, India ABOUT US Wolters Kluwer is a global leader in professional information services, providing software and content solutions for legal, business, tax, accounting, finance, audit, risk, compliance, and healthcare professionals. Serving clients in over 180 countries with operations in 40, the…",2026-08-11T20:55:59Z,https://www.adzuna.in/details/5836842949?utm_medium=api&utm_source=f8f3e256,business analyst,2026-08-12T08:34:20.371952+00:00
Revenue Growth Analyst – GTR,Bacardi,"Gurgaon, Haryana",,,0,"Revenue Growth Management Support the RGM process during the IAP cycle by providing analytical inputs, tracking reports and data on consumer pricing trends, promotional activities and trade terms, and flagging performance variances to designated decision-makers within the relevant foreign entities. Analyze pricing, promotions, portfolio mix and trade investment opportunities to unlock value. Maintain and update analytical pricing tools (Digital Value chains) and prepare structured data inputs a…",2026-08-11T21:00:05Z,https://www.adzuna.in/details/5836848186?utm_medium=api&utm_source=f8f3e256,business analyst,2026-08-12T08:34:20.371952+00:00
Software Testing Fresher / QA Trainee,Vrinda International,"Chandigarh, India",300000.0,300000.0,0,"This is a remote position. Software Testing Fresher / QA Trainee Job Type: Full-Time Work Mode: Remote Experience: Fresher / 0–1 Year CTC: Up to ₹4 LPA Department: Quality Assurance / Software Testing About the Role We are looking for a motivated and detail-oriented Software Testing Fresher / QA Trainee to join our technology team. This role is ideal for fresh graduates who are passionate about software quality, testing, and learning modern QA practices. You will work closely with developers, b…",2026-08-11T20:59:05Z,https://www.adzuna.in/details/5836846843?utm_medium=api&utm_source=f8f3e256,business analyst,2026-08-12T08:34:20.371952+00:00
Salesforce Business Analyst (2-3yrs only),Infrabyte Technology Solution Pvt Ltd,"Ator Nagla, Ghaziabad",,,0,"Role : Salesforce Business Analyst Experience:2-3yrs Must have : Sales, Services,Marketing, community cloud. Industry: Real-estate(must) Location: Noida, (Sec-142) Mode: Work from office(5 days a week) Notice period: Immediate to 15days Desired: Applicants from Salesforce cloud partner companies were high priority. Skills Requirement: • Minimum 2-3years of relevant experience as a Salesforce – Business Analyst • Demonstrated solid client facing and stakeholder management experience • Extensive …",2026-08-11T20:59:01Z,https://www.adzuna.in/details/5836846705?utm_medium=api&utm_source=f8f3e256,business analyst,2026-08-12T08:34:20.371952+00:00
Dynamics 365 Developer,Welocity.ai,"Cahmrajendrapet, Bangalore",66666.0,66666.0,0,"Key Responsibilities - Design, develop, and implement solutions using Microsoft Dynamics 365 Customer Engagement (CE) - Customize and configure Dynamics CRM entities, workflows, and views - Develop model-driven and canvas apps using Power Apps - Create and manage automated workflows using Power Automate - Integrate Dynamics 365 with external systems and third-party applications - Develop dashboards and reports using Power BI - Collaborate with business analysts and end-users to gather requireme…",2026-08-11T20:59:00Z,https://www.adzuna.in/details/5836846674?utm_medium=api&utm_source=f8f3e256,business analyst,2026-08-12T08:34:20.371952+00:00
Lead Business Analyst,ZAGENO,"Rameshnagar, Bangalore",,,0,"About the Company ZAGENO offers the largest life sciences lab supply marketplace. Our one-stop shop helps scientists, lab managers, and procurement leaders compare products, source alternatives, track deliveries, and communicate order statuses in real time. Leveraging advanced AI, ZAGENO enhances supply chain resilience and makes the customer experience superior, seamlessly integrating with existing systems to boost productivity and make online shopping for research materials convenient, effici…",2026-08-11T20:58:01Z,https://www.adzuna.in/details/5836845279?utm_medium=api&utm_source=f8f3e256,business analyst,2026-08-12T08:34:20.371952+00:00
Global Procurement Operations Support Analyst,3M,India,,,0,"3M has a long-standing reputation as a company committed to innovation. We provide the freedom to explore and encourage curiosity and creativity. We gain new insight from diverse thinking, and take risks on new ideas. Here, you can apply your talent in bold ways that matter. Job Description Job Description The Global Procurement Operations Support role provides analytical, operational, and process governance support across 3M’s procurement organization. This role supports the Procurement Middle…",2026-08-11T20:57:45Z,https://www.adzuna.in/details/5836844893?utm_medium=api&utm_source=f8f3e256,business analyst,2026-08-12T08:34:20.371952+00:00
Salesforce Technical Lead,BP,India,,,0,"Entity: Technology Job Family Group: IT&S Group Job Description: At bp, our people are our most valuable asset. The Technology DS&C, People, Culture & Communications (PC&C) function fosters a diverse, inclusive culture where everybody can thrive. As we transition from an oil company to an integrated energy company, we are embarking on a major transformation to be more competitive, responsive, and customer-focused. We’re investing in key locations such as India, Hungary, Malaysia, and Brazil, of…",2026-08-11T20:57:24Z,https://www.adzuna.in/details/5836844487?utm_medium=api&utm_source=f8f3e256,business analyst,2026-08-12T08:34:20.371952+00:00
Business Analyst II,Microsoft,India,,,0,"Overview Microsoft AI is a customer-first organization focused on building AI-powered products that help customers and businesses achieve more in an evolving technology landscape. As AI reshapes how people discover information, engage with services, and conduct business, we need product leaders who can navigate ambiguity, bring clarity to complex challenges, and drive meaningful customer and business impact. As a member of the Microsoft AI Monetization Platform Trust & Safety team, you will pla…",2026-08-11T20:56:14Z,https://www.adzuna.in/details/5836843259?utm_medium=api&utm_source=f8f3e256,business analyst,2026-08-12T08:34:20.371952+00:00
IN_Senior Associate_Dotnet Full stack Developer_Data & Analytics_Advisory_Gurugram,PricewaterhouseCoopers,India,,,0,"Line of Service Advisory Industry/Sector Not Applicable Specialism Data, Analytics & AI Management Level Senior Associate Job Description & Summary At PwC, our people in data and analytics engineering focus on leveraging advanced technologies and techniques to design and develop robust data solutions for clients. They play a crucial role in transforming raw data into actionable insights, enabling informed decision-making and driving business growth. Those in artificial intelligence and machine …",2026-08-11T21:00:47Z,https://www.adzuna.in/details/5836849043?utm_medium=api&utm_source=f8f3e256,business analyst,2026-08-12T08:34:20.371952+00:00
Senior Developer,Thoughtworks,"Bangalore, Karnataka",,,0,"Senior Software Developers collaborate with Business and Quality Analysts, Designers, Project Managers and more to design software solutions that will create meaningful change for our clients. They listen thoughtfully to understand the context of a business problem and write clean and iterative code to deliver a powerful end result whilst consistently advocating for better engineering practices. By balancing strong opinions with a willingness to find the right answer, Senior Software Developers…",2026-08-11T21:07:47Z,https://www.adzuna.in/details/5836875988?utm_medium=api&utm_source=f8f3e256,business analyst,2026-08-12T08:34:20.371952+00:00
Quality Assurance - Senior Associate,State Street,"Bangalore, Karnataka",,,0,"Role Overview We are seeking a skilled QA Automation Engineer with 4 to 10 years of experience in test automation using Selenium with Java. The ideal candidate should possess strong analytical and programming skills, with hands-on experience in database testing and Unix environments. Exposure to modern automation tools and cloud platforms is an added advantage. Key Responsibilities Design, develop, and maintain scalable, enterprise-grade automation frameworks using Selenium and Playwright Devel…",2026-08-11T20:42:30Z,https://www.adzuna.in/details/5836834770?utm_medium=api&utm_source=f8f3e256,business analyst,2026-08-12T08:34:20.371952+00:00
Associate Director — Delivery Leader,Genzeon Global,"Hussainialam, Hyderabad",,,0,"What You Will Own ● Program scale: Modernization programs spanning dozens of applications across multiple overlapping delivery phases, driven by hard client deadlines such as platform decommissioning or infrastructure exit dates. ● AI-native delivery model: An AI Migration Factory approach — purpose-built AI skills spanning Discovery (feature extraction, business rules intelligence, dependency mapping), Migration (solution design, code generation), and Testing (behaviour-driven test design, aut…",2026-08-11T20:58:20Z,https://www.adzuna.in/details/5836845653?utm_medium=api&utm_source=f8f3e256,business analyst,2026-08-12T08:34:20.371952+00:00
"Business Analyst II, WW FBA, FBA Analytics",Amazon,India,,,0,"At Amazon, we're working to be the most customer-centric company on earth. To get there, we need exceptionally talented, bright, and driven people. Over 2 million Sellers in 10 countries ship billions of products for sale on the Amazon Marketplace. To meet our sellers’ needs, we are constantly innovating and building on new ideas. Fulfillment by Amazon (FBA) Inbound analytics and data science team partners with product team to optimize inbound supply chain by influencing right tradeoffs among c…",2026-08-11T20:44:20Z,https://www.adzuna.in/details/5836835600?utm_medium=api&utm_source=f8f3e256,business analyst,2026-08-12T08:34:20.371952+00:00
Technology Performance Senior Associate,RSM,India,,,0,"We are the leading provider of professional services to the middle market globally, our purpose is to instill confidence in a world of change, empowering our clients and people to realize their full potential. Our exceptional people are the key to our unrivaled, inclusive culture and talent experience and our ability to be compelling to our clients. You’ll find an environment that inspires and empowers you to thrive both personally and professionally. There’s no one like you and that’s why ther…",2026-08-11T20:44:29Z,https://www.adzuna.in/details/5836835674?utm_medium=api&utm_source=f8f3e256,business analyst,2026-08-12T08:34:20.371952+00:00
MuleSoft Developer,Synechron,India,,,0,"Job Summary Synechron is seeking an experienced Lead MuleSoft developer to spearhead the design, development, and deployment of API-led integration solutions. In this role, you will lead cross-functional teams, evaluate emerging technologies, and guide projects to improve organizational agility and digital transformation initiatives. Your expertise will support the organization’s strategy to leverage innovative integration techniques, enhance operational efficiency, and deliver scalable, enterp…",2026-08-11T20:48:29Z,https://www.adzuna.in/details/5836837511?utm_medium=api&utm_source=f8f3e256,business analyst,2026-08-12T08:34:20.371952+00:00
Sr. Systems Analyst - Coupa,F5 Networks,India,,,0,"At F5, we strive to bring a better digital world to life. Our teams empower organizations across the globe to create, secure, and run applications that enhance how we experience our evolving digital world. We are passionate about cybersecurity, from protecting consumers from fraud to enabling companies to focus on innovation. Everything we do centers around people. That means we obsess over how to make the lives of our customers, and their customers, better. And it means we prioritize a diverse…",2026-08-11T20:47:08Z,https://www.adzuna.in/details/5836836908?utm_medium=api&utm_source=f8f3e256,business analyst,2026-08-12T08:34:20.371952+00:00
Senior Analyst,eClerx,"Mumbai, Maharashtra",,,0,"Description Job Description – Technical Business Analyst (eLM/eCM – KYC Product Implementation) Role Summary We are seeking a Technical Business Analyst with strong expertise in backend system analysis, API integrations, and data analysis to support eLM/eCM KYC product implementations. The role involves analyzing business requirements, backend components, data models, and system interfaces, and translating them into functional and technical specifications. The ideal candidate should have a stro…",2026-08-11T20:46:19Z,https://www.adzuna.in/details/5836836521?utm_medium=api&utm_source=f8f3e256,business analyst,2026-08-12T08:34:20.371952+00:00
Business Analyst II,Microsoft,India,,,0,"Overview Microsoft AI is a customer-first organization focused on building AI-powered products that help customers and businesses achieve more in an evolving technology landscape. As AI reshapes how people discover information, engage with services, and conduct business, we need product leaders who can navigate ambiguity, bring clarity to complex challenges, and drive meaningful customer and business impact. As a member of the Microsoft AI Monetization Platform Trust & Safety team, you will pla…",2026-08-11T20:52:59Z,https://www.adzuna.in/details/5836839872?utm_medium=api&utm_source=f8f3e256,business analyst,2026-08-12T08:34:20.371952+00:00
Sr. Business Process Analyst – Deliver,Illumina,India,,,0,"What if the work you did every day could impact the lives of people you know? Or all of humanity? At Illumina, we are expanding access to genomic technology to realize health equity for billions of people around the world. Our efforts enable life-changing discoveries that are transforming human health through the early detection and diagnosis of diseases and new treatment options for patients. Working at Illumina means being part of something bigger than yourself. Every person, in every role, h…",2026-08-11T20:45:39Z,https://www.adzuna.in/details/5836836206?utm_medium=api&utm_source=f8f3e256,business analyst,2026-08-12T08:34:20.371952+00:00
Sr Developer IT,Medline,India,,,0,"Job Summary Job Description Job Summary We are looking for a highly skilled Senior Full Stack Developer with 6–9 years of experience in designing, developing, and maintaining scalable web applications. The ideal candidate should have strong hands-on expertise in C# , .NET Core (latest version) , Angular 17 or later , SQL , Entity Framework Core. The candidate will be responsible for building robust backend services, responsive front-end applications, database design and optimization, and collab…",2026-08-11T20:45:23Z,https://www.adzuna.in/details/5836836062?utm_medium=api&utm_source=f8f3e256,business analyst,2026-08-12T08:34:20.371952+00:00
Business Analyst – Automation & AI Solutions,Hewlett Packard Enterprise,"Bangalore, Karnataka",,,0,"Business Analyst – Automation & AI Solutions This role has been designed as ‘’Onsite’ with an expectation that you will primarily work from an HPE office. Who We Are: Hewlett Packard Enterprise is the global edge-to-cloud company advancing the way people live and work. We help companies connect, protect, analyze, and act on their data and applications wherever they live, from edge to cloud, so they can turn insights into outcomes at the speed required to thrive in today’s complex world. Our cul…",2026-08-11T20:45:12Z,https://www.adzuna.in/details/5836835973?utm_medium=api&utm_source=f8f3e256,business analyst,2026-08-12T08:34:20.371952+00:00
Lead Assistant Manager,EXL,"Pune, Maharashtra",,,0,"Description Database & Data Management Strong SQL development skills. Database design, query optimization, and performance tuning experience. Experience working with relational databases such as PostgreSQL, Oracle, SQL Server, or MySQL. DevOps & Cloud Experience with Git-based version control. Familiarity with CI/CD pipelines. Exposure to Docker and Kubernetes is preferred. Experience with cloud platforms (AWS, Azure, or GCP) is a plus. Desired Skills / Good to Have Strong expertise across both…",2026-08-11T20:44:24Z,https://www.adzuna.in/details/5836835637?utm_medium=api&utm_source=f8f3e256,business analyst,2026-08-12T08:34:20.371952+00:00
Programmer Analyst,EXL,"Chennai, Tamil Nadu",,,0,"Description Internal candidates will support the design, development, testing, deployment, and maintenance of secure and scalable applications using .NET, C#, SQL, JavaScript, and related technologies. The role involves collaborating with senior developers, architects, and business teams, participating in Agile ceremonies, assisting in UI/UX and functional testing, and contributing to data integration and cloud migration initiatives. Candidates are expected to actively learn, take ownership of …",2026-08-11T20:52:07Z,https://www.adzuna.in/details/5836839296?utm_medium=api&utm_source=f8f3e256,business analyst,2026-08-12T08:34:20.371952+00:00
Senior Lead Solution Architect,Bajaj Finance,India,,,0,"Job Purpose A Lead Solution Analyst plays a pivotal role in bridging the gap between business needs and technical solutions. They collaborate with stakeholders to understand and analyze business requirements, document them effectively, and translate them into actionable specifications for development teams. Their goal is to ensure that technology aligns with business objectives and delivers optimal value. Duties and Responsibilities 1. Requirement Gathering: a. Collaborate with stakeholders to …",2026-08-11T20:43:59Z,https://www.adzuna.in/details/5836835424?utm_medium=api&utm_source=f8f3e256,business analyst,2026-08-12T08:34:20.371952+00:00
Technical Manager - .Net,CleanHarbors,India,,,0,"Description About Clean Harbors Clean Harbors Inc. ( www.cleanharbors.com ) is a NYSE listed US based $6.5 billion company. Clean Harbors was founded in 1980 near Boston by Mr. Alan S. McKim . Everywhere industry meets environment, Clean Harbors is on-site, providing premier environmental, energy and industrial services. Clean Harbors employs a dedicated workforce of 18,000 employees and has over 450 service locations across the U.S., Canada and Mexico. Beyond addressing the environmental needs…",2026-08-11T20:43:23Z,https://www.adzuna.in/details/5836835136?utm_medium=api&utm_source=f8f3e256,business analyst,2026-08-12T08:34:20.371952+00:00
Senior Business Analyst- Trade Finance (6-8 Years),CGI,India,,,0,"Position Description: Company Profile: Founded in 1976, CGI is among the largest independent IT and business consulting services firms in the world. With 94,000 consultants and professionals across the globe, CGI delivers an end-to-end portfolio of capabilities, from strategic IT and business consulting to systems integration, managed IT and business process services and intellectual property solutions. CGI works with clients through a local relationship model complemented by a global delivery …",2026-08-11T20:43:09Z,https://www.adzuna.in/details/5836835051?utm_medium=api&utm_source=f8f3e256,business analyst,2026-08-12T08:34:20.371952+00:00
Business Analyst II,Microsoft,India,,,0,"Overview Microsoft AI is a customer-first organization focused on building AI-powered products that help customers and businesses achieve more in an evolving technology landscape. As AI reshapes how people discover information, engage with services, and conduct business, we need product leaders who can navigate ambiguity, bring clarity to complex challenges, and drive meaningful customer and business impact. As a member of the Microsoft AI Monetization Platform Trust & Safety team, you will pla…",2026-08-11T20:42:51Z,https://www.adzuna.in/details/5836834928?utm_medium=api&utm_source=f8f3e256,business analyst,2026-08-12T08:34:20.371952+00:00
Application Architect(Java with AWS),London Stock Exchange Group,India,,,0,"Application Architect works with the Solution Architect of World-Check One - Risk Engineering. Risk Engineering is responsible for the development of critical financial services such as World-Check One, Screening and Due Diligence Application Architect is a member of software engineering team who designs software solutions from the ground up, making high-level decisions about each stage of the process and directing a team of engineers to build the final product. This role requires significant e…",2026-08-11T20:42:24Z,https://www.adzuna.in/details/5836834726?utm_medium=api&utm_source=f8f3e256,business analyst,2026-08-12T08:34:20.371952+00:00
Custom Software Engineer,Accenture,India,,,0,"Project Role : Custom Software Engineer Project Role Description : Develop custom software solutions to design, code, and enhance components across systems or applications. Use modern frameworks and agile practices to deliver scalable, high-performing solutions tailored to specific business needs. Must have skills : Microsoft Dynamics 365 Commerce Technical Good to have skills : NA Minimum 7.5 year(s) of experience is required Educational Qualification : BTECH Summary The Lead Software Engineer…",2026-08-11T20:42:14Z,https://www.adzuna.in/details/5836834642?utm_medium=api&utm_source=f8f3e256,business analyst,2026-08-12T08:34:20.371952+00:00
Vice President - ServiceNow Architect,GCC India,"Hyderabad, Telangana",,,0,"Where Ambition Meets Innovation At LPL’s Global Capability Center , you'll find a collaborative culture where your voice matters, integrity guides every decision, and technology fuels progress. Your skills, talents, and ideas will redefine what's possible. LPL's success reflects its exceptional employees, who together pursue one noble purpose: empowering financial advisors to deliver personalized advice for all who need it. We’re proud to be expanding and reaching new heights in Hyderabad. Join…",2026-08-11T20:42:04Z,https://www.adzuna.in/details/5836834572?utm_medium=api&utm_source=f8f3e256,business analyst,2026-08-12T08:34:20.371952+00:00
Lead Business Analyst - Manufacturing,Airbus,India,,,0,"Job Description: Experience: 8 years Role Overview We are seeking a highly skilled and analytical Technical Business Analyst & Functional Tester to play a pivotal role in designing, refining, and validating our next-generation enterprise application. Built on an AWS cloud infrastructure , our custom-built Java (Backend) and React (Frontend) application interfaces seamlessly with the data platform . In this dual role, you will act as the vital bridge between business stakeholders, data scientist…",2026-08-11T20:41:45Z,https://www.adzuna.in/details/5836834428?utm_medium=api&utm_source=f8f3e256,business analyst,2026-08-12T08:34:20.371952+00:00
Senior Business Analyst,Bajaj Finance,India,,,0,"Job Purpose Business Analyst/PMO with solution design capabilities to support Lease and Mobility Technology Unit. The role involves coordinating, requirement discussion and documentation with stakeholders, solution design & discussion, ensuring governance, maintaining documentation, and assisting in planning and tracking initiatives across agile and hybrid delivery models. You will act as a central point of contact for project status, reporting, and compliance across multiple teams. Duties and …",2026-08-11T20:40:53Z,https://www.adzuna.in/details/5836834091?utm_medium=api&utm_source=f8f3e256,business analyst,2026-08-12T08:34:20.371952+00:00
Associate Product Manager,AB InBev India,India,,,0,"Dreaming big is in our DNA. It’s who we are as a company. It’s our culture. It’s our heritage. And more than ever, it’s our future. A future where we’re always looking forward. Always serving up new ways to meet life’s moments. A future where we keep dreaming bigger. We look for people with passion, talent, and curiosity, and provide them with the teammates, resources and opportunities to unleash their full potential. The power we create together – when we combine your strengths with ours – is …",2026-08-11T20:52:16Z,https://www.adzuna.in/details/5836839379?utm_medium=api&utm_source=f8f3e256,business analyst,2026-08-12T08:34:20.371952+00:00
Sr. Power BI Developer,Programmers.ai,"Guwahati, Kamrup",,,0,"Apply Role: Sr. Power BI Developer Employment: Full Time Experience: 2 to 8 Years Salary: Not Disclosed Location: PAN INDIA Remote Programmers.IO is currently looking to hire Sr. Power BI Developer on Power BI, DAX,SQL, Data Modelling Technology. If you think you are a good fit and willing to work from PAN INDIA Remote location.Please apply with you resume or share your resume at ayushi.khandelwal@programmers.ai Experience Required: 2 to 8 Years Role Seeking an experienced Power BI Developer wi…",2026-08-11T16:00:23Z,https://www.adzuna.in/details/5836583800?utm_medium=api&utm_source=f8f3e256,business analyst,2026-08-12T08:34:23.412650+00:00
"Business Analyst, ROC Analytics",ADCI HYD 13 SEZ,"Hyderabad, Telangana",,,0,"We are looking for a customer-obsessed innovator, comfortable with ambiguity, with strong attention to detail, an ability to work in a fast-paced and ever-changing environment, and an ability to work effectively in cross-functional teams. They will have excellent oral and written communication skills, a focus to meet tight deadlines, multi-task, and prioritize work. A Business Analyst will own the production and delivery of a suite of reports, dashboards and tools used by leaders to take decisi…",2026-08-11T16:02:29Z,https://www.adzuna.in/details/5836594045?utm_medium=api&utm_source=f8f3e256,business analyst,2026-08-12T08:34:23.412650+00:00
Tech Lead - Enterprise Application SAP S 4C,Genpact,India,,,0,"Tech Lead - Enterprise Application - SAP S Ready to turn bold ideas into real-world impact? At Genpact, we don’t just adapt to change, we lead it. AI and digital innovation are transforming the way businesses work, and we’re at the forefront of it. Genpact’s AI Gigafactory , our industry-first accelerator, exemplifies how we scale advanced technology solutions to help global enterprises work smarter, grow faster, and transform at scale. Whether tackling complex challenges through large-scale mo…",2026-08-11T20:39:04Z,https://www.adzuna.in/details/5836833294?utm_medium=api&utm_source=f8f3e256,business analyst,2026-08-12T08:34:23.412650+00:00
Principal Engineer,Nagarro,India,,,0,"Job Description REQUIREMENTS: • Total experience: 12 years. • Strong experience in leading and establishing a ServiceNow Center of Excellence (CoE). • Hands-on expertise with ServiceNow App Engine for low-code/no-code application development. • Strong experience with ServiceNow AI capabilities including Now Assist, Predictive Intelligence, Virtual Agent, AI Search, and Automation Engine. • Extensive experience across ITSM, ITOM, ITAM, GRC, and CSM modules. • Strong understanding of ServiceNow p…",2026-08-11T19:25:32Z,https://www.adzuna.in/details/5836764424?utm_medium=api&utm_source=f8f3e256,business analyst,2026-08-12T08:34:23.412650+00:00
Business Analyst II,Microsoft,India,,,0,"Overview Microsoft AI is a customer-first organization focused on building AI-powered products that help customers and businesses achieve more in an evolving technology landscape. As AI reshapes how people discover information, engage with services, and conduct business, we need product leaders who can navigate ambiguity, bring clarity to complex challenges, and drive meaningful customer and business impact. As a member of the Microsoft AI Monetization Platform Trust & Safety team, you will pla…",2026-08-11T20:37:53Z,https://www.adzuna.in/details/5836832679?utm_medium=api&utm_source=f8f3e256,business analyst,2026-08-12T08:34:23.412650+00:00
TECHNICAL LEAD - Java,Happiest Minds Technologies,"Chennai, Tamil Nadu",,,0,"Job Description Senior Full Stack Developer ? AI Assisted Application Modernization Project i.Pharmacy Product Modernization Legacy PowerBuilder Application ? Modern Angular & Java Quarkus Platform Role Summary We are seeking experienced Full Stack Developers to join a large-scale healthcare application modernization program. The successful candidate will participate in modernizing a mature enterprise pharmacy management system from PowerBuilder to a modern web architecture built using Angular,…",2026-08-11T16:00:22Z,https://www.adzuna.in/details/5836583701?utm_medium=api&utm_source=f8f3e256,business analyst,2026-08-12T08:34:23.412650+00:00
Project Manager,Infoneo Technologies Private Limited,"Mumbai, Maharashtra",,,0,"Location: Mumbai Experience: Minimum 5 Years Employment Type: Full-Time Joining: Immediate Infoneo Technologies Pvt. Ltd. is looking for an experienced Project Manager to lead the execution and delivery of Government IT projects. The ideal candidate should have strong project management skills, hands-on experience in handling software development lifecycles, stakeholder management, and team coordination. The candidate must possess a valid PMP certification and have prior experience managing Cen…",2026-08-11T16:12:23Z,https://www.adzuna.in/land/ad/5836624044?se=bDMVniiW8RGNEO0SxDr7vQ&utm_medium=api&utm_source=f8f3e256&v=564B753DA587CA7C2751342F79B9BB889273D25B,business analyst,2026-08-12T08:34:23.412650+00:00
Senior Quality Analyst,Mattel,"Hyderabad, Telangana",,,0,"Job Description The Opportunity: What Your Impact Will Be: Mattel is seeking a Senior QA Analyst IT – Quality to join the Mattel's global Quality portfolio. This role is responsible for leading software quality assurance activities across business-critical applications supporting Product Quality, Laboratory Operations, Regulatory Compliance, Supplier Quality, Sustainability, and Manufacturing. The Senior QA Analyst partners with business stakeholders, product owners, solution architects, develo…",2026-08-11T19:25:32Z,https://www.adzuna.in/details/5836764375?utm_medium=api&utm_source=f8f3e256,business analyst,2026-08-12T08:34:23.412650+00:00
Sr. Developer,Cognizant,"Kolkata, West Bengal",,,0,Job Summary This hybrid role seeks a senior developer with six to eight years of experience specializing in Databricks SQL Databricks Workflows and PySpark to build and optimize data solutions for life and annuities insurance. The role focuses on scalable pipelines reliable analytics and insight delivery that improve policyholder outcomes and support responsible business decisions. Responsibilities  Design build and optimize Databricks SQL queries that support complex life and annuities insuran…,2026-08-11T10:59:57Z,https://www.adzuna.in/details/5836402165?utm_medium=api&utm_source=f8f3e256,business analyst,2026-08-12T08:34:23.412650+00:00
Engagement Lead,Saras Analytics,"Hyderabad, Telangana",,,0,"About This Job Saras Analytics Location: Hyderabad, Telangana, India Work Mode: On-site Industry: IT Services and IT Consulting Job Description The Role: As an Engagement Lead, you will play a crucial role in managing client relationships, leading project teams, and ensuring the successful delivery of consulting engagements. You will work closely with clients to understand their needs, develop actionable solutions, and drive value through innovative approaches. This role offers an opportunity t…",2026-08-11T16:00:22Z,https://www.adzuna.in/details/5836583661?utm_medium=api&utm_source=f8f3e256,business analyst,2026-08-12T08:34:23.412650+00:00
OTC Functional Consultant/Architect,Carrier,"Bangalore, Karnataka",,,0,"Job Title – OTC Functional Consultant/Architect Preferred Location - Hyderabad, India Full time/Part Time - Full Time Build a career with confidence Carrier Global Corporation, global leader in intelligent climate and energy solutions is committed to creating solutions that matter for people and our planet for generations to come. From the beginning, we've led in inventing new technologies and entirely new industries. Today, we continue to lead because we have a world-class, diverse workforce t…",2026-08-11T16:00:21Z,https://www.adzuna.in/details/5836583605?utm_medium=api&utm_source=f8f3e256,business analyst,2026-08-12T08:34:23.412650+00:00
Mulesoft Technical Lead,Tryzens Global,India,,,0,"Tryzens is an international digital commerce agency and our mission is to accelerate client success and growth across all channels, leveraging our expertise, insights, and digital-first principles, to deliver compelling experiences that delight and engage their customers. We started in London, but have expanded to have operations in Melbourne, Sydney, Sofia, and Trivandrum with 200 team members serving 45 international brands. We're looking to hire an experienced Mulesoft Technical Lead to join…",2026-08-11T13:53:15Z,https://www.adzuna.in/details/5836477055?utm_medium=api&utm_source=f8f3e256,business analyst,2026-08-12T08:34:23.412650+00:00
Embedded Business Analyst,Carrier,"Hyderabad, Telangana",,,0,"Job Title - Embedded Business Analyst Preferred Location - Hyderabad, India Full time/Part Time - Full Time Build a career with confidence Carrier Global Corporation, global leader in intelligent climate and energy solutions is committed to creating solutions that matter for people and our planet for generations to come. From the beginning, we've led in inventing new technologies and entirely new industries. Today, we continue to lead because we have a world-class, diverse workforce that puts t…",2026-08-11T10:59:16Z,https://www.adzuna.in/details/5836398410?utm_medium=api&utm_source=f8f3e256,business analyst,2026-08-12T08:34:23.412650+00:00
Principal Configuration Analyst,FM India,"Bangalore, Karnataka",,,0,"About us: We are a highly successful 190-year-old, Fortune 500 commercial property insurance company of 6,000 employees with a unique focus on science and risk engineering. Businesses worldwide trust our expertise to protect their assets, relying on our comprehensive risk assessments and robust, engineering-based insurance solutions to safeguard against fire, natural disasters, and other perils. Serving over a quarter of the Fortune 500 and major corporations globally, we deliver data-driven st…",2026-08-11T10:56:53Z,https://www.adzuna.in/details/5836389289?utm_medium=api&utm_source=f8f3e256,business analyst,2026-08-12T08:34:23.412650+00:00
Systems Integration Consulting Professional,Trimble Inc.,"Chennai, Tamil Nadu",,,0,"Optimize Business Intelligence and Data Engineering as a Technical Services Specialist Are you an action-oriented technical professional who thrives on solving complex data challenges and delivering custom software solutions? Trimble is seeking a Technical Services Specialist to join our specialized Technical Services team. In this customer-facing role, you will own the end-to-end delivery of software customization projects, custom database objects, and high-impact business intelligence reports…",2026-08-11T16:00:22Z,https://www.adzuna.in/details/5836583716?utm_medium=api&utm_source=f8f3e256,business analyst,2026-08-12T08:34:23.412650+00:00
Senior Database developer,2028 Takeda Innovations India,India,,,0,"By clicking the “Apply” button, I understand that my employment application process with Takeda will commence and that the information I provide in my application will be processed in line with Takeda’s Privacy Notice and Terms of Use . I further attest that all information I submit in my employment application is true to the best of my knowledge. Job Description The Future Begins Here At Takeda, we are leading digital evolution and global transformation. By building innovative solutions and fu…",2026-08-11T20:40:36Z,https://www.adzuna.in/details/5836833970?utm_medium=api&utm_source=f8f3e256,business analyst,2026-08-12T08:34:23.412650+00:00
Business & Financial Analyst,CBTS,"Chennai, Tamil Nadu",,,0,"CBTS serves enterprise and midmarket clients in all industries across the United States and Canada. CBTS combines deep technical expertise with a full suite of flexible technology solutionsincluding Application Modernization, Managed Hybrid Cloud, Cybersecurity, Unified Communications, and Infrastructure solutions. From developing and deploying modern applications and the secure, scalable platforms on which they run, to managing, monitoring, and optimizing their operations, CBTS delivers compre…",2026-08-11T16:00:22Z,https://www.adzuna.in/details/5836583686?utm_medium=api&utm_source=f8f3e256,business analyst,2026-08-12T08:34:23.412650+00:00
Quality Assurance & UAT Engineer,Miratech,India,,,0,"Job Description Miratech is looking for a Quality Assurance & UAT Engineer to support the execution and continuous improvement of Workforce Management products and platforms. As part of a global customer-focused organization, you'll contribute to the delivery of exceptional service experiences across customer care, finance, travel and lifestyle services, and operational support functions. Our teams combine technology, innovation, and process excellence to help customers get the most value from …",2026-08-11T07:24:51Z,https://www.adzuna.in/details/5836259314?utm_medium=api&utm_source=f8f3e256,business analyst,2026-08-12T08:34:23.412650+00:00
ETL QA Engineer with GoldenSource platform,i-Qode Digital Solutions Private Limited,India,1500000.0,2500000.0,0,"Key Responsibilities: Perform ETL testing and validate data migration, transformation, and loading processes. Develop and execute SQL queries for data validation and reconciliation. Validate source-to-target mappings and business transformation rules. Perform end-to-end testing of data warehouse and reporting applications. Work closely with ETL developers, business analysts, and stakeholders to understand requirements. Conduct data quality checks, regression testing, and defect tracking. Valida…",2026-08-11T06:57:31Z,https://www.adzuna.in/details/5836227921?utm_medium=api&utm_source=f8f3e256,business analyst,2026-08-12T08:34:23.412650+00:00
Business Analyst,CODEMONK,India,600000.0,800000.0,0,"About Company Codemonk is an AI-first product engineering and technology consulting company. We're building enterprise solutions using Generative AI and Agentic AI to solve real business problems. Our teams work directly with enterprise customers on digital transformation initiatives, AI-powered workflow automation, and intelligent business applications. The role offers exposure to consulting, pre-sales, solution design, and collaboration with engineering teams, making it much more strategic th…",2026-08-11T06:57:29Z,https://www.adzuna.in/details/5836227791?utm_medium=api&utm_source=f8f3e256,business analyst,2026-08-12T08:34:23.412650+00:00
Zuora Billing- Senior Developer,Sophos,"Ahmedabad, Gujarat",,,0,"About Us Sophos is a cybersecurity leader defending 600,000 organizations globally with an AI-driven platform and expert-led services. Sophos meets organizations wherever they are in their security maturity and grows with them to defeat cyberattacks. Its solutions combine machine learning, automation, and real-time threat intelligence with frontline human expertise from Sophos X-Ops to deliver advanced, 24/7 threat monitoring, detection, and response. Sophos offers industry-leading managed dete…",2026-08-10T21:42:49Z,https://www.adzuna.in/details/5835790477?utm_medium=api&utm_source=f8f3e256,business analyst,2026-08-12T08:34:23.412650+00:00
Pega Sr Developer (5 to 8 Years),Cloudious LLC,India,3600000.0,4800000.0,0,"PEGA Sr Developer PEGA Sr Developer Experience: 5 8 years Level: SA Rel Experience: 5 years Notice period: Immediate Work Location: Tire 1 CTS Locations Mandatory Certification: Pega CSA/CSSA certification Analyze business requirements and design Pega solutions. Develop case management workflows, data models, UI components, and integrations. Build and maintain REST/SOAP services and external system integrations. Perform code reviews and ensure adherence to Pega guardrails and development standa…",2026-08-10T23:33:08Z,https://www.adzuna.in/details/5835865466?utm_medium=api&utm_source=f8f3e256,business analyst,2026-08-12T08:34:23.412650+00:00
QA - Selenium Java,Virtusa,"Chennai, Tamil Nadu",,,0,"Sr. Automation Quality Engineer (7-12 Years) ○ Framework Development Design, build, and maintain scalable, robust, and efficient test automation frameworks for functional, regression, and security testing, covering React UIs, Java APIs, and Oracle backend services. ○ Hands-on Test Automation Actively writing, executing, and maintaining complex automated test scripts primarily using Java, Selenium for UI automation and RestAssured for API automation. ○ CI/CD Integration Drive the seamless integr…",2026-08-11T05:43:03Z,https://www.adzuna.in/details/5836175938?utm_medium=api&utm_source=f8f3e256,business analyst,2026-08-12T08:34:23.412650+00:00
Business & Technology Integration - Business Analyst,Trigent Software Private Limited,"Richmond Town, Bangalore",180000.0,276000.0,0,"Basic Requirements Bachelor's Degree in any stream (we can look at Freshers). Having an experience is an added advantage. Should have good communication (written and spoken) and good interpersonal skills. Knowledge in using MS Word, Excel Ability to prioritize tasks and manage time efficiently. Enthusiastic and willing to learn. Good communication skills and knowledge on computer. Work location: BDC7C Shift timings 08:00 AM to 06:00 PM IST Working days: Monday to Friday",2026-08-10T23:33:19Z,https://www.adzuna.in/details/5835865567?utm_medium=api&utm_source=f8f3e256,business analyst,2026-08-12T08:34:23.412650+00:00
GW PC Configuration Developer,CGI,"Bangalore, Karnataka",,,0,"Position Description Company Profile: Founded in 1976, CGI is among the largest independent IT and business consulting services firms in the world. With 94,000 consultants and professionals across the globe, CGI delivers an end-to-end portfolio of capabilities, from strategic IT and business consulting to systems integration, managed IT and business process services and intellectual property solutions. CGI works with clients through a local relationship model complemented by a global delivery n…",2026-08-10T21:42:48Z,https://www.adzuna.in/details/5835790441?utm_medium=api&utm_source=f8f3e256,business analyst,2026-08-12T08:34:23.412650+00:00
Salesforce Automation Tester,Acme Services Private Limited,"Richmond Town, Bangalore",1700000.0,1800000.0,0,"Job Description: Design, develop, and execute manual and automated test cases for Salesforce applications. Perform functional, regression, integration, system, and end-to-end testing . Develop and maintain automated test scripts using tools such as Selenium, Provar, Playwright, Cypress, or similar frameworks . Identify test scenarios suitable for automation and improve overall test coverage. Validate Salesforce functionality including Leads, Accounts, Contacts, Opportunities, Cases, Reports, Fl…",2026-08-10T23:33:12Z,https://www.adzuna.in/details/5835865486?utm_medium=api&utm_source=f8f3e256,business analyst,2026-08-12T08:34:23.412650+00:00
Senior Application Engineer,Swiss Re,"Hyderabad, Telangana",,,0,"Hyderabad, India | Hybrid Are you a seasoned engineer who thrives at the intersection of cutting-edge technology and complex business challenges? Do you love turning ambiguity into elegant, scalable solutions? If you're passionate about engineering excellence, mentoring others, and shaping the future of reinsurance technology — this role was built for you. About The Role As a Senior Application Engineer, you will be at the heart of designing and delivering robust, enterprise-grade applications …",2026-08-10T21:42:48Z,https://www.adzuna.in/details/5835790442?utm_medium=api&utm_source=f8f3e256,business analyst,2026-08-12T08:34:23.412650+00:00
Finance Analyst Business Unit(Treasury),Caterpillar,"Bangalore, Karnataka",,,0,"Career Area: Finance Job Description: Your Work Shapes the World at Caterpillar Inc. When you join Caterpillar, you're joining a global team who cares not just about the work we do – but also about each other. We are the makers, problem solvers, and future world builders who are creating stronger, more sustainable communities. We don't just talk about progress and innovation here – we make it happen, with our customers, where we work and live. Together, we are building a better world, so we can…",2026-08-10T21:05:30Z,https://www.adzuna.in/details/5835750745?utm_medium=api&utm_source=f8f3e256,business analyst,2026-08-12T08:34:23.412650+00:00
Salesforce Manual QA Agentforce(Must)- 4-6yrs,Infrabyte Technology Solution Pvt Ltd,"Ator Nagla, Ghaziabad",,,0,"This is a remote position. Job Description: Salesforce Manual QA  Agent Force Location: Remote Experience Level: 4  Years Mode of hire - CW Job Description- Key Responsibilities •Design and execute test strategies for Salesforce Agentforce implementations. •Validate AI agent conversations, topics, actions, prompts, and business workflows. •Perform Functional, Regression, Integration, System, UAT, and End-to-End testing. •Test Agentforce integrations with Salesforce Clouds and third-party applic…",2026-08-11T00:54:58Z,https://www.adzuna.in/details/5835895805?utm_medium=api&utm_source=f8f3e256,business analyst,2026-08-12T08:34:23.412650+00:00
Lead Software Engineer - PA-Auto-OS-2026-Q2-R002,SS&C,India,,,0,"As a leading financial services and healthcare technology company based on revenue, SS&C is headquartered in Windsor, Connecticut, and has 27,000 employees in 35 countries. Some 20,000 financial services and healthcare organizations, from the world's largest companies to small and mid-market firms, rely on SS&C for expertise, scale, and technology. Job Description Job Summary: We are seeking a highly motivated and skilled Lead Automation Engineer (Support ) with proven experience in Blue Prism/…",2026-08-10T21:07:15Z,https://www.adzuna.in/details/5835762894?utm_medium=api&utm_source=f8f3e256,business analyst,2026-08-12T08:34:23.412650+00:00
"Senior Product Owner - Agile, ADO, Dashboards",UPS,India,,,0,"Before you apply to a job, select your language preference from the options available at the top right of this page. Explore your next opportunity at a Fortune Global 500 organization. Envision innovative possibilities, experience our rewarding culture, and work with talented teams that help you become better every day. We know what it takes to lead UPS into tomorrow—people with a unique combination of skill  passion. If you have the qualities and drive to lead yourself or teams, there are role…",2026-08-10T21:05:56Z,https://www.adzuna.in/details/5835753922?utm_medium=api&utm_source=f8f3e256,business analyst,2026-08-12T08:34:23.412650+00:00
Business Analyst,Financial Services,India,1400000.0,1800000.0,0,"Job Purpose Implement risk management processes at the ground level for the construction finance business, gaining a thorough understanding of the project and developer and preparing a credit memo to assess the project viability and proposal structure as per ABHFL risk parameters and customer requirements. Key activities are analysis of project viability, assessment of market information and developer financials. Job Context & Major Challenges Job Context/ Job Challenges: Job Context Key Aspect…",2026-08-10T21:04:01Z,https://www.adzuna.in/details/5835746642?utm_medium=api&utm_source=f8f3e256,business analyst,2026-08-12T08:34:23.412650+00:00
"Analyst II, GTM Strategy & Design",Kraft Heinz,India,,,0,"Job Description Job Description The GCC Analyst for GTM Strategy & Design is an important role designed to amplify the impact of our global GTM Sprints function. This individual will act as the operational and analytical engine for the Senior Manager, supporting the end-to-end execution of high-priority GTM sprints and pilots. By managing data analysis, project coordination, and stakeholder communications, the Analyst ensures that our strategic initiatives are delivered efficiently, on time, an…",2026-08-10T21:00:55Z,https://www.adzuna.in/details/5835742662?utm_medium=api&utm_source=f8f3e256,business analyst,2026-08-12T08:34:23.412650+00:00
Principal Engineer - .NET Core / GenAI,Wells Fargo Bank,India,,,0,"About this role: Wells Fargo is seeking a Principal Engineer responsible for end-to-end technical architecture, design governance, and engineering leadership for cloud native platforms and performance testing capabilities. This role defines target state architectures, drives technology strategy, and acts as the technical authority across different teams in the Line of business. In this role, you will: Act as an advisor to leadership to develop or influence applications, network, information sec…",2026-08-10T21:00:42Z,https://www.adzuna.in/details/5835742406?utm_medium=api&utm_source=f8f3e256,business analyst,2026-08-12T08:34:23.412650+00:00
Sr. Technical Specialist,Colgate-Palmolive Company,"Mumbai, Maharashtra",,,0,"Relocation Assistance Offered Within Country Job Number 175411 - Mumbai, Maharashtra, India Who We Are Colgate-Palmolive Company is a global consumer products company operating in over 200 countries specializing in Oral Care, Personal Care, Home Care, Skin Care, and Pet Nutrition. Our products are trusted in more households than any other brand in the world, making us a household name! Join Colgate-Palmolive, a caring, innovative growth company reimagining a healthier future for people, their p…",2026-08-11T06:53:47Z,https://www.adzuna.in/details/5836219187?utm_medium=api&utm_source=f8f3e256,business analyst,2026-08-12T08:34:23.412650+00:00
"Analyst, Business Systems – Procurement Applications",ICU Medical,"Chennai, Tamil Nadu",,,0,"Job Description Position Title Analyst, Business Systems – Procurement Applications Position Summary The primary role of the Procurement Business Analyst is to ensure the ICU Medical business processes and Procurement systems (Oracle EBS) meets the business owners’ needs. This person is proficient in project management as it relates to ICU Medical business and Procurement application projects, enhancements and minor break/fix. The Procurement BSA is responsible for interfacing with the various …",2026-08-10T21:42:47Z,https://www.adzuna.in/details/5835790404?utm_medium=api&utm_source=f8f3e256,business analyst,2026-08-12T08:34:23.412650+00:00
Mobile Automation Tester,SANeForce,"Chennai, Tamil Nadu",,,0,"Job Title: Mobile Automation Tester Experience: 1 Years Location: Chennai Employment Type: Full-time Job Summary We are looking for a motivated Mobile Automation Tester with 1 years of experience in mobile application testing and automation. The ideal candidate should have hands-on experience in automating Android and/or iOS applications using Appium or similar automation tools, along with a good understanding of software testing principles and Agile methodologies. Roles & Responsibilities Deve…",2026-08-10T21:42:46Z,https://www.adzuna.in/details/5835790301?utm_medium=api&utm_source=f8f3e256,business analyst,2026-08-12T08:34:23.412650+00:00
CRM Specialist,2028 Takeda Innovations India,India,,,0,"By clicking the “Apply” button, I understand that my employment application process with Takeda will commence and that the information I provide in my application will be processed in line with Takeda’s Privacy Notice and Terms of Use . I further attest that all information I submit in my employment application is true to the best of my knowledge. Job Description The Future Begins Here At Takeda, we are leading digital evolution and global transformation. By building innovative solutions and fu…",2026-08-10T20:57:23Z,https://www.adzuna.in/details/5835737756?utm_medium=api&utm_source=f8f3e256,business analyst,2026-08-12T08:34:26.404375+00:00
Requirement Engineer,Private Limited,India,,,0,"About the Company Embitel Technologies is a Volkswagen AG (VW) Group Company. VW is a German multinational automotive manufacturing corporation headquartered in Wolfsburg, Germany. VW is one of the world’s largest automaker by sales. VW sold 10.9 million vehicles in 2019. The group comprises of 12 brands from seven European Countries: Volkswagen, Audi, Lamborghini, Porsche, Bugatti, Bentley, Ducati (motorcycles), Skoda, SEAT, Scania, MAN and Volkswagen commercial vehicles. About CARIAD (Car, I …",2026-08-10T20:58:32Z,https://www.adzuna.in/details/5835739393?utm_medium=api&utm_source=f8f3e256,business analyst,2026-08-12T08:34:26.404375+00:00
Quality Assurance Analyst,SS&C,India,,,0,"As a leading financial services and healthcare technology company based on revenue, SS&C is headquartered in Windsor, Connecticut, and has 27,000 employees in 35 countries. Some 20,000 financial services and healthcare organizations, from the world's largest companies to small and mid-market firms, rely on SS&C for expertise, scale, and technology. Job Description SS&C is seeking for Sr QA Analyst responsible for ensuring the quality and accuracy of wealth management applications through both m…",2026-08-10T20:59:11Z,https://www.adzuna.in/details/5835740277?utm_medium=api&utm_source=f8f3e256,business analyst,2026-08-12T08:34:26.404375+00:00
Business Analyst,Financial Services,India,,,0,"Job Description:- Understanding the challenges faced by the business and translate that into a data problem Asking right questions Find the answers through data Ability to work with multiple data sources Handle data in various formats easily, including both structured and unstructured data Bureau Data understanding. Dashboard/BI Ability to draw conclusions and insights from data. Strong logical reasoning and data interpretation skills Other details: Understand the business deeply and translate …",2026-08-10T20:59:40Z,https://www.adzuna.in/details/5835741008?utm_medium=api&utm_source=f8f3e256,business analyst,2026-08-12T08:34:26.404375+00:00
VisionPLUS Business Analyst – Agile Requirements & Financial Services,Synechron,India,,,0,"Job Summary Synechron is seeking an experienced VisionPLUS Business Analyst with 9 years of experience in business analysis and software development projects. The role will lead Business Analyst activities, gather and document business requirements, analyze business processes, and support delivery teams in developing effective solutions for VisionPLUS-related initiatives.The position will contribute to business objectives by improving requirements quality, aligning project outcomes with organiz…",2026-08-10T21:00:12Z,https://www.adzuna.in/details/5835741659?utm_medium=api&utm_source=f8f3e256,business analyst,2026-08-12T08:34:26.404375+00:00
Business Interlock Senior Analyst,Accenture,India,,,0,"Skill required: Talent Development - Instructor-Led Training (ILT) Designation: Business Interlock Senior Analyst Qualifications: Any Graduation Years of Experience: 5 to 8 years About Accenture Accenture is a global professional services company with leading capabilities in digital, cloud and security.Combining unmatched experience and specialized skills across more than 40 industries, we offer Strategy and Consulting, Technology and Operations services, and Accenture Song— all powered by the …",2026-08-10T20:59:43Z,https://www.adzuna.in/details/5835741070?utm_medium=api&utm_source=f8f3e256,business analyst,2026-08-12T08:34:26.404375+00:00
Lead Business Analyst,Private Limited,India,,,0,"About the Company Embitel Technologies is a Volkswagen AG (VW) Group Company. VW is a German multinational automotive manufacturing corporation headquartered in Wolfsburg, Germany. VW is one of the world’s largest automaker by sales. VW sold 10.9 million vehicles in 2019. The group comprises of 12 brands from seven European Countries: Volkswagen, Audi, Lamborghini, Porsche, Bugatti, Bentley, Ducati (motorcycles), Skoda, SEAT, Scania, MAN and Volkswagen commercial vehicles. Job Description: Requ…",2026-08-10T20:59:56Z,https://www.adzuna.in/details/5835741383?utm_medium=api&utm_source=f8f3e256,business analyst,2026-08-12T08:34:26.404375+00:00
Sr Associate Is Organizational Effectiveness Plan to Stock (PTS),Amgen,"Hyderabad, Telangana",,,0,"Career Category Supply Chain Job Description Role Description: The ideal candidate will have a proven track record in a technology-driven industry. The Scrum Master is a leader and coach who facilitates, processes, and supports teams in delivering value. The candidate will have deep knowledge of Agile frameworks, strong facilitation skills, and experience working across cross-functional teams to ensure timely and quality delivery of business-critical solutions. This person will guide teams thro…",2026-08-10T20:56:56Z,https://www.adzuna.in/details/5835737144?utm_medium=api&utm_source=f8f3e256,business analyst,2026-08-12T08:34:26.404375+00:00
Manhattan Active Omni Software Engineer - Retail,MillerKnoll,India,,,0,"Why join us? Our purpose is to design for the good of humankind. It’s the ideal we strive toward each day in everything we do. Being a part of MillerKnoll means being a part of something larger than your work team, or even your brand. We are redefining modern for the 21st century. And our success allows MillerKnoll to support causes that align with our values, so we can build a more sustainable, equitable, and beautiful future for everyone. About the opportunity MillerKnoll is looking for a Man…",2026-08-10T20:59:42Z,https://www.adzuna.in/details/5835741038?utm_medium=api&utm_source=f8f3e256,business analyst,2026-08-12T08:34:26.404375+00:00
Software Engineering Manager - Financial & SCM Systems,Fanatics Commerce,"Hyderabad, Telangana",,,0,"Fanatics Commerce is the global leader in licensed sports merchandise, operating a vertically integrated platform that designs, manufactures, and delivers officially licensed apparel, jerseys, headwear, and collectibles for major leagues, teams, and events worldwide. With more than 900 e-commerce sites and a global omnichannel presence across digital, in-venue, and retail, Fanatics Commerce reaches fans in over 180 countries and powers official fan experiences for many of the world's most iconi…",2026-08-10T21:00:23Z,https://www.adzuna.in/details/5835741973?utm_medium=api&utm_source=f8f3e256,business analyst,2026-08-12T08:34:26.404375+00:00
Lead - IT/Senior Lead - IT,Bajaj Finance,India,,,0,"Job Purpose To design and oversee the technical architecture of software solutions, ensuring they are scalable, secure, and meet business needs. Provide technical leadership and bridge the gap between technical teams and stakeholders Duties and Responsibilities 1. Architecture Design and Development • Solution Design: Create the overall structure of a software solution, including the selection of technologies, frameworks, and platforms. • System Architecture: Define the high-level structure of …",2026-08-10T20:47:44Z,https://www.adzuna.in/details/5835723397?utm_medium=api&utm_source=f8f3e256,business analyst,2026-08-12T08:34:26.404375+00:00
eCommerce Sr. Front End Architect,PVH,India,,,0,"About Us: We are brand builders who focus our passion and creativity to build Calvin Klein and TOMMY HILFIGER into the most desirable lifestyle brands in the world and at the same time position PVH as one of the best-performing brand groups in our sector. Guided by our values and enabled by our scale and global reach, we are driving fashion forward for good, as one team with one vision and one plan. That’s the Power of Us, that’s the Power of PVH. One of PVH’s greatest strengths is our people. …",2026-08-10T20:55:45Z,https://www.adzuna.in/details/5835735300?utm_medium=api&utm_source=f8f3e256,business analyst,2026-08-12T08:34:26.404375+00:00
Data Solutions Engineer,Adobe,"Bangalore, Karnataka",,,0,"The Opportunity The Digital Transformation and Data Intelligence team is looking for a Data Solutions Engineer. This role will build scalable data products, automation, and AI-enabled solutions that improve how CAO teams operate. This individual contributor role requires deep data engineering expertise and strong product thinking. The candidate can turn ambiguous business problems into practical, production-ready solutions. The foundation of the role is data engineering, but the scope extends i…",2026-08-10T20:53:51Z,https://www.adzuna.in/details/5835731659?utm_medium=api&utm_source=f8f3e256,business analyst,2026-08-12T08:34:26.404375+00:00
Business Analyst,Accenture,India,,,0,"Project Role : Business Analyst Project Role Description : Analyze an organization and design its processes and systems, assessing the business model and its integration with technology. Assess current state, identify customer requirements, and define the future state and/or business solution. Research, gather and synthesize information. Must have skills : ServiceNow Good to have skills : NA Minimum 7.5 year(s) of experience is required Educational Qualification : 15 years full time education S…",2026-08-10T20:53:36Z,https://www.adzuna.in/details/5835731356?utm_medium=api&utm_source=f8f3e256,business analyst,2026-08-12T08:34:26.404375+00:00
Data Architecture (Agentic AI),2028 Takeda Innovations India,India,,,0,"By clicking the “Apply” button, I understand that my employment application process with Takeda will commence and that the information I provide in my application will be processed in line with Takeda’s Privacy Notice and Terms of Use . I further attest that all information I submit in my employment application is true to the best of my knowledge. Job Description The Future Begins Here At Takeda, we are leading digital evolution and global transformation. By building innovative solutions and fu…",2026-08-10T20:51:17Z,https://www.adzuna.in/details/5835728145?utm_medium=api&utm_source=f8f3e256,business analyst,2026-08-12T08:34:26.404375+00:00
Service Desk Engineer II,Fanatics Commerce,"Hyderabad, Telangana",,,0,"Fanatics Commerce is the global leader in licensed sports merchandise, operating a vertically integrated platform that designs, manufactures, and delivers officially licensed apparel, jerseys, headwear, and collectibles for major leagues, teams, and events worldwide. With more than 900 e-commerce sites and a global omnichannel presence across digital, in-venue, and retail, Fanatics Commerce reaches fans in over 180 countries and powers official fan experiences for many of the world's most iconi…",2026-08-10T20:49:34Z,https://www.adzuna.in/details/5835725823?utm_medium=api&utm_source=f8f3e256,business analyst,2026-08-12T08:34:26.404375+00:00
"Manager, Business Intelligence",Fortrea,India,,,0,"The Manager, Business Intelligence leads and develops a team of Commercial analysts responsible for delivering high-quality reporting, dashboards, and data-driven insights that support business decision-making. This role combines people leadership, hands-on analytics, project management, and cross-functional partnership to ensure analytics solutions are accurate, actionable, and aligned with business priorities. The Manager also drives process improvement, reporting standardization, and governa…",2026-08-10T20:56:39Z,https://www.adzuna.in/details/5835736657?utm_medium=api&utm_source=f8f3e256,business analyst,2026-08-12T08:34:26.404375+00:00
BSM - Operations - Rajkot,Financial Services,India,300000.0,700000.0,0,"Developing and delivering effective programmes targeted at call centre agents, specialists and support staff; Identifying training and development needs within an organisation through job analysis, appraisal schemes and regular consultation with business managers and human resources departments; Designing and expanding training and development programmes based on the needs of the organisation and the individual; Working in a team to produce programmes that are satisfactory to all relevant parti…",2026-08-10T20:48:34Z,https://www.adzuna.in/details/5835724527?utm_medium=api&utm_source=f8f3e256,business analyst,2026-08-12T08:34:26.404375+00:00
ServiceNow Software Developer,Elanco,India,,,0,"At Elanco (NYSE: ELAN) – it all starts with animals! As a global leader in animal health, we are dedicated to innovation and delivering products and services to prevent and treat disease in farm animals and pets. At Elanco, we are driven by our vision of Food and Companionship Enriching Life and our purpose – all to Go Beyond for Animals, Customers, Society and Our People. At Elanco, we pride ourselves on fostering a diverse and inclusive work environment. We believe that diversity is the drivi…",2026-08-10T20:45:50Z,https://www.adzuna.in/details/5835720915?utm_medium=api&utm_source=f8f3e256,business analyst,2026-08-12T08:34:26.404375+00:00
Sr Associate Business Analyst,Amgen,"Hyderabad, Telangana",,,0,"Career Category Information Systems Job Description Join Amgen’s Mission of Serving Patients At Amgen, if you feel like you’re part of something bigger, it’s because you are. Our shared mission—to serve patients living with serious illnesses—drives all that we do. Since 1980, we’ve helped pioneer the world of biotech in our fight against the world’s toughest diseases. With our focus on four therapeutic areas –Oncology, Inflammation, General Medicine, and Rare Disease– we reach millions of patie…",2026-08-10T20:46:46Z,https://www.adzuna.in/details/5835722151?utm_medium=api&utm_source=f8f3e256,business analyst,2026-08-12T08:34:26.404375+00:00
Data Scientist (Commercial),Amgen,"Hyderabad, Telangana",,,0,"Career Category Engineering Job Description HOW MIGHT YOU DEFY IMAGINATION? If you feel like you’re part of something bigger, it’s because you are. At Amgen, our shared mission—to serve patients—drives all that we do. It is key to our becoming one of the world’s leading biotechnology companies. We are global collaborators who achieve together—researching, manufacturing, and delivering ever-better products that reach over 10 million patients worldwide. It’s time for a career you can be proud of.…",2026-08-10T20:56:30Z,https://www.adzuna.in/details/5835736398?utm_medium=api&utm_source=f8f3e256,business analyst,2026-08-12T08:34:26.404375+00:00
Salesforce Developer,Regal Rexnord,"Hyderabad, Telangana",,,0,"Scope of role Our Digital Solutions team is looking for a Salesforce Developer who is passionate about enabling all types of users to get the most out of Salesforce. The right candidate will have a strong blend of communication skills, business acumen and platform knowledge. The right candidate will be energized by managing one or multiple Salesforce Cloud solutions (Sales, Marketing, Service, Service Cloud Voice, Field Service Management, Experience Cloud, Order Management, CPQ and Logik.IO) a…",2026-08-10T20:46:11Z,https://www.adzuna.in/details/5835721336?utm_medium=api&utm_source=f8f3e256,business analyst,2026-08-12T08:34:26.404375+00:00
Senior Analyst – Business Analytics,Sanofi,"Hyderabad, Telangana",,,0,"Job title Senior Analyst – Business Analytics Hiring Manager Team Lead, Business Analytics Location Hyderabad % of travel expected Travel required as per business need Job type Permanent and Full time About the job Go-To-Market Capabilities (GTMC) Hub is an internal Sanofi resource organization based in Hyderabad, India and is set up to centralize processes and activities to support Specialty Care, Vaccines, General Medicines, CHC, CMO, and R&D, Data & Digital functions​. GTMC strives to be a s…",2026-08-10T20:40:18Z,https://www.adzuna.in/details/5835714813?utm_medium=api&utm_source=f8f3e256,business analyst,2026-08-12T08:34:26.404375+00:00
Senior Test Engineer,Quality Engineering,India,,,0,"Seeking a Manual Tester with 3-5 years of experience in Motor and Health Insurance applications. Require strong expertise in functional testing, test case design/execution, defect management, and validation of end-to-end insurance business processes. Key Responsibilities Understand business requirements, functional specifications, and insurance workflows. Design and execute test cases, test scenarios, and test data. Perform Functional, Integration, System, Regression, and UAT Support testing. V…",2026-08-10T20:44:54Z,https://www.adzuna.in/details/5835719778?utm_medium=api&utm_source=f8f3e256,business analyst,2026-08-12T08:34:26.404375+00:00
Sr. UX Designer - Specialist,Amgen,"Hyderabad, Telangana",,,0,"Career Category Information Systems Job Description Join Amgen's Mission to Serve Patients If you feel like you’re part of something bigger, it’s because you are. At Amgen, our shared mission—to serve patients—drives all that we do. It is key to our becoming one of the world’s leading biotechnology companies. We are global collaborators who achieve together—researching, manufacturing, and delivering ever-better products that reach over 10 million patients worldwide. It’s time for a career you c…",2026-08-10T20:59:43Z,https://www.adzuna.in/details/5835741078?utm_medium=api&utm_source=f8f3e256,business analyst,2026-08-12T08:34:26.404375+00:00
Senior Business Analyst,Bajaj Finance,India,,,0,"Job Purpose Own delivery governance and solution architecture for the Enterprise Data Platform. Define and oversee end?to?end data solutions—including batch and real?time pipelines—using SQL, Python, and PySpark with strong focus on streaming, Change Data Capture (CDC), and database mirroring. Translate business needs (including Loan Management System use cases) into scalable, secure, and cost?effective data architectures and integration patterns. Duties and Responsibilities • Define target?sta…",2026-08-10T20:39:52Z,https://www.adzuna.in/details/5835714418?utm_medium=api&utm_source=f8f3e256,business analyst,2026-08-12T08:34:26.404375+00:00
Area Sales Head - SME EM - Chandigarh,Financial Services,India,1200000.0,1600000.0,0,"Job Purpose: The purpose of this job is: To set business objectives for the branch & geographic region covered by the branch in line with the mortgage business unit objectives of book size, profitability, MIS & portfolio management, team building etc. To own the P&L for the branch in terms of % contribution, NII, campaign/ marketing activity spends, fees, direct sourcing, distribution payments and risk- return parameters To devise business strategy for area wise achievement of business objectiv…",2026-08-10T20:40:14Z,https://www.adzuna.in/details/5835714743?utm_medium=api&utm_source=f8f3e256,business analyst,2026-08-12T08:34:26.404375+00:00
Senior Business Analyst,UPS,India,,,0,"Before you apply to a job, select your language preference from the options available at the top right of this page. Explore your next opportunity at a Fortune Global 500 organization. Envision innovative possibilities, experience our rewarding culture, and work with talented teams that help you become better every day. We know what it takes to lead UPS into tomorrow—people with a unique combination of skill  passion. If you have the qualities and drive to lead yourself or teams, there are role…",2026-08-10T20:42:26Z,https://www.adzuna.in/details/5835716944?utm_medium=api&utm_source=f8f3e256,business analyst,2026-08-12T08:34:26.404375+00:00
Sr. Analyst – Supply Chain (SAP SD),Genl Mills India Priv,India,,,0,"COMPANY OVERVIEW We exist to make food the world loves. But we do more than that. Our company is a place that prioritizes being a force for good, a place to expand learning, explore new perspectives and reimagine new possibilities, every day. We look for people who want to bring their best — bold thinkers with big hearts who challenge one another and grow together. Because becoming the undisputed leader in food means surrounding ourselves with people who are hungry for what’s next.​ &xa; OVERVI…",2026-08-10T20:42:00Z,https://www.adzuna.in/details/5835716501?utm_medium=api&utm_source=f8f3e256,business analyst,2026-08-12T08:34:26.404375+00:00
Senior Business Analyst,Financial Services,India,,,0,"Senior Business Analyst JD: PFB the JD of Senior Business Analyst KRA1 Design, develop, and maintain microservices-based applications using Java & Spring Boot KRA2 Build and consume RESTful APIs KRA3 Collaborate with frontend teams for seamless integration KRA4 Ensure code quality, performance optimization, and security compliance KRA5 Participate in code reviews, debugging, and production support",2026-08-10T20:42:17Z,https://www.adzuna.in/details/5835716761?utm_medium=api&utm_source=f8f3e256,business analyst,2026-08-12T08:34:26.404375+00:00
Sr Associate CRM Software Engineer,Amgen,"Hyderabad, Telangana",,,0,"Career Category Information Systems Job Description ABOUT AMGEN Amgen harnesses the best of biology and technology to fight the world’s toughest diseases, and make people’s lives easier, fuller and longer. We discover, develop, manufacture and deliver innovative medicines to help millions of patients. Amgen helped establish the biotechnology industry more than 40 years ago and remains on the cutting-edge of innovation, using technology and human genetic data to push beyond what’s known today. A…",2026-08-10T20:39:22Z,https://www.adzuna.in/details/5835713997?utm_medium=api&utm_source=f8f3e256,business analyst,2026-08-12T08:34:26.404375+00:00
Senior Business Analyst,Financial Services,India,,,0,"Job description of Senior software engineer: Job description of Senior software engineer: KRA1 Design, develop, and maintain microservices-based applications using Java & Spring Boot KRA2 Build and consume RESTful APIs KRA3 Collaborate with frontend teams for seamless integration KRA4 Ensure code quality, performance optimization, and security compliance KRA5 Participate in code reviews, debugging, and production support",2026-08-10T20:41:21Z,https://www.adzuna.in/details/5835715839?utm_medium=api&utm_source=f8f3e256,business analyst,2026-08-12T08:34:26.404375+00:00
Lead Business Intelligence Analyst,Caterpillar,"Bangalore, Karnataka",,,0,"Career Area: Technology, Digital and Data Job Description: Your Work Shapes the World at Caterpillar Inc. When you join Caterpillar, you're joining a global team who cares not just about the work we do – but also about each other. We are the makers, problem solvers, and future world builders who are creating stronger, more sustainable communities. We don't just talk about progress and innovation here – we make it happen, with our customers, where we work and live. Together, we are building a be…",2026-08-10T20:38:09Z,https://www.adzuna.in/details/5835712918?utm_medium=api&utm_source=f8f3e256,business analyst,2026-08-12T08:34:26.404375+00:00
Business Consulting - Scrum Master,"NTT America, Inc.","Pune, Maharashtra",,,0,"Req ID: 384995 NTT DATA strives to hire exceptional, innovative and passionate individuals who want to grow with us. If you want to be part of an inclusive, adaptable, and forward-thinking organization, apply now. We are currently seeking a Business Consulting - Scrum Master to join our team in Pune, Maharashtra (IN-MH), India (IN). Job Title: Business Consulting - Scrum Master Role Summary: We are seeking an experienced Scrum Master to lead the successful delivery of enterprise technology init…",2026-08-10T10:59:28Z,https://www.adzuna.in/details/5835316754?utm_medium=api&utm_source=f8f3e256,business analyst,2026-08-12T08:34:26.404375+00:00
Senior Integration Developer,Baker Tilly,India,,,0,"Overview BTVK Advisory is a leading advisory firm whose specialized professionals guide clients through an ever-changing business world, helping them win now and anticipate tomorrow. BTVK Advisory, and its affiliated entities, have operations in North America, South America, Europe, Asia, and Australia. BTVK Advisory’s ultimate parent entity, Baker Tilly US, LLP, is an independent member of Baker Tilly International, a worldwide network of independent accounting and business advisory firms in 1…",2026-08-10T20:39:50Z,https://www.adzuna.in/details/5835714395?utm_medium=api&utm_source=f8f3e256,business analyst,2026-08-12T08:34:26.404375+00:00
Business Analyst – User Stories & Backlog | Information & Technology | Mumbai,Colliers,"Mumbai, Maharashtra",,,0,"Job Description Position Summary : The Techno-Functional Business Analyst bridges business requirements with technical implementation by combining business analysis expertise with hands-on technical knowledge. The role is responsible for requirements gathering, user story creation, product backlog management, functional application support, production issue analysis, SQL querying, API integration analysis, debugging, system configuration, and end-user enablement. The ideal candidate can effecti…",2026-08-10T19:24:12Z,https://www.adzuna.in/details/5835624591?utm_medium=api&utm_source=f8f3e256,business analyst,2026-08-12T08:34:26.404375+00:00
Python Developer – Bot Development,Bluefish AI,"Coimbatore, Tamil Nadu",,,0,"Position Overview We are looking for a skilled Python Developer to design, build, and deploy intelligent bots that automate business processes and improve operational efficiency. The role involves working with automation frameworks, APIs, and AI/ML libraries to deliver scalable solutions that integrate seamlessly with enterprise applications. Key Responsibilities Design, develop, and maintain bots using Python and automation frameworks. Write clean, efficient, and reusable code to support autom…",2026-08-10T16:03:43Z,https://www.adzuna.in/details/5835486187?utm_medium=api&utm_source=f8f3e256,business analyst,2026-08-12T08:34:26.404375+00:00
"Guidewire Portal Jutro - Analyst, Technical Transformation",Deloitte,"Chennai, Tamil Nadu",,,0,"Summary Position Summary Artificial Intelligence & Engineering AI & Engineering leverages cutting-edge engineering capabilities to help build, deploy, and operate integrated/verticalized sector solutions in software, data, AI, network, and hybrid cloud infrastructure. These insights are powered by engineering for business advantage, helping transform mission-critical operations. Join our AI & Engineering team to help transform technology platforms, driving innovation, and help make a significan…",2026-08-10T16:02:24Z,https://www.adzuna.in/details/5835481502?utm_medium=api&utm_source=f8f3e256,business analyst,2026-08-12T08:34:26.404375+00:00
Senior Analyst - Business Analytics,Sanofi Group,"Hyderabad, Telangana",,,0,"Job title Senior Analyst - Business Analytics Hiring Manager Team Lead, Business Analytics Location Hyderabad % of travel expected Travel required as per business need Job type Permanent and Full time About the job Go-To-Market Capabilities (GTMC) Hub is an internal Sanofi resource organization based in Hyderabad, India and is set up to centralize processes and activities to support Specialty Care, Vaccines, General Medicines, CHC, CMO, and R&D, Data & Digital functions?. GTMC strives to be a s…",2026-08-10T10:59:46Z,https://www.adzuna.in/details/5835317224?utm_medium=api&utm_source=f8f3e256,business analyst,2026-08-12T08:34:26.404375+00:00
Docusign - Developer or Senior Developer,Cognizant,"Chennai, Tamil Nadu",,,0,"Skills Set : Docusign e-Signature and CLM Developer & Admin part required knowledge Additional Skills : Candidate working with Sales force. It is value added. But it is not an mandatory. Detailed JD : DocuSign Developer  Experience: 3 to 9 years  Location: PAN INDIA  Notice Period - Immediate to 30 Days About the Role: We are seeking a skilled and experienced DocuSign Developer to join our team and lead the design, development, and integration of DocuSign eSignature and CLM solutions. The ideal…",2026-08-10T10:57:42Z,https://www.adzuna.in/details/5835312861?utm_medium=api&utm_source=f8f3e256,business analyst,2026-08-12T08:34:26.404375+00:00
Technical Consultant - Java Backend,"NTT America, Inc.","Bangalore, Karnataka",,,0,"Req ID: 382254 NTT DATA strives to hire exceptional, innovative and passionate individuals who want to grow with us. If you want to be part of an inclusive, adaptable, and forward-thinking organization, apply now. We are currently seeking a Technical Consultant - Java Backend to join our team in Bangalore, Karnataka (IN-KA), India (IN). Experience: 4-7 Years Technical Consultant - Java Backend Job Summary We are seeking a skilled Java Backend Developer with experience in designing, developing, …",2026-08-10T10:59:28Z,https://www.adzuna.in/details/5835316771?utm_medium=api&utm_source=f8f3e256,business analyst,2026-08-12T08:34:26.404375+00:00
Business Analyst - CF - Bangalore,Financial Services,India,1000000.0,1800000.0,0,"Key Result Areas Supporting Actions KRA – 1 Evaluation – Credit Analysis Case Analysis using Financial models for Promoter Group, Micro-market and Transaction structure Analyze and evaluate the proposed transactions including Borrower background, enterprise information, project / security information, cash flow analysis, feasibility analysis, sensitivity analysis, Debt Profile evaluation, Group level cash flow evaluation, financial evaluation. Liaison with internal stakeholders viz. Risk, Legal…",2026-08-10T20:42:36Z,https://www.adzuna.in/details/5835717103?utm_medium=api&utm_source=f8f3e256,business analyst,2026-08-12T08:34:26.404375+00:00
HC & Insurance Operations Associate,"NTT America, Inc.","Chennai, Tamil Nadu",,,0,"Position's General Duties and Tasks In these roles you will be responsible for:  Configuring client System for Pricing (Provider Contract) as per the requirement and according to defined business rules of new claims processing platform.  Evaluation of Configuration Requirement and Formulation of Configuration Approach and Effectively include advanced configuration and additional functionality based on best practices  Based on the business requirements and business rules gathered, evaluate and c…",2026-08-10T10:59:25Z,https://www.adzuna.in/details/5835316694?utm_medium=api&utm_source=f8f3e256,business analyst,2026-08-12T08:34:26.404375+00:00
Unit Manager - IT/Senior Unit Manager - IT,Bajaj Finance,India,,,0,"Job Purpose 1) We are looking for a dynamic Techno-Functional Analyst who can efficiently coordinate between technical delivery teams and business stakeholders to identify and finalize areas for implementing Business Continuity Plans (BCP) without impacting existing processes. The ideal candidate should have strong communication skills, solid requirement elicitation abilities, and a good understanding of technical implementation and project management Duties and Responsibilities 1) Act as a bri…",2026-08-10T20:37:52Z,https://www.adzuna.in/details/5835712624?utm_medium=api&utm_source=f8f3e256,business analyst,2026-08-12T08:34:26.404375+00:00
Senior Business Analyst ( 3-4 Months Contract ) - Remote - Octopus by RTG,robusta,India,,,0,"About Octopus by RTG Octopus by RTG is the tech hiring and outsourcing arm of Robusta Technology Group , dedicated to connecting exceptional tech talent with top-tier organizations across the MENA, GCC, Europe, the US, and Canada . We specialize in building strong, long-term partnerships between skilled professionals and innovative companies. Our mission is to empower growth, innovation, and excellence by matching the right talent with the right opportunities. Key Responsibilities Lead and supp…",2026-08-10T19:48:49Z,https://www.adzuna.in/details/5835662688?utm_medium=api&utm_source=f8f3e256,business analyst,2026-08-12T08:34:26.404375+00:00
Docusign - Developer or Senior Developer,Cognizant,"Chennai, Tamil Nadu",,,0,"Skills Set : Docusign e-Signature and CLM Developer & Admin part required knowledge Additional Skills : Candidate working with Sales force. It is value added. But it is not an mandatory. Detailed JD DocuSign Developer Experience: 3 to 9 years Location: PAN INDIA Notice Period – Immediate to 30 Days About The Role We are seeking a skilled and experienced DocuSign Developer to join our team and lead the design, development, and integration of DocuSign eSignature and CLM solutions. The ideal candi…",2026-08-09T21:41:54Z,https://www.adzuna.in/details/5834812034?utm_medium=api&utm_source=f8f3e256,business analyst,2026-08-12T08:34:29.661172+00:00
Business Analyst,Amgen,"Hyderabad, Telangana",,,0,"Career Category Information Systems Job Description Amgen harnesses the best of biology and technology to fight the world’s toughest diseases, and make people’s lives easier, fuller, and longer. We discover, develop, manufacture and deliver innovative medicines to help millions of patients. Amgen helped establish the biotechnology industry more than 40 years ago and remains on the cutting-edge of innovation, using technology and human genetic data to push beyond what’s known today. ABOUT THE RO…",2026-08-09T21:01:43Z,https://www.adzuna.in/details/5834774436?utm_medium=api&utm_source=f8f3e256,business analyst,2026-08-12T08:34:29.661172+00:00
Bilingual Business Analyst,TechBiz Global GmbH,India,,,0,"At TechBiz Global, we are providing recruitment service to our TOP clients from our portfolio. We are currently seeking a bilingual Business Analyst to join one of our clients ' teams. If you're looking for an exciting opportunity to grow in an innovative environment, this could be the perfect fit for you. Location: Remote (must be available during Eastern Time business hours) Industry: Insurance / Insurtech Type: Full-Time Language Requirements: Bilingual – English & Spanish Responsibilities C…",2026-08-10T07:40:14Z,https://www.adzuna.in/details/5835206015?utm_medium=api&utm_source=f8f3e256,business analyst,2026-08-12T08:34:29.661172+00:00
"Business Analyst II, RBS",Amazon,"Chennai, Tamil Nadu",,,0,Description Are you passionate about solving business challenges at a global scale? The candidate will be excited about understanding and implementing new and repeatable processes to improve our customer experience. They will do this by partnering with key stakeholders to be curious and comfortable digging deep into the business challenges to understand and identify insights that will enable us to figure out standards to improve our ability to globally scale this program. They will be comfortab…,2026-08-10T10:56:30Z,https://www.adzuna.in/details/5835310883?utm_medium=api&utm_source=f8f3e256,business analyst,2026-08-12T08:34:29.661172+00:00
"BIE I , Fulfillment Channels",Amazon,"Bangalore, Karnataka",,,0,"Description Amazon's Fulfillment Channels BI team is seeking a talented, self-driven and experienced Business Intelligence Engineer to lead its advanced analytics wing for their Product and Business team. This pivotal role provides you opportunity to work with an exceptionally innovative team, slice and dice multi-dimensional high depth data mines, build complex data models to provide data driven insights for high impact decisions spanning across Merchant and Customer experience improvement Pro…",2026-08-10T10:56:29Z,https://www.adzuna.in/details/5835310856?utm_medium=api&utm_source=f8f3e256,business analyst,2026-08-12T08:34:29.661172+00:00
"Business Analyst II, RBS",Amazon,"Bangalore, Karnataka",,,0,Description Are you passionate about solving business challenges at a global scale? The candidate will be excited about understanding and implementing new and repeatable processes to improve our customer experience. They will do this by partnering with key stakeholders to be curious and comfortable digging deep into the business challenges to understand and identify insights that will enable us to figure out standards to improve our ability to globally scale this program. They will be comfortab…,2026-08-10T10:56:29Z,https://www.adzuna.in/details/5835310852?utm_medium=api&utm_source=f8f3e256,business analyst,2026-08-12T08:34:29.661172+00:00
"Analyst, Business Intelligence (Operations, Product & Support)",Apex Group,India,,,0,"The Apex Group was established in Bermuda in 2003 and is now one of the world’s largest fund administration and middle office solutions providers. Our business is unique in its ability to reach globally, service locally and provide cross-jurisdictional services. With our clients at the heart of everything we do, our hard-working team has successfully delivered on an unprecedented growth and transformation journey, and we are now represented by over circa 13,000 employees across 112 offices worl…",2026-08-09T21:02:13Z,https://www.adzuna.in/details/5834778911?utm_medium=api&utm_source=f8f3e256,business analyst,2026-08-12T08:34:29.661172+00:00
"AI Developer, RPA & Testing","Magna International, Inc",India,,,0,"We see a future where everyone can live and move without limitations. That's why we are developing technologies, systems and concepts that make vehicles safer and cleaner, while serving our communities, the planet and, above all, people. In the right environment, your ideas can turn into industry-changing automotive technologies and improve the lives of people around the world. Let's create the future of mobility, together. Job descriptions may display in multiple languages based on your langua…",2026-08-10T10:49:02Z,https://www.adzuna.in/details/5835283264?utm_medium=api&utm_source=f8f3e256,business analyst,2026-08-12T08:34:29.661172+00:00
Lead Business Analyst,Applied Information Sciences,India,,,0,"Why AIS? When you join AIS, you’re joining a mission-driven team that’s passionate about making a difference. You’ll work on projects that matter, alongside industry-leading experts, in an environment that fosters innovation, driving client success, and empowering our team to make a lasting impact. As an employee-owned company, we value collaboration, inclusivity, continuous growth, and shared success. Employee Ownership : Your contributions directly impact the company’s success, and you share …",2026-08-09T21:02:08Z,https://www.adzuna.in/details/5834778276?utm_medium=api&utm_source=f8f3e256,business analyst,2026-08-12T08:34:29.661172+00:00
Senior Solutions Analyst,BP,India,,,0,"Entity: Technology Job Family Group: HR Group Job Description: JOB DESCRIPTION- People & Culture Services  Solutions is an internal global shared services organisation, responsible for delivering centralised & standardised People & Culture services for bp from several geographical delivery centres. The role is a part of the Core Solutions Team and focuses on Case Management and Telephony. The team takes part in the development and execution of solutions design and deployment for HR that support…",2026-08-09T21:00:02Z,https://www.adzuna.in/details/5834765070?utm_medium=api&utm_source=f8f3e256,business analyst,2026-08-12T08:34:29.661172+00:00
Lead QA - Test Automation /AI Adoption,UPS,India,,,0,"Before you apply to a job, select your language preference from the options available at the top right of this page. Explore your next opportunity at a Fortune Global 500 organization. Envision innovative possibilities, experience our rewarding culture, and work with talented teams that help you become better every day. We know what it takes to lead UPS into tomorrow—people with a unique combination of skill  passion. If you have the qualities and drive to lead yourself or teams, there are role…",2026-08-09T21:01:10Z,https://www.adzuna.in/details/5834769266?utm_medium=api&utm_source=f8f3e256,business analyst,2026-08-12T08:34:29.661172+00:00
Senior Business Analyst - General Insurance,3i Infotech Limited,India,,,0,"Role Overview We are seeking an experienced Senior Business Analyst with deep domain expertise in General Insurance to drive business transformation, optimize processes, and support digital initiatives. The ideal candidate will bridge the gap between business stakeholders and technology teams, ensuring delivery of scalable and efficient insurance solutions. Key Responsibilities Collaborate with business stakeholders to gather, analyze, and document detailed business requirements across General …",2026-08-09T21:00:58Z,https://www.adzuna.in/details/5834767836?utm_medium=api&utm_source=f8f3e256,business analyst,2026-08-12T08:34:29.661172+00:00
Junior Business Analyst,Friar Service India,India,,,0,"At Regnology our greatest asset is our people. We value diversity and foster an inclusive environment that supports learning, safety, and growth. By investing in our team, listening to customers, and encouraging creativity, we drive continuous innovation and improvement. We offer a flexible, innovative environment where your ideas matter and your career can thrive. Regnology is a global leader in regulatory reporting, helping financial institutions, regulators, and tax authorities improve data …",2026-08-09T21:00:18Z,https://www.adzuna.in/details/5834765310?utm_medium=api&utm_source=f8f3e256,business analyst,2026-08-12T08:34:29.661172+00:00
Digital Pricing Product Owner,2028 Takeda Innovations India,India,,,0,"By clicking the “Apply” button, I understand that my employment application process with Takeda will commence and that the information I provide in my application will be processed in line with Takeda’s Privacy Notice and Terms of Use . I further attest that all information I submit in my employment application is true to the best of my knowledge. Job Description JOB DESCRIPTION : DD&T IBU Pricing Strategy & Operations Product Owner LEVEL : Manager REPORTING LINE : DD&T IBU Digital Pricing Prod…",2026-08-09T20:59:27Z,https://www.adzuna.in/details/5834764457?utm_medium=api&utm_source=f8f3e256,business analyst,2026-08-12T08:34:29.661172+00:00
Senior Business Analyst,UPS,India,,,0,"Before you apply to a job, select your language preference from the options available at the top right of this page. Explore your next opportunity at a Fortune Global 500 organization. Envision innovative possibilities, experience our rewarding culture, and work with talented teams that help you become better every day. We know what it takes to lead UPS into tomorrow—people with a unique combination of skill  passion. If you have the qualities and drive to lead yourself or teams, there are role…",2026-08-09T20:59:25Z,https://www.adzuna.in/details/5834764427?utm_medium=api&utm_source=f8f3e256,business analyst,2026-08-12T08:34:29.661172+00:00
"Mgr, IT - HR/Leg App Support",Vantive Healthcare Technologies IND,India,,,0,"Vantive is a vital organ therapy company on a mission to extend lives and expand possibilities for patients and care teams everywhere. For 70 years, our team has driven meaningful innovations in kidney care. As we build on our legacy, we are deepening our commitment to elevating the dialysis experience through digital solutions and advanced services, while looking beyond kidney care and investing in transforming vital organ therapies. Greater flexibility and efficiency in therapy administration…",2026-08-09T20:58:09Z,https://www.adzuna.in/details/5834763034?utm_medium=api&utm_source=f8f3e256,business analyst,2026-08-12T08:34:29.661172+00:00
Business Systems Analyst,UPS,India,,,0,"Before you apply to a job, select your language preference from the options available at the top right of this page. Explore your next opportunity at a Fortune Global 500 organization. Envision innovative possibilities, experience our rewarding culture, and work with talented teams that help you become better every day. We know what it takes to lead UPS into tomorrow—people with a unique combination of skill  passion. If you have the qualities and drive to lead yourself or teams, there are role…",2026-08-09T20:58:00Z,https://www.adzuna.in/details/5834762897?utm_medium=api&utm_source=f8f3e256,business analyst,2026-08-12T08:34:29.661172+00:00
Product Analyst,UPS,India,,,0,"Before you apply to a job, select your language preference from the options available at the top right of this page. Explore your next opportunity at a Fortune Global 500 organization. Envision innovative possibilities, experience our rewarding culture, and work with talented teams that help you become better every day. We know what it takes to lead UPS into tomorrow—people with a unique combination of skill  passion. If you have the qualities and drive to lead yourself or teams, there are role…",2026-08-09T20:57:52Z,https://www.adzuna.in/details/5834762771?utm_medium=api&utm_source=f8f3e256,business analyst,2026-08-12T08:34:29.661172+00:00
Manager,EXL,"Noida, Ghaziabad",,,0,"Description As the Manager of the CORP_Global Technology_Enterprise AI and Advanced Tech department, you will play a pivotal role in shaping the future of AI-powered solutions. Your primary focus will be to lead a team of talented professionals, driving innovation and strategy for our cutting-edge AI initiatives. We are seeking a visionary leader who can inspire and guide our team to new heights, pushing the boundaries of what's possible in the world of AI and advanced technologies. Responsibil…",2026-08-09T20:57:38Z,https://www.adzuna.in/details/5834762532?utm_medium=api&utm_source=f8f3e256,business analyst,2026-08-12T08:34:29.661172+00:00
"Salesforce Principal Architect, Solution Architecture",Cencora,India,,,0,"Our team members are at the heart of everything we do. At Cencora, we are united in our responsibility to create healthier futures, and every person here is essential to us being able to deliver on that purpose. If you want to make a difference at the center of health, come join our innovative company and help us improve the lives of people and animals everywhere. Apply today! Job Details Sales Arch Position Summary The Senior Architect serves as the embedded delivery architect supporting the a…",2026-08-09T20:52:04Z,https://www.adzuna.in/details/5834757199?utm_medium=api&utm_source=f8f3e256,business analyst,2026-08-12T08:34:29.661172+00:00
Business Analyst,ascendion,"Pune, Maharashtra",,,0,"About Ascendion Ascendion is a leader in AI-Native platform driven software engineering company that underwrites outcomes, helping businesses innovate faster, smarter, and with greater impact. We partner with Global 2000 clients across North America, UK, Europe, and APAC to solve complex challenges in data, experience design, software product engineering, and workforce transformation. Powered by expert engineers, thousands of AI agents, and our Engineering to the Power of AI™ (EngineeringAI) me…",2026-08-10T07:32:57Z,https://www.adzuna.in/details/5835203245?utm_medium=api&utm_source=f8f3e256,business analyst,2026-08-12T08:34:29.661172+00:00
UX Designer - Sr. Associate,Amgen,"Hyderabad, Telangana",,,0,"Career Category Information Systems Job Description Join Amgen's Mission to Serve Patients If you feel like you’re part of something bigger, it’s because you are. At Amgen, our shared mission—to serve patients—drives all that we do. It is key to our becoming one of the world’s leading biotechnology companies. We are global collaborators who achieve together—researching, manufacturing, and delivering ever-better products that reach over 10 million patients worldwide. It’s time for a career you c…",2026-08-09T20:52:47Z,https://www.adzuna.in/details/5834757955?utm_medium=api&utm_source=f8f3e256,business analyst,2026-08-12T08:34:29.661172+00:00
"BIE I , Fulfillment Channels",Amazon,India,,,0,"Amazon's Fulfillment Channels BI team is seeking a talented, self-driven and experienced Business Intelligence Engineer to lead its advanced analytics wing for their Product and Business team. This pivotal role provides you opportunity to work with an exceptionally innovative team, slice and dice multi-dimensional high depth data mines, build complex data models to provide data driven insights for high impact decisions spanning across Merchant and Customer experience improvement Product/Program…",2026-08-09T20:54:01Z,https://www.adzuna.in/details/5834759109?utm_medium=api&utm_source=f8f3e256,business analyst,2026-08-12T08:34:29.661172+00:00
Business Analyst,HP,India,,,0,"Business Analyst Description - Job Scope/ Summary The primary responsibilities of the Business Analyst are to provide internal and external business critical monthly, quarterly and ad-hoc reporting for Priority Services customers. In addition, to contribute and enhance the reporting and analysis activities of the Priority Services accounts data and information as well as to the automation and improvement projects driven by the team. Job Specifics/Responsibilities: Generating and maintaining rep…",2026-08-09T20:54:08Z,https://www.adzuna.in/details/5834759206?utm_medium=api&utm_source=f8f3e256,business analyst,2026-08-12T08:34:29.661172+00:00
"Lead Engineer, Systems Engineering(Salesforce Architect)",Cencora,India,,,0,"Our team members are at the heart of everything we do. At Cencora, we are united in our responsibility to create healthier futures, and every person here is essential to us being able to deliver on that purpose. If you want to make a difference at the center of health, come join our innovative company and help us improve the lives of people and animals everywhere. Apply today! Job Details Senior Architect – Salesforce Platform Position Summary The Senior Architect supports the delivery, governa…",2026-08-09T20:54:49Z,https://www.adzuna.in/details/5834759926?utm_medium=api&utm_source=f8f3e256,business analyst,2026-08-12T08:34:29.661172+00:00
Financial Planning Analyst,HP,India,,,0,"Financial Planning Analyst Description - Job Summary The Planning Finance role is a strategic finance leader responsible for driving financial planning, forecasting, business performance analysis, and decision support to across the organization. This role partners closely with APJ Supply Chain, Operations, Planning, Category, Commercial, and Executive Leadership teams to deliver actionable insights that optimize revenue, profitability, inventory, working capital, and operational efficiency. The…",2026-08-09T20:56:49Z,https://www.adzuna.in/details/5834761739?utm_medium=api&utm_source=f8f3e256,business analyst,2026-08-12T08:34:29.661172+00:00
Senior Application Developer-GIC,UPS,India,,,0,"Before you apply to a job, select your language preference from the options available at the top right of this page. Explore your next opportunity at a Fortune Global 500 organization. Envision innovative possibilities, experience our rewarding culture, and work with talented teams that help you become better every day. We know what it takes to lead UPS into tomorrow—people with a unique combination of skill  passion. If you have the qualities and drive to lead yourself or teams, there are role…",2026-08-09T20:56:20Z,https://www.adzuna.in/details/5834761303?utm_medium=api&utm_source=f8f3e256,business analyst,2026-08-12T08:34:29.661172+00:00
Senior Business Analyst,Cushman & Wakefield,"Bangalore, Karnataka",,,0,"Job Title Senior Business Analyst Job Description Summary Cushman & Wakefield is seeking a (Senior) Business Analyst – Sales & Pursuits to support sales excellence and client pursuit activities across the Asia Pacific (APAC) region. Reporting to the Head of Sales Data & Analytics, this role combines research, data analysis, market intelligence, sales enablement, and strategic account support to help sales teams identify opportunities, strengthen client relationships, and improve win rates. The …",2026-08-09T20:56:28Z,https://www.adzuna.in/details/5834761415?utm_medium=api&utm_source=f8f3e256,business analyst,2026-08-12T08:34:29.661172+00:00
Analytics Engineer 2 - Data Platform,slice,"Bangalore, Karnataka",,,0,"About the role : As an Analytics Engineer 2 - Data Platform, you will build and maintain data marts that power business decisions across the organization. You will design scalable data models, ensure data quality and reliability, and contribute to platform tools and automation. The role also involves leveraging AI tools to improve development speed and efficiency. What you will do: Build and own scalable data marts that power business reporting and decisionmaking across teams. Design dimensiona…",2026-08-09T20:53:23Z,https://www.adzuna.in/details/5834758505?utm_medium=api&utm_source=f8f3e256,business analyst,2026-08-12T08:34:29.661172+00:00
Business Systems Analyst / Product Manager,UPS,India,,,0,"Before you apply to a job, select your language preference from the options available at the top right of this page. Explore your next opportunity at a Fortune Global 500 organization. Envision innovative possibilities, experience our rewarding culture, and work with talented teams that help you become better every day. We know what it takes to lead UPS into tomorrow—people with a unique combination of skill  passion. If you have the qualities and drive to lead yourself or teams, there are role…",2026-08-09T20:55:49Z,https://www.adzuna.in/details/5834760823?utm_medium=api&utm_source=f8f3e256,business analyst,2026-08-12T08:34:29.661172+00:00
Principal Application Developer - Day Shift,GIA Services,India,,,0,"The Principal Software Developer is a senior technical leader responsible for designing and delivering complex, high-impact software solutions that support GIA’s lab operations and their integration with external systems. The role exists to provide deep technical expertise, architectural leadership, and innovation while partnering closely with researchers, solution analysts, and business stakeholders. This position drives the creation of scalable, secure, and maintainable software through moder…",2026-08-09T20:52:58Z,https://www.adzuna.in/details/5834758138?utm_medium=api&utm_source=f8f3e256,business analyst,2026-08-12T08:34:29.661172+00:00
"Principal Specialist, Finance Business Partnering",IN CSS Randstad Global Capability Center,India,,,0,"Every year, we help hundreds of thousands of people find rewarding jobs in the ever-changing world of work. We understand the importance of a job in peoples lifes and we want to help them find work that feels good. And we’ll help them continue to grow as their needs and ambitions change. At Randstad, our value comes from our people and that is why we put them first. We are proud of our learning culture and career architecture framework that encourages ours team to develop both personally and pr…",2026-08-09T20:57:15Z,https://www.adzuna.in/details/5834762116?utm_medium=api&utm_source=f8f3e256,business analyst,2026-08-12T08:34:29.661172+00:00
Quality Assurance Engineer II,Pearson,"Bangalore, Karnataka",,,0,"Description Job Role: Quality Assurance Engineer II – Oracle ERP Testing(SCM & OTC) Job Location: Bengaluru (Hybrid - 3 days in Office/week) Looking for Quality Assurance Engineer II with experience in Oracle ERP Cloud/EBS testing, specializing in Supply Chain Management (SCM) and Order-to-Cash (OTC). The role focuses on ensuring the quality of Oracle ERP implementations through functional, integration, and end-to-end testing. Responsibilities: 3-6 years of QA experience with Oracle ERP Cloud o…",2026-08-09T20:48:54Z,https://www.adzuna.in/details/5834753925?utm_medium=api&utm_source=f8f3e256,business analyst,2026-08-12T08:34:29.661172+00:00
Integration Developer (SAP IS Expert),Opella Healthcare IN P.,"Hyderabad, Telangana",,,0,"Job title : Integration Developer (SAP IS Expert) Location : Hyderabad Opella is the self-care challenger with the purest and third-largest portfolio in the Over-The-Counter (OTC) & Vitamins, Minerals & Supplements (VMS) market globally . Our mission is to bring health in people’s hands by making self-care as simple as it should be . For half a billion consumers worldwide – and counting. At the core of this mission is our 100 loved brands , our 11,000-strong global team, our 13 best-in-class ma…",2026-08-09T20:52:04Z,https://www.adzuna.in/details/5834757196?utm_medium=api&utm_source=f8f3e256,business analyst,2026-08-12T08:34:29.661172+00:00
Automation-VHC,Vidal Healthcare Services,"Bangalore, Karnataka",,,0,"Job Title: Business Analyst – Healthcare (Clinical Domain) Role Overview We are seeking a Healthcare Business Analyst with strong clinical and domain expertise to support transformation across healthcare operations. The role focuses on end-to-end process analysis, requirement definition, and solution design across claims and pre-authorization workflows. The ideal candidate will combine clinical knowledge, analytical rigor, and technology orientation to drive productivity improvements, reduce tu…",2026-08-09T20:51:46Z,https://www.adzuna.in/details/5834756938?utm_medium=api&utm_source=f8f3e256,business analyst,2026-08-12T08:34:29.661172+00:00
Lead Consultant Business Analyst,Delphi Consulting,India,,,0,"Join Delphi - Where Innovation meets transformation At Delphi, we believe in creating an environment where our people thrive. Our hybrid work model empowers you to choose where you work—whether it's from the office, your home, or a mix of both—so you can prioritize what matters most. We are committed to supporting your personal goals, family, and overall well-being while driving transformative results for our clients. We welcome exceptional talent from anywhere across the globe. Interviews and …",2026-08-09T20:50:55Z,https://www.adzuna.in/details/5834756224?utm_medium=api&utm_source=f8f3e256,business analyst,2026-08-12T08:34:29.661172+00:00
"Lead Engineer, Systems Engineering - Salesforce Architect",Cencora,India,,,0,"Our team members are at the heart of everything we do. At Cencora, we are united in our responsibility to create healthier futures, and every person here is essential to us being able to deliver on that purpose. If you want to make a difference at the center of health, come join our innovative company and help us improve the lives of people and animals everywhere. Apply today! Job Details Senior Architect - COB Arch Position Summary The Senior Architect serves as the embedded delivery architect…",2026-08-09T20:50:46Z,https://www.adzuna.in/details/5834756058?utm_medium=api&utm_source=f8f3e256,business analyst,2026-08-12T08:34:29.661172+00:00
Tech Lead - Enterprise Application Salesforce P 4C,genpact,India,,,0,"Tech Lead - Enterprise Application - Salesforce P Ready to turn bold ideas into real-world impact? At Genpact, we don’t just adapt to change, we lead it. AI and digital innovation are transforming the way businesses work, and we’re at the forefront of it. Genpact’s AI Gigafactory , our industry-first accelerator, exemplifies how we scale advanced technology solutions to help global enterprises work smarter, grow faster, and transform at scale. Whether tackling complex challenges through large-s…",2026-08-09T20:49:28Z,https://www.adzuna.in/details/5834754746?utm_medium=api&utm_source=f8f3e256,business analyst,2026-08-12T08:34:29.661172+00:00
Sr. Associate IS Bus Sys Analyst – Learning Management Systems,Amgen,"Hyderabad, Telangana",,,0,"Career Category Information Systems Job Description Join Amgen’s Mission of Serving Patients At Amgen, if you feel like you’re part of something bigger, it’s because you are. Our shared mission—to serve patients living with serious illnesses—drives all that we do. Since 1980, we’ve helped pioneer the world of biotech in our fight against the world’s toughest diseases. With our focus on four therapeutic areas –Oncology, Inflammation, General Medicine, and Rare Disease– we reach millions of patie…",2026-08-09T20:49:27Z,https://www.adzuna.in/details/5834754736?utm_medium=api&utm_source=f8f3e256,business analyst,2026-08-12T08:34:29.661172+00:00
Salesforce Business Analyst,Hitachi,India,,,0,"Function IT Our Company We’re Hitachi Vantara, the data foundation trusted by the world’s innovators. Our resilient, high-performance data infrastructure means that customers – from banks to theme parks ­– can focus on achieving the incredible with data. If you’ve seen the Las Vegas Sphere, you’ve seen just one example of how we empower businesses to automate, optimize, innovate – and wow their customers. Right now, we’re laying the foundation for our next wave of growth. We’re looking for peop…",2026-08-09T20:56:53Z,https://www.adzuna.in/details/5834761798?utm_medium=api&utm_source=f8f3e256,business analyst,2026-08-12T08:34:29.661172+00:00
Value and Evidence Product Owner,2028 Takeda Innovations India,India,,,0,"By clicking the “Apply” button, I understand that my employment application process with Takeda will commence and that the information I provide in my application will be processed in line with Takeda’s Privacy Notice and Terms of Use . I further attest that all information I submit in my employment application is true to the best of my knowledge. Job Description JOB DESCRIPTION : IBU DD&T Digital Evidence & Value Demonstration Product Owner LEVEL : Manager REPORTING LINE : DD&T IBU Digital Acc…",2026-08-09T20:50:59Z,https://www.adzuna.in/details/5834756287?utm_medium=api&utm_source=f8f3e256,business analyst,2026-08-12T08:34:29.661172+00:00
ERP Functional Expert O2S&T RGM,Opella Healthcare IN P.,"Hyderabad, Telangana",,,0,"Job title : ERP Functional Expert O2S&T RGM Location : Hyderabad Opella is the self-care challenger with the purest and third-largest portfolio in the Over-The-Counter (OTC) & Vitamins, Minerals & Supplements (VMS) market globally . Our mission is to bring health in people’s hands by making self-care as simple as it should be . For half a billion consumers worldwide – and counting. At the core of this mission is our 100 loved brands , our 11,000-strong global team, our 13 best-in-class manufact…",2026-08-09T20:46:01Z,https://www.adzuna.in/details/5834748764?utm_medium=api&utm_source=f8f3e256,business analyst,2026-08-12T08:34:33.194951+00:00
Specialist Business Analyst,Amgen,"Hyderabad, Telangana",,,0,"Career Category Information Systems Job Description Join Amgen’s Mission of Serving Patients At Amgen, if you feel like you’re part of something bigger, it’s because you are. Our shared mission—to serve patients living with serious illnesses—drives all that we do. Since 1980, we’ve helped pioneer the world of biotech in our fight against the world’s toughest diseases. With our focus on four therapeutic areas –Oncology, Inflammation, General Medicine, and Rare Disease– we reach millions of patie…",2026-08-09T20:46:30Z,https://www.adzuna.in/details/5834749465?utm_medium=api&utm_source=f8f3e256,business analyst,2026-08-12T08:34:33.194951+00:00
"Consultant, Data Analytics & Reporting - Ag & Trading",Cargill,"Bangalore, Karnataka",,,0,"Job Purpose and Impact The Professional, Data & Analytics Reporting job is responsible for collecting, processing, and analyzing moderately complex datasets to generate actionable insights and builds detailed reports and dashboards using specifics tools. With limited supervision, this job collaborates with cross functional teams to ensure data accuracy and integrity performing data and statistical analysis using various programming languages. This job supports the effective presentation of data…",2026-08-09T11:10:26Z,https://www.adzuna.in/details/5834390313?utm_medium=api&utm_source=f8f3e256,business analyst,2026-08-12T08:34:33.194951+00:00
Sr. Associate IS Business Systems Analyst,Amgen,"Hyderabad, Telangana",,,0,"Career Category Information Systems Job Description Join Amgen's Mission to Serve Patients If you feel like you’re part of something bigger, it’s because you are. At Amgen, our shared mission—to serve patients—drives all that we do. It is key to our becoming one of the world’s leading biotechnology companies. We are global collaborators who achieve together—researching, manufacturing, and delivering ever-better products that reach over 10 million patients worldwide. It’s time for a career you c…",2026-08-09T20:47:32Z,https://www.adzuna.in/details/5834751052?utm_medium=api&utm_source=f8f3e256,business analyst,2026-08-12T08:34:33.194951+00:00
Business Analyst (IC),EXL,India,,,0,"Description The role involves creating and producing project-specific technical content, including user manuals, requirements, design, test, and operations documents. It also includes assisting with production support issues as they arise, taking care of issues raised through performance testing, troubleshooting application-specific issues, understanding business requirements by working with operations and functional teams, and helping the onshore team test performance implications for a produc…",2026-08-09T20:47:36Z,https://www.adzuna.in/details/5834751153?utm_medium=api&utm_source=f8f3e256,business analyst,2026-08-12T08:34:33.194951+00:00
Senior Manager - Software Development Engineering,Amgen,"Hyderabad, Telangana",,,0,"Career Category Information Systems Job Description Let’s do this. Let’s change the world. In this vital role as Senior Manager Software Development Engineering , you will lead a dynamic team of technical product owners, software development engineers, test/validation engin eers responsible for the design, development, management, and optimization of Amgen Operation ’s Electronic Lab Notebook and Instrument Data Acquisition Platform. You will also be the reporting manager for this team and will…",2026-08-09T20:45:01Z,https://www.adzuna.in/details/5834746594?utm_medium=api&utm_source=f8f3e256,business analyst,2026-08-12T08:34:33.194951+00:00
"Senior Business Analyst, Technical Business Solutions",Cencora,India,,,0,"Our team members are at the heart of everything we do. At Cencora, we are united in our responsibility to create healthier futures, and every person here is essential to us being able to deliver on that purpose. If you want to make a difference at the center of health, come join our innovative company and help us improve the lives of people and animals everywhere. Apply today! Job Details Salesforce Service Team Job Summary The Salesforce Senior Business Analyst on the Salesforce Service Team w…",2026-08-09T20:46:50Z,https://www.adzuna.in/details/5834749934?utm_medium=api&utm_source=f8f3e256,business analyst,2026-08-12T08:34:33.194951+00:00
"BA, L1Support & Testing Resource",3i Infotech Limited,India,,,0,"Job Description – Business Analyst | QA & Automation Engineer | L1 Application Support Experience: 3–5 Years Role Summary a versatile professional with experience in Business Analysis, Manual & Automation Testing, and L1 Application Support. The candidate will work closely with business users, development teams to gather requirements, ensure application quality, and provide production support while meeting SLA commitments. Key Responsibilities Business Analysis Gather and analyze business requi…",2026-08-09T20:44:51Z,https://www.adzuna.in/details/5834746489?utm_medium=api&utm_source=f8f3e256,business analyst,2026-08-12T08:34:33.194951+00:00
Business Analyst I,2028 Takeda Innovations India,India,,,0,"By clicking the “Apply” button, I understand that my employment application process with Takeda will commence and that the information I provide in my application will be processed in line with Takeda’s Privacy Notice and Terms of Use . I further attest that all information I submit in my employment application is true to the best of my knowledge. Job Description The Future Begins Here At Takeda, we are leading digital evolution and global transformation. By building innovative solutions and fu…",2026-08-09T20:40:23Z,https://www.adzuna.in/details/5834743428?utm_medium=api&utm_source=f8f3e256,business analyst,2026-08-12T08:34:33.194951+00:00
Associate System Analyst,Amgen,"Hyderabad, Telangana",,,0,"Career Category Information Systems Job Description Join Amgen’s Mission of Serving Patients At Amgen, if you feel like you’re part of something bigger, it’s because you are. Our shared mission—to serve patients living with serious illnesses—drives all that we do. Since 1980, we’ve helped pioneer the world of biotech in our fight against the world’s toughest diseases. With our focus on four therapeutic areas –Oncology, Inflammation, General Medicine, and Rare Disease– we reach millions of patie…",2026-08-09T20:43:24Z,https://www.adzuna.in/details/5834745414?utm_medium=api&utm_source=f8f3e256,business analyst,2026-08-12T08:34:33.194951+00:00
Data Visualization Platform Engineer,Opella Healthcare IN P.,"Hyderabad, Telangana",,,0,"Job title : Data Visualization Platform Engineer Location : Hyderabad Opella is the self-care challenger with the purest and third-largest portfolio in the Over-The-Counter (OTC) & Vitamins, Minerals & Supplements (VMS) market globally . Our mission is to bring health in people’s hands by making self-care as simple as it should be . For half a billion consumers worldwide – and counting. At the core of this mission is our 100 loved brands , our 11,000-strong global team, our 13 best-in-class man…",2026-08-09T20:44:35Z,https://www.adzuna.in/details/5834746278?utm_medium=api&utm_source=f8f3e256,business analyst,2026-08-12T08:34:33.194951+00:00
Mainframe - Software Development and Quality Engineer - Chennai,UPS,India,,,0,"Before you apply to a job, select your language preference from the options available at the top right of this page. Explore your next opportunity at a Fortune Global 500 organization. Envision innovative possibilities, experience our rewarding culture, and work with talented teams that help you become better every day. We know what it takes to lead UPS into tomorrow—people with a unique combination of skill  passion. If you have the qualities and drive to lead yourself or teams, there are role…",2026-08-09T20:39:52Z,https://www.adzuna.in/details/5834743108?utm_medium=api&utm_source=f8f3e256,business analyst,2026-08-12T08:34:33.194951+00:00
Custom Software Engineer,Accenture,India,,,0,"Project Role : Custom Software Engineer Project Role Description : Develop custom software solutions to design, code, and enhance components across systems or applications. Use modern frameworks and agile practices to deliver scalable, high-performing solutions tailored to specific business needs. Must have skills : Business Requirements Analysis Good to have skills : NA Minimum 12 year(s) of experience is required Educational Qualification : 15 years full time education Summary: As a Custom So…",2026-08-09T20:40:29Z,https://www.adzuna.in/details/5834743525?utm_medium=api&utm_source=f8f3e256,business analyst,2026-08-12T08:34:33.194951+00:00
"Lead Engineer, Systems Engineering(Salesforce Architect)",Cencora,India,,,0,"Our team members are at the heart of everything we do. At Cencora, we are united in our responsibility to create healthier futures, and every person here is essential to us being able to deliver on that purpose. If you want to make a difference at the center of health, come join our innovative company and help us improve the lives of people and animals everywhere. Apply today! Job Details Contact Center Management - Arch Position Summary The Senior Architect serves as the embedded delivery arch…",2026-08-09T20:37:11Z,https://www.adzuna.in/details/5834740644?utm_medium=api&utm_source=f8f3e256,business analyst,2026-08-12T08:34:33.194951+00:00
Guidewire Consultant (Claim Center Configuration),Guidewire,India,,,0,"Summary Guidewire Professional Services partners with customers and systems integrators worldwide to implement and extend Guidewire’s cloud platform for P&C insurers, reducing implementation effort and accelerating time-to-value. As a ClaimCenter Consultant, you will work as part of our Global Delivery team, configuring and integrating ClaimCenter to help customers modernize their claims operations and adopt Guidewire Cloud. You will be an internal implementation and configuration specialist fo…",2026-08-09T20:42:09Z,https://www.adzuna.in/details/5834744678?utm_medium=api&utm_source=f8f3e256,business analyst,2026-08-12T08:34:33.194951+00:00
Business Analyst,Accenture,India,,,0,"Project Role : Business Analyst Project Role Description : Analyze an organization and design its processes and systems, assessing the business model and its integration with technology. Assess current state, identify customer requirements, and define the future state and/or business solution. Research, gather and synthesize information. Must have skills : Personal Insurance Good to have skills : NA Minimum 3 year(s) of experience is required Educational Qualification : 15 years full time educa…",2026-08-09T20:43:01Z,https://www.adzuna.in/details/5834745240?utm_medium=api&utm_source=f8f3e256,business analyst,2026-08-12T08:34:33.194951+00:00
Solution Analyst,BP,India,,,0,"Entity: Finance Job Family Group: IT&S Group Job Description: We are a global energy business involved in every aspect of the energy system. We are working towards delivering light, heat, and mobility to millions of people every day. We are one of the very few companies equipped to solve some of the big complex challenges that matter for the future. We have a real contribution to make to the world's ambition of a low-carbon future. Join us and be part of what we can accomplish together. You can…",2026-08-09T20:37:08Z,https://www.adzuna.in/details/5834740572?utm_medium=api&utm_source=f8f3e256,business analyst,2026-08-12T08:34:33.194951+00:00
App Automation Eng Senior Analyst,Accenture,India,,,0,"Skill required: Tech for Operations - Microsoft Robotic Process Automation Designation: App Automation Eng Senior Analyst Qualifications: Any Graduation Years of Experience: 5 to 8 years About Accenture Accenture is a global professional services company with leading capabilities in digital, cloud and security.Combining unmatched experience and specialized skills across more than 40 industries, we offer Strategy and Consulting, Technology and Operations services, and Accenture Song— all powered…",2026-08-09T20:46:19Z,https://www.adzuna.in/details/5834749196?utm_medium=api&utm_source=f8f3e256,business analyst,2026-08-12T08:34:33.194951+00:00
PEGA Developer,Citigroup,"Pune, Maharashtra",,,0,"Key Responsibilities: Solution Design and Development:  Design, build, and configure applications using PEGA's low-code/no-code capabilities, including flows, UI (sections, harnesses), activities, data models, and integrations.  Translate business requirements into technical specifications and implement them within the PEGA platform.  Develop and implement reusable components, frameworks, and enterprise-specific solutions. Business Process Management (BPM) Implementation:  Work closely with Bus…",2026-08-09T11:06:58Z,https://www.adzuna.in/details/5834375553?utm_medium=api&utm_source=f8f3e256,business analyst,2026-08-12T08:34:33.194951+00:00
Senior Software Developer CRMSSIS,Veripark,India,,,0,"We enable financial institutions to become digital leaders. As a professional team of global scale, we work with best clients for great and exciting projects, in an environment where we learn amazing things every day. Each code, each voice, each contribution, each challenge, each success is celebrated here. We welcome candidates who share our values, have the skills and are passionate to enjoy our journey to build the digital future of finance, together. We enable financial institutions to beco…",2026-08-09T20:41:10Z,https://www.adzuna.in/details/5834743987?utm_medium=api&utm_source=f8f3e256,business analyst,2026-08-12T08:34:33.194951+00:00
Senior Technology Business Analyst,Conduent,"Bangalore, Karnataka",,,0,"Through our dedicated associates, Conduent delivers mission-critical services and solutions on behalf of Fortune 100 companies and over 500 governments - creating exceptional outcomes for our clients and the millions of people who count on them. You have an opportunity to personally thrive, make a difference and be part of a culture where individuality is noticed and valued every day. 1. Must have very good understanding of the healthcare payer space. 2. Must have a prior experience in implemen…",2026-08-09T11:07:17Z,https://www.adzuna.in/details/5834376757?utm_medium=api&utm_source=f8f3e256,business analyst,2026-08-12T08:34:33.194951+00:00
Principal Engineer - .NET Core / GenAI,Wells Fargo,"Hyderabad, Telangana",,,0,"About this role: Wells Fargo is seeking a Principal Engineer responsible for end-to-end technical architecture, design governance, and engineering leadership for cloud native platforms and performance testing capabilities. This role defines target state architectures, drives technology strategy, and acts as the technical authority across different teams in the Line of business. In this role, you will:  Act as an advisor to leadership to develop or influence applications, network, information se…",2026-08-09T11:10:13Z,https://www.adzuna.in/details/5834389379?utm_medium=api&utm_source=f8f3e256,business analyst,2026-08-12T08:34:33.194951+00:00
HRSD Functional Product Owner,Danaher Corporation,"Kolkata, West Bengal",,,0,"Bring more to life. At Danaher, our work saves lives. And each of us plays a part. Fueled by our culture of continuous improvement, we turn ideas into impact - innovating at the speed of life.? Our 60,000 associates work across the globe at more than 15 unique businesses within life sciences, diagnostics, and biotechnology.?? Are you ready to accelerate your potential and make a real difference? At Danaher, you can build an incredible career at a leading science and technology company, where we…",2026-08-09T11:07:26Z,https://www.adzuna.in/details/5834377313?utm_medium=api&utm_source=f8f3e256,business analyst,2026-08-12T08:34:33.194951+00:00
Lead Engineer - Software Test,Emerson,"Pune, Maharashtra",,,0,"In This Role, Your Responsibilities Will Be:  Leading quality assurance activities for desktop applications and connected device ecosystems, ensuring product quality, reliability, and performance.  Defining and driving test strategies, test plans, and quality processes aligned with project objectives, technical requirements, and business goals.  Reviewing and analyzing requirements, user stories, technical design documents, and specifications to identify test scenarios, quality risks, and cover…",2026-08-09T11:07:33Z,https://www.adzuna.in/details/5834377667?utm_medium=api&utm_source=f8f3e256,business analyst,2026-08-12T08:34:33.194951+00:00
Business Analyst 1-Ops,Oracle,"Bangalore, Karnataka",,,0,"Job Description The Partner Transaction Center (PTC) team is designed to be the primary team working directly with our partners to assist in standard and non-standard channel deals. They are responsible for understanding and orchestrating Oracle's Channel workflow and deal processes, as well as being the direct link between our distributors, partners and the channel sales team. This team is an extremely valuable asset to the Channel organisation to ensure a clear and concise linkage for pricing…",2026-08-09T11:09:45Z,https://www.adzuna.in/details/5834387716?utm_medium=api&utm_source=f8f3e256,business analyst,2026-08-12T08:34:33.194951+00:00
Lead Business Analyst - Product Owner-1,Mastercard,"Pune, Maharashtra",,,0,"Our Purpose _Mastercard powers economies and empowers people in 200 countries and territories worldwide. Together with our customers, we're helping build a sustainable economy where everyone can prosper. We support a wide range of digital payments choices, making transactions secure, simple, smart and accessible. Our technology and innovation, partnerships and networks combine to deliver a unique set of products and services that help people, businesses and governments realize their greatest po…",2026-08-09T11:09:19Z,https://www.adzuna.in/details/5834385382?utm_medium=api&utm_source=f8f3e256,business analyst,2026-08-12T08:34:33.194951+00:00
Principal Business Systems Analyst,Cornerstone onDemand,India,,,0,"Oracle Fusion Finance Systems Analyst (RTR) Cornerstone is seeking a Oracle Fusion Finance Systems Analyst with strong expertise in Oracle Fusion Financials and Oracle Fusion Tax to support and enhance end-to-end Financials and tax-related business processes. This role will own the functional configuration, production support, and continuous improvement of core financial and tax modules while leveraging Oracle Fusion's embedded AI and intelligent automation capabilities to improve accuracy, com…",2026-08-09T11:07:22Z,https://www.adzuna.in/details/5834377054?utm_medium=api&utm_source=f8f3e256,business analyst,2026-08-12T08:34:33.194951+00:00
Engineer - Software Test,Emerson,"Pune, Maharashtra",,,0,"In This Role, Your Responsibilities Will Be:  Testing and validating desktop applications and connected device ecosystems.  Reviewing and analyzing requirements, user stories, and design specifications to identify test scenarios, quality risks, and coverage gaps early in the development lifecycle.  Designing, developing, and maintaining comprehensive test strategies, test plans, test cases, test data, and test execution reports for functional and non-functional testing.  Performing manual and a…",2026-08-09T11:07:34Z,https://www.adzuna.in/details/5834377736?utm_medium=api&utm_source=f8f3e256,business analyst,2026-08-12T08:34:33.194951+00:00
App Dev & Support Engineer II,Conduent,"Bangalore, Karnataka",,,0,"Through our dedicated associates, Conduent delivers mission-critical services and solutions on behalf of Fortune 100 companies and over 500 governments - creating exceptional outcomes for our clients and the millions of people who count on them. You have an opportunity to personally thrive, make a difference and be part of a culture where individuality is noticed and valued every day. Job Description - Microsoft Power Platform Developer (Power Pages & Dataverse) We are looking for an experience…",2026-08-09T11:07:17Z,https://www.adzuna.in/details/5834376763?utm_medium=api&utm_source=f8f3e256,business analyst,2026-08-12T08:34:33.194951+00:00
Business Analyst,NetApp,"Bangalore, Karnataka",,,0,"Job Summary Job Summary: NetApp Business Analyst's work as part of a team that turn data into information, information into insight and insight into business decisions. You will utilize your strong technical and business competencies to examine the unique needs and concerns of business groups to develop relevant practices and procedures for preparing and sharing business reports. Essential Functions:  Develop analytics to drive insights from data to help business solve critical problem statemen…",2026-08-09T11:09:27Z,https://www.adzuna.in/details/5834385949?utm_medium=api&utm_source=f8f3e256,business analyst,2026-08-12T08:34:33.194951+00:00
Technical Business Analysis Engineer III,Conduent,"Bangalore, Karnataka",,,0,"Through our dedicated associates, Conduent delivers mission-critical services and solutions on behalf of Fortune 100 companies and over 500 governments - creating exceptional outcomes for our clients and the millions of people who count on them. You have an opportunity to personally thrive, make a difference and be part of a culture where individuality is noticed and valued every day. Role Overview The Technical Business Analyst will support the modernization of the CMdS Next Gen Provider Modul…",2026-08-09T11:07:16Z,https://www.adzuna.in/details/5834376716?utm_medium=api&utm_source=f8f3e256,business analyst,2026-08-12T08:34:33.194951+00:00
SAP BRIM  RAR,Cognizant,"Chennai, Tamil Nadu",,,0,"SAP BRIM JD SAP BRIM - (BRIM Heavy / OTC) Experience: 8 - 14 years Engagement: Contract / CWK / Vendor resource Location: India (Hybrid / Remote as per project needs) Role Summary We are looking for a Senior SAP BRIM Functional Consultant with strong hands-on experience in SAP BRIM across Subscription Billing, Convergent Invoicing, Revenue Recognition (RAR), and end-to-end Order-to-Cash (OTC) processes. This role is BRIM-first and suited for consultants who have owned BRIM solution design, conf…",2026-08-09T11:07:13Z,https://www.adzuna.in/details/5834376487?utm_medium=api&utm_source=f8f3e256,business analyst,2026-08-12T08:34:33.194951+00:00
Core Java Backend Developer - Assistance Vice President,Citigroup,"Pune, Maharashtra",,,0,"Job Overview: We are looking for an experienced Senior Java Developer with a strong background in financial applications. You will play a key role in developing, enhancing, and maintaining high-performance, secure, and scalable Java-based financial software solutions. In this role, you will be working closely with cross-functional teams, including product managers, business analysts, and architects, to deliver reliable solutions in a highly regulated environment. Key Responsibilities:  Design, …",2026-08-09T11:07:00Z,https://www.adzuna.in/details/5834375651?utm_medium=api&utm_source=f8f3e256,business analyst,2026-08-12T08:34:33.194951+00:00
Banking IGS: Business Execution Team - Business Analyst - Officer,Citigroup,"Mumbai, Maharashtra",,,0,"Banking IGS: Business Execution Team, Mumbai  Business Execution team is primarily involved in assisting Business Managers with -  Perform analysis to help the Business Manager and Senior Management Team to plan and strategize effectively.  Responsible for running and analyzing internal business metrics data (client revenue, returns, backlog management, client calling, exposure, risk capital, etc.) and wallet analysis.  Supporting various franchise initiatives and internal strategy presentation…",2026-08-09T11:07:04Z,https://www.adzuna.in/details/5834375885?utm_medium=api&utm_source=f8f3e256,business analyst,2026-08-12T08:34:33.194951+00:00
Banking - Business Analytics Analyst 1 - Officer,Citigroup,"Mumbai, Maharashtra",,,0,"Banking IGS: Business Execution Team, Mumbai  Business Execution team is primarily involved in assisting Business Managers with -  Perform analysis to help the Business Manager and Senior Management Team to plan and strategize effectively.  Responsible for running and analyzing internal business metrics data (client revenue, returns, backlog management, client calling, exposure, risk capital, etc.) and wallet analysis.  Supporting various franchise initiatives and internal strategy presentation…",2026-08-09T11:07:04Z,https://www.adzuna.in/details/5834375876?utm_medium=api&utm_source=f8f3e256,business analyst,2026-08-12T08:34:33.194951+00:00
Quality Assurance Engineer II,Pearson,"Bangalore, Karnataka",,,0,"Job Role: Quality Assurance Engineer II - Oracle ERP Testing(SCM & OTC) Job Location: Bengaluru (Hybrid - 3 days in Office/week) Looking for Quality Assurance Engineer II with experience in Oracle ERP Cloud/EBS testing, specializing in Supply Chain Management (SCM) and Order-to-Cash (OTC). The role focuses on ensuring the quality of Oracle ERP implementations through functional, integration, and end-to-end testing. Responsibilities:  3-6 years of QA experience with Oracle ERP Cloud or Oracle E-…",2026-08-09T11:09:52Z,https://www.adzuna.in/details/5834388390?utm_medium=api&utm_source=f8f3e256,business analyst,2026-08-12T08:34:33.194951+00:00
Sr. Business Analyst,Cognizant,"Bangalore, Karnataka",,,0,Job summary Serve as a senior business analyst in a hybrid work model applying deep expertise in Camunda BPM mainframe modernization telecom order management and eTOM framework to design scalable process solutions. Collaborate with cross functional teams to optimize portfolio and project management and create clear MS Visio documentation that drives continuous improvement for telecom operations and customer outcomes. Responsibilities  Lead end to end analysis of telecom order management process…,2026-08-09T11:07:13Z,https://www.adzuna.in/details/5834376427?utm_medium=api&utm_source=f8f3e256,business analyst,2026-08-12T08:34:33.194951+00:00
Business Analyst,Cognizant,"Bangalore, Karnataka",,,0,Job summary Serve as a seasoned business analyst with deep expertise in regulatory compliance and risk management partnering with stakeholders across a hybrid work model to modernize mainframe applications using Cobol CICS and DB2 ensuring robust business solutions that improve customer outcomes and strengthen organizational resilience through precise requirements analysis and strategic business insights. Responsibilities  Collaborate with cross functional stakeholders to elicit analyze and doc…,2026-08-09T11:07:13Z,https://www.adzuna.in/details/5834376437?utm_medium=api&utm_source=f8f3e256,business analyst,2026-08-12T08:34:33.194951+00:00
Applications Development Senior Programmer Analyst - Assistant Vice President,Citigroup,"Pune, Maharashtra",,,0,"We are looking for a Full stack core software engineer with deep understanding of Java  React and its ecosystems, and strong hands-on experience in building high-performing, scalable, enterprise-grade applications. You will be part of a talented software team that works on mission-critical applications. As a full stack core software engineer, your responsibilities include understanding user requirements and working with a development team on the design, implementation and delivery of Java  Reac…",2026-08-09T11:07:04Z,https://www.adzuna.in/details/5834375944?utm_medium=api&utm_source=f8f3e256,business analyst,2026-08-12T08:34:33.194951+00:00
Embedded Business Analyst,Carrier Corporation,"Kyasaram, Hyderabad",,,0,"Job Title – Embedded Business Analyst Preferred Location - Hyderabad, India Full time/Part Time - Full Time Build a career with confidence Carrier Global Corporation, global leader in intelligent climate and energy solutions is committed to creating solutions that matter for people and our planet for generations to come. From the beginning, we've led in inventing new technologies and entirely new industries. Today, we continue to lead because we have a world-class, diverse workforce that puts t…",2026-08-08T21:00:55Z,https://www.adzuna.in/details/5833604910?utm_medium=api&utm_source=f8f3e256,business analyst,2026-08-12T08:34:36.472873+00:00
SAP Commerce/Hybris Lead developer,Valtech,"Bangalore, Karnataka",,,0,"Why Valtech? We’re the experience innovation company - a trusted partner to the world’s most recognized brands. To our people we offer growth opportunities, a values -driven culture, international careers and the chance to shape the future of experience. The opportunity At Valtech, you’ll find an environment designed for continuous learning, meaningful impact, and professional growth. Whether you're pioneering new digital solutions, challenging conventional thinking or building the next generat…",2026-08-08T20:58:26Z,https://www.adzuna.in/details/5833601129?utm_medium=api&utm_source=f8f3e256,business analyst,2026-08-12T08:34:36.472873+00:00
Sr Associate - Digital AI Product Analyst,Amgen,"Hyderabad, Telangana",,,0,"ABOUT AMGEN Amgen harnesses the best of biology and technology to fight the world's toughest diseases, and make people's lives easier, fuller and longer. We discover, develop, manufacture and deliver innovative medicines to help millions of patients. Amgen helped establish the biotechnology industry more than 40 years ago and remains on the cutting-edge of innovation, using technology and human genetic data to push beyond what's known today. ABOUT THE ROLE Role Description: The Sr Associate - D…",2026-08-09T11:04:22Z,https://www.adzuna.in/details/5834364493?utm_medium=api&utm_source=f8f3e256,business analyst,2026-08-12T08:34:36.472873+00:00
Engineer - Software Test,Emerson,"Pune, Maharashtra",,,0,"Job Description In This Role, Your Responsibilities Will Be: Testing and validating desktop applications and connected device ecosystems. Reviewing and analyzing requirements, user stories, and design specifications to identify test scenarios, quality risks, and coverage gaps early in the development lifecycle. Designing, developing, and maintaining comprehensive test strategies, test plans, test cases, test data, and test execution reports for functional and non-functional testing. Performing …",2026-08-09T07:35:02Z,https://www.adzuna.in/details/5834208260?utm_medium=api&utm_source=f8f3e256,business analyst,2026-08-12T08:34:36.472873+00:00
Forward Deployed Engineers Zoho,Varthak,"Madivala, Bangalore",,,0,"Summary: We are seeking highly skilled Forward Deployed Engineers to join our dynamic technology team at Zoho, where innovation meets real-world impact. As a Forward Deployed Engineer, you will serve as a critical bridge between Zoho’s product development teams and enterprise clients, ensuring seamless implementation, optimization, and adoption of Zoho’s suite of software solutions. This role demands a unique blend of technical expertise, business acumen, and client-facing agility. You will wor…",2026-08-08T22:59:16Z,https://www.adzuna.in/details/5833756001?utm_medium=api&utm_source=f8f3e256,business analyst,2026-08-12T08:34:36.472873+00:00
Business Finance Senior Analyst,Deutsche Bank,India,,,0,"Job Description: In Scope of Position-Based Promotions Job Title: Business Finance Senior Analyst Location: Mumbai, India Role Description Individual Contributor Role within US Rates Business Finance team covering Product Control and Financial control functions. This role is based out in DIPL Mumbai and will be reporting to AVP / VP Business Finance Lead. Revenue control & Financial control responsibilities are segregated & well defined for each product / business lines. As a Business Finance p…",2026-08-08T21:01:30Z,https://www.adzuna.in/details/5833605581?utm_medium=api&utm_source=f8f3e256,business analyst,2026-08-12T08:34:36.472873+00:00
Associate Test Lead,Quality Engineering,India,,,0,"Seeking a Senior QA Automation Engineer with 5–7 years of experience in Manual Testing, API Testing, and UI Automation. The role involves test strategy, automation framework development, API validation, defect management, and collaboration with Agile teams to ensure high-quality software delivery. Key Responsibilities Analyze requirements and create test scenarios, test cases, and test data. Perform Functional, Integration, System, Regression, and UAT testing. Design, develop, and maintain auto…",2026-08-08T21:01:27Z,https://www.adzuna.in/details/5833605542?utm_medium=api&utm_source=f8f3e256,business analyst,2026-08-12T08:34:36.472873+00:00
Sr. Business Systems Analyst,GIA Services,"Mumbai, Maharashtra",,,0,"As a member of the Workday Global Business System team, the Sr. Business Analyst will liaise with IT, Finance, and Human Resources. Endorse new technology and foster organizational readiness, ii.) Optimize Workday ERP efficiency, iii.) Enable continuous process improvement, iv.) Drive cost reduction, and v.) Facilitate organizational growth. Engage with the business to provide technical guidance and oversight in the translation of complex business needs into requirements that can be used to des…",2026-08-08T21:00:42Z,https://www.adzuna.in/details/5833604574?utm_medium=api&utm_source=f8f3e256,business analyst,2026-08-12T08:34:36.472873+00:00
Senior Developer,Zensar Technologies,India,,,0,"Description Job Summary We are looking for a skilled and motivated Full Stack .NET Developer with Azure to join our team. The ideal candidate should have 4–5 years of experience in designing, developing, and maintaining scalable web applications using Microsoft technologies. The candidate should possess strong expertise in .NET Core, C#, Angular/React, SQL Server, and hands-on experience with Microsoft Azure cloud services. Key Responsibilities Design, develop, test, and maintain web applicatio…",2026-08-08T20:58:48Z,https://www.adzuna.in/details/5833601500?utm_medium=api&utm_source=f8f3e256,business analyst,2026-08-12T08:34:36.472873+00:00
Specialist - SAP-SAP Fiori,Bristlecone,"Pune, Maharashtra",,,0,"Description As an SAP Fiori Consultant, you will play a crucial role in driving the successful implementation and support of SAP Fiori solutions. Your expertise will be instrumental in enhancing the user experience and driving digital transformation within the organization. Working closely with cross-functional teams, you will contribute to the design, development, and deployment of innovative SAP Fiori applications, ensuring they align with business requirements and best practices. Responsibil…",2026-08-08T21:00:13Z,https://www.adzuna.in/details/5833603486?utm_medium=api&utm_source=f8f3e256,business analyst,2026-08-12T08:34:36.472873+00:00
Salesforce CRM Developer,Arrow,"Ahmedabad, Gujarat",,,0,"Position: Salesforce CRM Developer Job Description: Position Title: Salesforce CRM Developer Overview The Salesforce CRM Developer will be responsible for designing, developing, and implementing scalable and efficient Salesforce solutions to meet business needs across multiple regions and business units. This role requires strong technical expertise in Salesforce development, integration, and platform configuration, along with the ability to collaborate effectively with cross-functional teams i…",2026-08-08T21:00:07Z,https://www.adzuna.in/details/5833603359?utm_medium=api&utm_source=f8f3e256,business analyst,2026-08-12T08:34:36.472873+00:00
Head of Application - Life Asia (PLUK),Prudential,India,,,0,"Prudential’s purpose is to be partners for every life and protectors for every future. Our purpose encourages everything we do by creating a culture in which diversity is celebrated and inclusion assured, for our people, customers, and partners. We provide a platform for our people to do their best work and make an impact to the business, and we support our people’s career ambitions. We pledge to make Prudential a place where you can Connect, Grow, and Succeed. Candidate is to understand LifeAs…",2026-08-08T20:59:12Z,https://www.adzuna.in/details/5833602176?utm_medium=api&utm_source=f8f3e256,business analyst,2026-08-12T08:34:36.472873+00:00
Senior Financial Analyst – Business Planning & Consolidations,Sandoz,India,,,0,"Job Description Summary Sandoz continues to go through an exciting and transformative period as a global leader and pioneering provider of sustainable Biosimilar and Generic medicines. As we continue down this new and ambitious path, unique opportunities will present themselves, both professionally and personally. Join us, the future is ours to shape! Sandoz become a standalone organization! As a global market leader in Generics and Biosimilar medicine, Sandoz is stepping forward from a positio…",2026-08-08T20:59:09Z,https://www.adzuna.in/details/5833602061?utm_medium=api&utm_source=f8f3e256,business analyst,2026-08-12T08:34:36.472873+00:00
Technical Business Analysis Engineer III,Conduent,"Bangalore, Karnataka",,,0,"Description Role Overview The Technical Business Analyst will support the modernization of the CMdS Next Gen Provider Module, focusing on provider enrollment, validation, revalidation, and end-to-end provider lifecycle management. This role bridges business requirements and technical implementation, ensuring alignment between functional needs, system design, data flows, and integration components across the platform. Core Qualifications and Responsibilities · Minimum of 6 years of experience as…",2026-08-08T20:58:58Z,https://www.adzuna.in/details/5833601742?utm_medium=api&utm_source=f8f3e256,business analyst,2026-08-12T08:34:36.472873+00:00
Salesforce QA- Manager,PricewaterhouseCoopers,India,,,0,"Industry/Sector Not Applicable Specialism Salesforce Management Level Manager Job Description & Summary The Opportunity Join our Acceleration Center India and help shape the future of business for our diverse client portfolio across geographies and jurisdictions. You’ll work at the heart of global teams across Advisory, Assurance, Tax and Business Services—solving real client challenges through connected collaboration. We’ll help you grow your skills so you can go further. With hands-on learnin…",2026-08-08T20:58:58Z,https://www.adzuna.in/details/5833601765?utm_medium=api&utm_source=f8f3e256,business analyst,2026-08-12T08:34:36.472873+00:00
Axiom CV Developer,ADTM Adenza Technology de Mexico S de RL de CV,"Pune, Maharashtra",,,0,"Nasdaq Technology is looking for a passionate Senior Analyst with focus on Axiom ControllerView, to join the Pune technology center in India. If Innovation and effectiveness drive, you forward this is the place for you! Nasdaq is continuously revolutionizing markets and undergoing transformations while we adopt new technologies to develop innovative solutions, constantly aiming to rewrite tomorrow. As a Senior Analyst, you will be responsible to develop, configure and maintain Axiom ControllerV…",2026-08-08T21:00:40Z,https://www.adzuna.in/details/5833604516?utm_medium=api&utm_source=f8f3e256,business analyst,2026-08-12T08:34:36.472873+00:00
Salesforce Data Cloud Agentforce -Senior Associate,PricewaterhouseCoopers,India,,,0,"Industry/Sector Not Applicable Specialism Salesforce Management Level Senior Associate Job Description & Summary The Opportunity Join our Acceleration Center India and help shape the future of business for our diverse client portfolio across geographies and jurisdictions. You’ll work at the heart of global teams across Advisory, Assurance, Tax and Business Services—solving real client challenges through connected collaboration. We’ll help you grow your skills so you can go further. With hands-o…",2026-08-08T21:01:59Z,https://www.adzuna.in/details/5833606079?utm_medium=api&utm_source=f8f3e256,business analyst,2026-08-12T08:34:36.472873+00:00
ServiceNow Business Analyst,Zensar Technologies,"Pune, Maharashtra",,,0,"Description seeking an experienced Senior ServiceNow Business Analyst / Integration Lead to drive the transformation of Clinical Device Management, Field Service Management, Procurement Operations, and Enterprise Asset Management onto the ServiceNow platform for a global healthcare and field services client. This is a highly visible client-facing role responsible for business analysis, solution design, integration governance, requirements management, testing, stakeholder engagement, and deliver…",2026-08-08T20:57:56Z,https://www.adzuna.in/details/5833600581?utm_medium=api&utm_source=f8f3e256,business analyst,2026-08-12T08:34:36.472873+00:00
Test Engineer,Quality Engineering,India,,,0,"Analyse Business Requirement Documents (BRD), Functional Requirement Specifications (FRS), and User Stories. * Prepare and execute Test Scenarios, Test Cases, and Test Data. * Perform Functional, Integration, System, Regression, and User Acceptance Testing (UAT). * Validate Life Insurance business processes such as: * New Business / Policy Issuance * Underwriting * Premium Collection * Policy Servicing * Claims Processing * Renewal and Surrender processes * Raise, track, retest, and close defec…",2026-08-08T20:58:36Z,https://www.adzuna.in/details/5833601268?utm_medium=api&utm_source=f8f3e256,business analyst,2026-08-12T08:34:36.472873+00:00
"Software Engineer, Playwright",Natwest Group,"Bangalore, Karnataka",,,0,"Join us as a Software Engineer This is an opportunity for a driven Software Engineer to take on an exciting new career challenge Day-to-day, you'll build a wide network of stakeholders of varying levels of seniority It’s a chance to hone your existing technical skills and advance your career We're offering this role at associate vice president level What you'll do In your new role, you’ll engineer and maintain innovative, customer centric, high performance, secure and robust solutions. You’ll b…",2026-08-08T20:56:29Z,https://www.adzuna.in/details/5833598780?utm_medium=api&utm_source=f8f3e256,business analyst,2026-08-12T08:34:36.472873+00:00
Senior Support Engineer,London Stock Exchange Group,India,,,0,"Job Description We're looking for an exceedingly talented Senior Support Engineer to work as part of the Risk Intelligence Engineering Support team. As a Senior Support Engineer in the team, you’ll be responsible for the technical direction of our Risk Products, ensuring that we are using appropriate technologies and helping drive initiatives to bring customer value and efficiency in operation. You’ll work closely with architects to ensure that technical choices are aligned with the overall arc…",2026-08-08T20:58:08Z,https://www.adzuna.in/details/5833600774?utm_medium=api&utm_source=f8f3e256,business analyst,2026-08-12T08:34:36.472873+00:00
Vlocity Platform Senior Developer,Jobgether,India,,,0,"This position is listed on behalf of a partner company, who manages all applications and next steps. Our partner is looking for a Vlocity Platform Senior Developer based in India. We are seeking an experienced Vlocity Platform Senior Developer to design, develop, and deliver scalable Salesforce-based solutions for enterprise transformation initiatives. This role focuses on implementing Vlocity capabilities, building integrations, and supporting complex CRM projects within a collaborative Agile …",2026-08-08T20:56:46Z,https://www.adzuna.in/details/5833599140?utm_medium=api&utm_source=f8f3e256,business analyst,2026-08-12T08:34:36.472873+00:00
HRSD Functional Product Owner,Danaher,India,,,0,"Bring more to life. At Danaher, our work saves lives. And each of us plays a part. Fueled by our culture of continuous improvement, we turn ideas into impact – innovating at the speed of life. Our 60,000 associates work across the globe at more than 15 unique businesses within life sciences, diagnostics, and biotechnology. Are you ready to accelerate your potential and make a real difference? At Danaher, you can build an incredible career at a leading science and technology company, where we’re…",2026-08-08T20:57:48Z,https://www.adzuna.in/details/5833600438?utm_medium=api&utm_source=f8f3e256,business analyst,2026-08-12T08:34:36.472873+00:00
Team Leader/Manager - Market Intelligence & Advisory,Ahead,India,,,0,"AHEAD builds platforms for digital business. By weaving together advances in cloud infrastructure, automation and analytics, and software delivery, we help enterprises deliver on the promise of digital transformation. At AHEAD, we prioritize creating a culture of belonging, where all perspectives and voices are represented, valued, respected, and heard. We create spaces to empower everyone to speak up, make change, and drive the culture at AHEAD. We are an equal opportunity employer, and do not…",2026-08-08T20:57:34Z,https://www.adzuna.in/details/5833600153?utm_medium=api&utm_source=f8f3e256,business analyst,2026-08-12T08:34:36.472873+00:00
Senior Consultant - SAP-SAP ABAP APO,Bristlecone,"Pune, Maharashtra",,,0,"Description As a Senior Consultant, you will play a pivotal role in driving the success of our SAP APO projects. Your primary focus will be on developing, enhancing, and supporting SAP APO applications, ensuring seamless integration with SAP ECC and SAP S/4HANA landscapes. Your expertise will be instrumental in delivering high-quality solutions to our clients, contributing to the overall growth and reputation of Bristlecone India Limited. Responsibilities Lead and mentor a team of SAP ABAP APO …",2026-08-08T20:57:15Z,https://www.adzuna.in/details/5833599735?utm_medium=api&utm_source=f8f3e256,business analyst,2026-08-12T08:34:36.472873+00:00
Custom Software Engineer,Accenture,India,,,0,"Project Role : Custom Software Engineer Project Role Description : Design, build and configure applications to meet business process and application requirements. Must have skills : SAP ABAP Cloud Good to have skills : NA Minimum 3 year(s) of experience is required Educational Qualification : 15 years full time education Key Responsibilities: Design and Develop ABAP Cloud Applications: This includes designing, building, and configuring ABAP Cloud applications, APIs, and integrations. Implement …",2026-08-08T20:57:09Z,https://www.adzuna.in/details/5833599593?utm_medium=api&utm_source=f8f3e256,business analyst,2026-08-12T08:34:36.472873+00:00
Internal Audit-Bengaluru-Senior Analyst-Business Audit,Goldman Sachs,"Bangalore, Karnataka",,,0,"Description C&T - BA The Goldman Sachs Group, Inc. is a leading global financial services firm providing investment banking, securities and investment management services to a substantial and diversified client base that includes corporations, financial institutions, governments and high-net-worth individuals. The firm is headquartered in New York and maintains offices in London, Frankfurt, Tokyo, Bangalore, Hong Kong and other major financial centers around the world. Divisional Overview: The …",2026-08-08T20:56:47Z,https://www.adzuna.in/details/5833599155?utm_medium=api&utm_source=f8f3e256,business analyst,2026-08-12T08:34:36.472873+00:00
Engineer II MW Engineer - Camunda BPM,GCC India,"Hyderabad, Telangana",,,0,"Where Ambition Meets Innovation At LPL’s Global Capability Center , you'll find a collaborative culture where your voice matters, integrity guides every decision, and technology fuels progress. Your skills, talents, and ideas will redefine what's possible. LPL's success reflects its exceptional employees, who together pursue one noble purpose: empowering financial advisors to deliver personalized advice for all who need it. We’re proud to be expanding and reaching new heights in Hyderabad. Join…",2026-08-08T20:56:32Z,https://www.adzuna.in/details/5833598850?utm_medium=api&utm_source=f8f3e256,business analyst,2026-08-12T08:34:36.472873+00:00
"Software Engineer, AVP",Natwest Group,"Chennai, Tamil Nadu",,,0,"Join us as a Software Engineer This is an opportunity for a driven Software Engineer to take on an exciting new career challenge Day-to-day, you'll build a wide network of stakeholders of varying levels of seniority It’s a chance to hone your existing technical skills and advance your career We're offering this role at associate vice president level What you'll do In your new role, you’ll engineer and maintain innovative, customer centric, high performance, secure and robust solutions. You’ll b…",2026-08-08T20:57:20Z,https://www.adzuna.in/details/5833599833?utm_medium=api&utm_source=f8f3e256,business analyst,2026-08-12T08:34:36.472873+00:00
Senior Software Engineer,Verisk Analytics,"Hyderabad, Telangana",,,0,"Description We are seeking a Senior Software Engineer 1/2 with strong Guidewire ClaimCenter expertise to design, develop, and maintain our enterprise claims management platform. You will work on complex claim workflows, integrations, and business logic while collaborating with cross-functional teams including Business Analysts, QA, Product Owners, and Claims Operations. This role requires deep technical skills in Guidewire development and solid understanding of insurance claims processes (FNOL,…",2026-08-08T20:56:09Z,https://www.adzuna.in/details/5833598429?utm_medium=api&utm_source=f8f3e256,business analyst,2026-08-12T08:34:36.472873+00:00
Business Analyst,Accenture,India,,,0,"Project Role : Business Analyst Project Role Description : Analyze an organization and design its processes and systems, assessing the business model and its integration with technology. Assess current state, identify customer requirements, and define the future state and/or business solution. Research, gather and synthesize information. Must have skills : Charles River Order & Execution Management OEMS Trading Good to have skills : Charles River Portfolio Management & Risk Analytics, Charles R…",2026-08-08T20:56:07Z,https://www.adzuna.in/details/5833598407?utm_medium=api&utm_source=f8f3e256,business analyst,2026-08-12T08:34:36.472873+00:00
Business Analyst- Senior Manager,State Street,"Bangalore, Karnataka",,,0,"Manager – Business Analyst / Product Owner (RMS) Location Bangalore, India Role Summary We are seeking an experienced Manager – Business Analyst / Product Owner to lead business analysis, product ownership, and stakeholder engagement for the Revenue Management System (RMS) platform. This role will act as the bridge between business stakeholders, operations teams, and technology teams to drive product enhancements, strategic initiatives, process optimization, and delivery execution. The ideal ca…",2026-08-08T20:55:42Z,https://www.adzuna.in/details/5833597902?utm_medium=api&utm_source=f8f3e256,business analyst,2026-08-12T08:34:36.472873+00:00
Senior Business Analyst,Broadridge,India,,,0,"At Broadridge, we've built a culture where the highest goal is to empower others to accomplish more. If you’re passionate about developing your career, while helping others along the way, come join the Broadridge team. Below is the high-level job description that we will be looking forward as part of the hiring process: - 3–4 years of industry experience preferably in Capital Markets domain for one profile - Knowledge Fixed Income Brokerage Operations, Clearance and Settlement, Understanding of…",2026-08-08T20:55:32Z,https://www.adzuna.in/details/5833597646?utm_medium=api&utm_source=f8f3e256,business analyst,2026-08-12T08:34:36.472873+00:00
Data Reporting & Visualisation Lead,dentsu,India,,,0,"Job Description: Location - Bengaluru, Pune, Mumbai Experience - 8-12 Years Hub Reporting Lead / Supervisor Reports to - Reporting Director, Team - Data Reporting & Visualisation Role Purpose The Hub Reporting Lead / Supervisor shapes how the Reporting Hub approaches report design and data structure, working closely with Reporting Director and the BA Reporting Analyst to translate business requirements into clear reporting specifications. The role is hands-on across Databricks and Power BI, and…",2026-08-08T20:55:18Z,https://www.adzuna.in/details/5833597316?utm_medium=api&utm_source=f8f3e256,business analyst,2026-08-12T08:34:36.472873+00:00
Business Analyst,Northern Trust,"Pune, Maharashtra",,,0,"About Northern Trust As a global leader in innovative wealth management, asset servicing, asset management and banking services, Northern Trust (Nasdaq: NTRS) is proud to guide the world’s most successful individuals, families, corporations and institutions. Since 1889, we have aligned our efforts with our three guiding Principles That Endure: Service, Expertise, and Integrity. Together, they reflect the three cornerstones of business conduct which we strive to instill in our employees, whom we…",2026-08-08T20:54:52Z,https://www.adzuna.in/details/5833596727?utm_medium=api&utm_source=f8f3e256,business analyst,2026-08-12T08:34:36.472873+00:00
Senior ServiceNow Business Analyst,Cubic,"Hyderabad, Telangana",,,0,"Business Unit: Cubic Transportation Systems Company Details: When you join Cubic, you become part of a company that creates and delivers technology solutions in transportation to make people’s lives easier by simplifying their daily journeys, and defense capabilities to help promote mission success and safety for those who serve their nation. Led by our talented teams around the world, Cubic is committed to solving global issues through innovation and service to our customers and partners. We h…",2026-08-08T20:53:54Z,https://www.adzuna.in/details/5833595725?utm_medium=api&utm_source=f8f3e256,business analyst,2026-08-12T08:34:36.472873+00:00
ERP Functional Analyst I,Arrow,"Bangalore, Karnataka",,,0,"Position: ERP Functional Analyst I Job Description: ERP Functional Analyst What You’ll Be Doing Serves as a functional expert in e Business Suite (EBS) applications deployed in following modules (Oracle Sales, Marketing, CPQ, Opportunity, OM) Has in depth knowledge in EBS R12 modules plus working knowledge of inventory, order management and Purchasing modules is needed. Exposure Oracle Eloqua is an added advantage Experience in providing production support for customizations and standard applic…",2026-08-08T20:54:49Z,https://www.adzuna.in/details/5833596680?utm_medium=api&utm_source=f8f3e256,business analyst,2026-08-12T08:34:36.472873+00:00
"Full Stack Principal Engineer (C#, React, Angular)",Dell Technologies,"Bangalore, Karnataka",,,0,"Description Full Stack Principal Engineer (C#, React, Angular) Be a part of a team that’s ensuring Dell Technologies' product integrity and customer satisfaction. Our IT Software Engineer team turns business requirements into technology solutions by designing, coding and testing/debugging applications, as well as documenting procedures for use and constantly seeking quality improvements. What you’ll achieve: As a Principal Engineer, you will design and implement critical services, lead complex …",2026-08-08T20:52:21Z,https://www.adzuna.in/details/5833593855?utm_medium=api&utm_source=f8f3e256,business analyst,2026-08-12T08:34:39.496536+00:00
"Associate Analyst, Catalog Operations",Priceline,"Mumbai, Maharashtra",,,0,"This role is eligible for our hybrid work model: Two days in-office. The Catalog Operations Team is a vital part of the Accommodations Division, responsible for accurately onboarding, activating, and readying Priceline's hotel supply for customers. By managing the end-to-end process of adding properties to our catalog and maintaining catalog quality, the team ensures a healthy selection of hotels for our customers. Why this job’s a big deal Your work will directly reduce customer contacts, cost…",2026-08-08T20:53:05Z,https://www.adzuna.in/details/5833594623?utm_medium=api&utm_source=f8f3e256,business analyst,2026-08-12T08:34:39.496536+00:00
Senior Salesforce Application Developer – Revenue Cloud(CPQ),Procore Technologies Construction,India,,,0,"We’re looking for a Senior Salesforce Developer(CPQ) to join Procore’s GTM Team. In this role, you'll be responsible for the architecture, development, administration, and maintenance of the Salesforce Sales and CPQ(Quote-to-Contract) ecosystem. This is a tremendous opportunity to build solutions that support the backbone operations of our business. As a Senior Salesforce Developer(CPQ), you’ll partner with Multiple Functional teams of Salesforce developers/Administrator/business analysts, and …",2026-08-08T20:53:19Z,https://www.adzuna.in/details/5833594916?utm_medium=api&utm_source=f8f3e256,business analyst,2026-08-12T08:34:39.496536+00:00
Software Engineer II,Tekion,India,,,0,"About Tekion: Positively disrupting an industry that has not seen any innovation in over 50 years, Tekion has challenged the paradigm with the first and fastest cloud-native automotive platform that includes the revolutionary Automotive Retail Cloud (ARC) for retailers, Automotive Enterprise Cloud (AEC) for manufacturers and other large automotive enterprises and Automotive Partner Cloud (APC) for technology and industry partners. Tekion connects the entire spectrum of the automotive retail eco…",2026-08-08T20:53:38Z,https://www.adzuna.in/details/5833595382?utm_medium=api&utm_source=f8f3e256,business analyst,2026-08-12T08:34:39.496536+00:00
Product Business Analyst – INTERFACES,Clearwater Analytics,"Bangalore, Karnataka",,,0,"The Team: The Product Business Analyst supports the development of straight-through processing (STP) solutions that integrate with third-party vendors associated with our clients, such as data providers, trade affirmation platforms, fund administrators, prime brokers, and custodians. The team is primarily focused on building data ingestion and export interfaces. The Role: This role reports to the India TPR Lead. As a product business analyst, you will contribute to building data ingestion and t…",2026-08-08T20:53:36Z,https://www.adzuna.in/details/5833595341?utm_medium=api&utm_source=f8f3e256,business analyst,2026-08-12T08:34:39.496536+00:00
Software Engineer (Onboarding),Delhi,"Mumbai, Maharashtra",,,0,"Key Responsibilities: Design, develop, and implement features for new and existing products, ensuring scalability and performance. Write clean, maintainable, and efficient code while following engineering best practices. Perform testing to ensure logic, syntax, and outputs are accurate and meet requirements. Collaborate with cross-functional teams, including product owners, business analysts, and QA, to deliver high-quality solutions. Contribute to the performance optimization and scalability o…",2026-08-08T20:51:02Z,https://www.adzuna.in/details/5833592551?utm_medium=api&utm_source=f8f3e256,business analyst,2026-08-12T08:34:39.496536+00:00
Lead programmer analyst,Alight Solutions,India,,,0,"Designation Lead programmer Analyst Key Expectations Own end-to-end technology delivery (System Analysis, Configuration, and Quality Assurance) for aligned benefits services or product lines. Provide technical leadership through high-level analysis, design oversight, and quality assurance sign-offs. Ensure smooth production deployments and stable transition of projects into operations. Mentor, coach, and develop Analysts and Senior Analysts to build strong technical capability. Balance client e…",2026-08-08T20:51:28Z,https://www.adzuna.in/details/5833592989?utm_medium=api&utm_source=f8f3e256,business analyst,2026-08-12T08:34:39.496536+00:00
"Senior Java Architect, VP II, State Street Investment Management",State Street,"Bangalore, Karnataka",,,0,"Why this role is important to us The team you will be joining is a part of State Street Investment Management, one of the largest asset managers in the world. We partner with many of the world’s largest, most sophisticated investors and financial intermediaries to help them reach their goals through a rigorous, research-driven investment process. With over four decades of experience and trillions of dollars in assets under management, we offer one of the broadest selections of services across a…",2026-08-08T20:53:31Z,https://www.adzuna.in/details/5833595193?utm_medium=api&utm_source=f8f3e256,business analyst,2026-08-12T08:34:39.496536+00:00
Business Analyst 4A,Genpact,India,,,0,"Business Analyst Ready to turn bold ideas into real-world impact? At Genpact, we don’t just adapt to change, we lead it. AI and digital innovation are transforming the way businesses work, and we’re at the forefront of it. Genpact’s AI Gigafactory , our industry-first accelerator, exemplifies how we scale advanced technology solutions to help global enterprises work smarter, grow faster, and transform at scale. Whether tackling complex challenges through large-scale models or agentic AI , our b…",2026-08-08T20:51:20Z,https://www.adzuna.in/details/5833592844?utm_medium=api&utm_source=f8f3e256,business analyst,2026-08-12T08:34:39.496536+00:00
Software Engineer - UI Developer,Natwest Group,"Bangalore, Karnataka",,,0,"Join us as a Software Engineer This is an opportunity for a driven Software Engineer to take on an exciting new career challenge You’ll have the opportunity to build a wide network of stakeholders of varying levels of seniority It’s a chance to hone your existing technical skills and advance your career We're offering this role at associate level What you'll do In your new role, you’ll engineer and maintain innovative, customer centric, high performance, secure and robust solutions. You’ll be w…",2026-08-08T20:49:03Z,https://www.adzuna.in/details/5833589607?utm_medium=api&utm_source=f8f3e256,business analyst,2026-08-12T08:34:39.496536+00:00
Associate SAP POM Consultant (IT Analyst),Dow Chemical,India,,,0,"At Dow, we believe in putting people first and we’re passionate about delivering integrity, respect and safety to our customers, our employees and the planet. Our people are at the heart of our solutions. They reflect the communities we live in and the world where we do business. Their diversity is our strength. We’re a community of relentless problem solvers that offers the daily opportunity to contribute with your perspective, transform industries and shape the future. Our purpose is simple -…",2026-08-08T20:50:45Z,https://www.adzuna.in/details/5833592237?utm_medium=api&utm_source=f8f3e256,business analyst,2026-08-12T08:34:39.496536+00:00
TM Business Analyst,Barclays,India,,,0,"Job Description Purpose of the role To support the organisation, achieve its strategic objectives by the identification of business requirements and solutions that address business problems and opportunities. Accountabilities Identification and analysis of business problems and client requirements that require change within the organisation. Development of business requirements that will address business problems and opportunities. Collaboration with stakeholders to ensure that proposed solutio…",2026-08-08T20:50:43Z,https://www.adzuna.in/details/5833592203?utm_medium=api&utm_source=f8f3e256,business analyst,2026-08-12T08:34:39.496536+00:00
Staff enterprise technology engineer,BP,India,,,0,"Entity: Technology Job Family Group: IT&S Group Job Description: As a Staff Enterprise Technology Engineer (Technical Lead) , you will play a key role in designing, developing, and maintaining robust, scalable serverless solutions that support bp’s Regulatory Reporting landscape. You will be responsible for ensuring the reliability, availability, performance, and resilience of critical reporting platforms that underpin bp’s global regulatory obligations. In this role, you will provide technical…",2026-08-08T20:50:35Z,https://www.adzuna.in/details/5833591997?utm_medium=api&utm_source=f8f3e256,business analyst,2026-08-12T08:34:39.496536+00:00
Senior Product Owner,Q2 Software,"Bangalore, Karnataka",,,0,"As passionate about our people as we are about our mission. Why Join Q2? Q2 is a leading provider of digital banking and lending solutions to banks, credit unions, alternative finance companies, and fintechs in the U.S. and internationally. Our mission is simple: build strong and diverse communities through innovative financial technology—and we do that by empowering our people to help create success for our customers. What Makes Q2 Special? Being as passionate about our people as we are about …",2026-08-08T20:50:10Z,https://www.adzuna.in/details/5833591262?utm_medium=api&utm_source=f8f3e256,business analyst,2026-08-12T08:34:39.496536+00:00
"Vice President, Technology Product Management (NE)",BlackRock,India,,,0,"About this role About this role We are seeking a Vice President of Product to help deliver and grow the Enterprise Data Platform (EDP). In this role, you will collaborate with product managers across EDP to develop the product vision and define the execution strategy. You will partner with engineering and program management teams to drive the delivery of these capabilities and help define, develop, and deliver the capabilities for our Unstructured Data domain. You will engage platform users to …",2026-08-08T20:49:21Z,https://www.adzuna.in/details/5833590022?utm_medium=api&utm_source=f8f3e256,business analyst,2026-08-12T08:34:39.496536+00:00
Consultant,Kantar,India,,,0,"We go beyond the obvious, using intelligence, passion and creativity to inspire new thinking and shape the world we live in. To start a career that is out of the ordinary, please apply Job Details Job Title :Data ScienceConsultant Job Location : Bengaluru Kantar is a data and evidence based advisory business providing information and recommendations to clients, worldwide. We help clients understand people and inspire growth. The world’s leading, tech enabled marketing data and analytics company…",2026-08-08T20:49:14Z,https://www.adzuna.in/details/5833589882?utm_medium=api&utm_source=f8f3e256,business analyst,2026-08-12T08:34:39.496536+00:00
Global Associate Director Business Analyst P&P Solutions,Sandoz,India,,,0,"Job Description Summary Sandoz continues to go through an exciting and transformative period as a global leader and pioneering provider of sustainable Biosimilar and Generic medicines. As we continue down this new and ambitious path, unique opportunities will present themselves, both professionally and personally. Join us, the future is ours to shape! The Business Analyst (Pipeline & Portfolio) plays a central role in bridging business stakeholders and delivery teams, translating complex cross-…",2026-08-08T20:49:03Z,https://www.adzuna.in/details/5833589626?utm_medium=api&utm_source=f8f3e256,business analyst,2026-08-12T08:34:39.496536+00:00
Senior ServiceNow Developer,GCC India,"Hyderabad, Telangana",,,0,"At LPL’s Global Capability Center , you'll find a collaborative culture where your voice matters, integrity guides every decision, and technology fuels progress. Your skills, talents, and ideas will redefine what's possible. LPL's success reflects its exceptional employees, who together pursue one noble purpose: empowering financial advisors to deliver personalized advice for all who need it. We’re proud to be expanding and reaching new heights in Hyderabad. Join us as we create something extra…",2026-08-08T20:49:01Z,https://www.adzuna.in/details/5833589548?utm_medium=api&utm_source=f8f3e256,business analyst,2026-08-12T08:34:39.496536+00:00
Visualisation & UX Lead,Barclays,India,,,0,"Job Description Purpose of the role To lead and manage engineering teams, providing technical guidance, mentorship, and support to ensure the delivery of high-quality software solutions, driving technical excellence, fostering a culture of innovation, and collaborating with cross-functional teams to align technical decisions with business objectives. Accountabilities Lead engineering teams effectively, fostering a collaborative and high-performance culture to achieve project goals and meet orga…",2026-08-08T20:48:44Z,https://www.adzuna.in/details/5833589029?utm_medium=api&utm_source=f8f3e256,business analyst,2026-08-12T08:34:39.496536+00:00
Senior Software Engineer (.NET / Windows Services)),London Stock Exchange Group,India,,,0,"Position Overview The Senior Software Engineer (.NET / Windows Services) is a technical leader responsible for designing, developing, and supporting mission-critical Windows Services, backend processing applications, and enterprise integration solutions built on Microsoft technologies. This role focuses on building highly reliable, scalable, and performant long-running services that support core business operations, data processing, system integrations, and automation workflows. The Senior Engi…",2026-08-08T20:53:49Z,https://www.adzuna.in/details/5833595623?utm_medium=api&utm_source=f8f3e256,business analyst,2026-08-12T08:34:39.496536+00:00
Junior Enterprise Technology Engineer,BP,India,,,0,"Entity: Technology Job Family Group: IT&S Group Job Description: As a Junior Enterprise Technology Engineer (Site Reliability Engineer) within bp’s Regulatory Reporting landscape, you will play a key role in ensuring the reliability, availability, and performance of critical reporting platforms that support bp’s global regulatory obligations. Operating at the intersection of engineering and production support, you will help ensure that regulatory data flows are accurate, timely, and resilient. …",2026-08-08T20:48:56Z,https://www.adzuna.in/details/5833589458?utm_medium=api&utm_source=f8f3e256,business analyst,2026-08-12T08:34:39.496536+00:00
Senior QA Engineer – ServiceNow,Genesys Telecom Labs India,India,,,0,"Be the one building AI-powered experiences where they matter most. At Genesys, we help organizations create better customer experiences through AI-powered experience orchestration. Our platform connects people, systems, data and AI to help organizations deliver more personalized service, improve operational efficiency and build stronger customer relationships. Help build, support and operate technology used by more than 8,000 organizations in over 100 countries – moving AI from possibility to p…",2026-08-08T20:47:51Z,https://www.adzuna.in/details/5833587912?utm_medium=api&utm_source=f8f3e256,business analyst,2026-08-12T08:34:39.496536+00:00
Gen AI Engineer,Barclays,India,,,0,"Job Description Purpose of the role To design, develop and improve software, utilising various engineering methodologies, that provides business, platform, and technology capabilities for our customers and colleagues. Accountabilities Development and delivery of high-quality software solutions by using industry aligned programming languages, frameworks, and tools. Ensuring that code is scalable, maintainable, and optimized for performance. Cross-functional collaboration with product managers, d…",2026-08-08T20:48:20Z,https://www.adzuna.in/details/5833588471?utm_medium=api&utm_source=f8f3e256,business analyst,2026-08-12T08:34:39.496536+00:00
Specialist - SAP-SAP ABAP APO,Bristlecone,"Pune, Maharashtra",,,0,"Description We are looking for a highly skilled and experienced SAP ABAP APO Consultant to lead and drive the development, enhancement, and support of SAP APO applications. The successful candidate will play a crucial role in integrating APO with SAP ECC and S/4HANA landscapes, ensuring seamless functionality and optimal performance. This role requires a deep understanding of SAP ABAP development and the ability to work closely with cross-functional teams to deliver innovative solutions. Respon…",2026-08-08T20:47:50Z,https://www.adzuna.in/details/5833587872?utm_medium=api&utm_source=f8f3e256,business analyst,2026-08-12T08:34:39.496536+00:00
Product and Pricing Master Modelling BA,London Stock Exchange Group,India,,,0,"ROLE SUMMARY We're transforming Finance at LSEG. As we move to Oracle Fusion and a single enterprise data model, we're simplifying processes, improving controls and creating stronger foundations for reporting and decision-making. As a Business Analyst, you'll help shape how Product and Pricing master data is managed across the Group. Working alongside Finance, Product, Technology and Operations teams, you'll turn business requirements into practical solutions that improve data quality, consiste…",2026-08-08T20:47:29Z,https://www.adzuna.in/details/5833587313?utm_medium=api&utm_source=f8f3e256,business analyst,2026-08-12T08:34:39.496536+00:00
Associate Data,MassMutual,India,,,0,"Who We Are – MassMutual India Since 1851, MassMutual’s commitment has always been to help people protect their families, support their communities, and help one another. Therefore, we want to inspire people to Live Mutual. We at MassMutual value diversity and inclusion. We’re people helping people A career with us means you will work alongside exceptional people and be empowered to reach your professional and personal goals. Our employees are the foundation of what makes MassMutual a strong, st…",2026-08-08T20:47:30Z,https://www.adzuna.in/details/5833587352?utm_medium=api&utm_source=f8f3e256,business analyst,2026-08-12T08:34:39.496536+00:00
Data Engineer - SSIS,KFintech,India,500000.0,700000.0,0,"Design, develop, and maintain SQL Server databases and SSIS ETL packages. • Create and optimize complex SQL queries, stored procedures, functions, triggers, and views. • Develop ETL processes to extract, transform, and load data from multiple data sources. • Monitor and troubleshoot SSIS package executions and resolve production issues. • Perform query optimization and database performance tuning. • Implement data validation, error handling, logging, and auditing mechanisms. • Develop increment…",2026-08-08T20:47:49Z,https://www.adzuna.in/details/5833587864?utm_medium=api&utm_source=f8f3e256,business analyst,2026-08-12T08:34:39.496536+00:00
Language Specialist - German Speaker,Friar Service India,India,,,0,"At Regnology our greatest asset is our people. We value diversity and foster an inclusive environment that supports learning, safety, and growth. By investing in our team, listening to customers, and encouraging creativity, we drive continuous innovation and improvement. We offer a flexible, innovative environment where your ideas matter and your career can thrive. Regnology is a global leader in regulatory reporting, helping financial institutions, regulators, and tax authorities improve data …",2026-08-08T20:47:35Z,https://www.adzuna.in/details/5833587549?utm_medium=api&utm_source=f8f3e256,business analyst,2026-08-12T08:34:39.496536+00:00
Finance Business Analyst,H.B. Fuller,"Pune, Maharashtra",,,0,"As the largest pureplay adhesives company in the world, H.B. Fuller’s (NYSE: FUL) innovative, functional coatings, adhesives and sealants enhance the quality, safety and performance of products people use every day. Founded in 1887, with 2025 revenue of $3.5 billion, our mission to Connect What Matters is brought to life by more than 7,100 global team members who collaborate with customers across more than 30 market segments in 150 countries to develop highly specified solutions that enable cus…",2026-08-08T20:43:30Z,https://www.adzuna.in/details/5833583053?utm_medium=api&utm_source=f8f3e256,business analyst,2026-08-12T08:34:39.496536+00:00
"Salesforce Developer, Quote-to-Cash",Genesys,India,,,0,"Be the one building AI-powered experiences where they matter most. At Genesys, we help organizations create better customer experiences through AI-powered experience orchestration. Our platform connects people, systems, data and AI to help organizations deliver more personalized service, improve operational efficiency and build stronger customer relationships. Help build, support and operate technology used by more than 8,000 organizations in over 100 countries – moving AI from possibility to p…",2026-08-08T20:47:28Z,https://www.adzuna.in/details/5833587247?utm_medium=api&utm_source=f8f3e256,business analyst,2026-08-12T08:34:39.496536+00:00
Research Analyst - Strategy 4D,Genpact,India,,,0,"Research Analyst - Strategy Ready to turn bold ideas into real-world impact? At Genpact, we don’t just adapt to change, we lead it. AI and digital innovation are transforming the way businesses work, and we’re at the forefront of it. Genpact’s AI Gigafactory , our industry-first accelerator, exemplifies how we scale advanced technology solutions to help global enterprises work smarter, grow faster, and transform at scale. Whether tackling complex challenges through large-scale models or agentic…",2026-08-08T20:47:32Z,https://www.adzuna.in/details/5833587450?utm_medium=api&utm_source=f8f3e256,business analyst,2026-08-12T08:34:39.496536+00:00
Process Manager,eClerx,"Pune, Maharashtra",,,0,"Description Business Analyst – KYC, AML & Sanctions Experience: 7 Years Location: Mumbai, India Role Overview We are looking for an experienced Business Analyst with strong domain expertise in KYC (Know Your Customer), AML (Anti-Money Laundering), and Sanctions screening . The ideal candidate will have proven experience in process mapping, optimization, and automation , and will play a key role in bridging business needs with technology solutions. This role requires someone who can translate co…",2026-08-08T20:47:22Z,https://www.adzuna.in/details/5833587141?utm_medium=api&utm_source=f8f3e256,business analyst,2026-08-12T08:34:39.496536+00:00
"Lead Developer, ServiceNow IRM Case Management",London Stock Exchange Group,India,,,0,"Role Purpose The Lead Developer - ServiceNow IRM will lead the technical design, development, configuration and ongoing enhancement of ServiceNow Integrated Risk Management solutions supporting LSEG's Anti Financial Crime and Operational Risk & Controls capabilities. This is a senior, hands-on development role requiring deep practical expertise across the ServiceNow IRM product suite, including risk, control, issue, action, assessment, evidence, case and workflow management capabilities. The ro…",2026-08-08T20:47:28Z,https://www.adzuna.in/details/5833587263?utm_medium=api&utm_source=f8f3e256,business analyst,2026-08-12T08:34:39.496536+00:00
Sr. IT Quality Engineer - Day Shift,GIA Services,India,,,0,"The Senior IT Quality Engineer is responsible for the end-to-end quality of complex business applications, ensuring they meet rigorous functional and performance standards. This role involves a balanced combination of manual exploratory testing and the development of robust automation suites using Playwright. The Senior Engineer works closely with developers and product teams to identify risks early, design comprehensive test plans, and manage defects through the full SDLC using Jira and X-ray.…",2026-08-08T20:46:32Z,https://www.adzuna.in/details/5833586309?utm_medium=api&utm_source=f8f3e256,business analyst,2026-08-12T08:34:39.496536+00:00
Senior Technology Business Analyst,Conduent,"Bangalore, Karnataka",,,0,"Description 1. Must have very good understanding of the healthcare payer space. 2. Must have a prior experience in implementing/maintenance of commercial payer solution and/or Medicaid system (MMIS) 3. Must have good experience with claims processing and adjudication concepts, along with the member enrolment and care management concepts. 4. Must be able to work with the clients to create/gather requirements and document them according to standards. 5. Candidate will have the responsibility of I…",2026-08-08T20:44:23Z,https://www.adzuna.in/details/5833583836?utm_medium=api&utm_source=f8f3e256,business analyst,2026-08-12T08:34:39.496536+00:00
IN_Senior Associate_QA Automation_App Tech_Advisory_Hyderabad,PricewaterhouseCoopers,India,,,0,"Line of Service Advisory Industry/Sector Not Applicable Specialism Operations Management Level Senior Associate Job Description & Summary At PwC, our people in business application consulting specialise in consulting services for a variety of business applications, helping clients optimise operational efficiency. These individuals analyse client needs, implement software solutions, and provide training and support for seamless integration and utilisation of business applications, enabling clien…",2026-08-08T20:44:09Z,https://www.adzuna.in/details/5833583646?utm_medium=api&utm_source=f8f3e256,business analyst,2026-08-12T08:34:39.496536+00:00
Product Definition Analyst 4,Amadeus,"Bangalore, Karnataka",,,0,"Job Title Product Definition Analyst 4 Experience: 9 Years Key Responsibilities Gather, analyze, and document business requirements. Create BRDs, FRS, user stories, process flows, and functional specifications. Conduct impact analysis, feasibility studies, and solution design discussions. Collaborate with business stakeholders, Product Owners, Development, and QA teams. Participate in Agile ceremonies and manage requirements throughout the SDLC. Support UAT, defect triage, and production valida…",2026-08-08T20:44:35Z,https://www.adzuna.in/details/5833584155?utm_medium=api&utm_source=f8f3e256,business analyst,2026-08-12T08:34:39.496536+00:00
BA - Power Systems,Capco,India,,,0,"Job Title: BA - Power Systems Domain About Us “Capco, a Wipro company, is a global technology and management consulting firm. Awarded with Consultancy of the year in the British Bank Award and has been ranked Top 100 Best Companies for Women in India 2022 by Avtar & Seramount . With our presence across 32 cities across globe, we support 100 clients across banking, financial and Energy sectors. We are recognized for our deep transformation execution and delivery. WHY JOIN CAPCO? You will work on…",2026-08-08T20:44:59Z,https://www.adzuna.in/details/5833584616?utm_medium=api&utm_source=f8f3e256,business analyst,2026-08-12T08:34:39.496536+00:00
Senior Architect - ServiceNow AI-1,ZEISS,"Bangalore, Karnataka",,,0,"ZEISS in India ZEISS in India is headquartered in Bengaluru and present in the fields of Industrial Quality Solutions, Research Microscopy Solutions, Medical Technology, Vision Care and Sports & Cine Optics. ZEISS India has 3 production facilities, R&D center, Global IT services and about 40 Sales & Service offices in almost all Tier I and Tier II cities in India. With 2200 employees and continued investments over 25 years in India, ZEISS’ success story in India is continuing at a rapid pace. F…",2026-08-08T20:46:34Z,https://www.adzuna.in/details/5833586365?utm_medium=api&utm_source=f8f3e256,business analyst,2026-08-12T08:34:39.496536+00:00
Automation Test Engineer-1,Private Limited,India,,,0,"About the Company Embitel Technologies is a Volkswagen AG (VW) Group Company. VW is a German multinational automotive manufacturing corporation headquartered in Wolfsburg, Germany. VW is one of the world’s largest automaker by sales. VW sold 10.9 million vehicles in 2019. The group comprises of 12 brands from seven European Countries: Volkswagen, Audi, Lamborghini, Porsche, Bugatti, Bentley, Ducati (motorcycles), Skoda, SEAT, Scania, MAN and Volkswagen commercial vehicles. Job Description: Desi…",2026-08-08T20:45:51Z,https://www.adzuna.in/details/5833585403?utm_medium=api&utm_source=f8f3e256,business analyst,2026-08-12T08:34:39.496536+00:00
Sharepoint/ Power Platform BA,Capco,India,,,0,"Job Title: Sharepoint/ Power Platform BA About Us “Capco, a Wipro company, is a global technology and management consulting firm. Awarded with Consultancy of the year in the British Bank Award and has been ranked Top 100 Best Companies for Women in India 2022 by Avtar & Seramount . With our presence across 32 cities across globe, we support 100 clients across banking, financial and Energy sectors. We are recognized for our deep transformation execution and delivery. WHY JOIN CAPCO? You will wor…",2026-08-08T20:45:56Z,https://www.adzuna.in/details/5833585531?utm_medium=api&utm_source=f8f3e256,business analyst,2026-08-12T08:34:39.496536+00:00
App Dev & Support Engineer II,Conduent,"Bangalore, Karnataka",,,0,"Description Job Description – Microsoft Power Platform Developer (Power Pages & Dataverse) We are looking for an experienced Microsoft Power Platform Developer with 3 years of hands-on experience in designing and developing enterprise solutions using Microsoft Power Platform. The candidate should have strong expertise in Power Pages, Power Apps, Power Automate, and Microsoft Dataverse, along with web development skills to build secure, scalable, and user-friendly applications. Key Responsibilit…",2026-08-08T20:46:19Z,https://www.adzuna.in/details/5833585919?utm_medium=api&utm_source=f8f3e256,business analyst,2026-08-12T08:34:39.496536+00:00
FileNet & DOJO Developer,CGI,India,,,0,"Position Description: Founded in 1976, CGI is among the largest independent IT and business consulting services firms in the world. With 94,000 consultants and professionals across the globe, CGI delivers an end-to-end portfolio of capabilities, from strategic IT and business consulting to systems integration, managed IT and business process services and intellectual property solutions. CGI works with clients through a local relationship model complemented by a global delivery network that help…",2026-08-08T20:45:01Z,https://www.adzuna.in/details/5833584646?utm_medium=api&utm_source=f8f3e256,business analyst,2026-08-12T08:34:39.496536+00:00
Senior Integration Software Engineer,Chevron,"Bangalore, Karnataka",,,0,"Total Number of Openings 1 The Chevron Engineering and Innovation Excellence Center (ENGINE) in Bengaluru India brings together the resources and expertise of the Chevron global network with talent in India to enhance agility and technological innovation to optimize solutions for the world’s current and future energy challenges. As one of the leading energy providers worldwide, Chevron is involved in the production of crude oil and natural gas, manufacturing of transportation fuels, lubricants,…",2026-08-08T20:41:45Z,https://www.adzuna.in/details/5833581591?utm_medium=api&utm_source=f8f3e256,business analyst,2026-08-12T08:34:42.716293+00:00
QA CLM Test Manager,Orion Innovation,India,,,0,"Orion Innovation is a premier, award-winning, global business and technology services firm. Orion delivers game-changing business transformation and product development rooted in digital strategy, experience design, and engineering, with a unique combination of agility, scale, and maturity. We work with a wide range of clients across many industries including financial services, professional services, telecommunications and media, consumer products, automotive, industrial automation, profession…",2026-08-08T20:40:18Z,https://www.adzuna.in/details/5833580383?utm_medium=api&utm_source=f8f3e256,business analyst,2026-08-12T08:34:42.716293+00:00
Analyst - Business Services,Apex Group,India,,,0,"The Apex Group was established in Bermuda in 2003 and is now one of the world’s largest fund administration and middle office solutions providers. Our business is unique in its ability to reach globally, service locally and provide cross-jurisdictional services. With our clients at the heart of everything we do, our hard-working team has successfully delivered on an unprecedented growth and transformation journey, and we are now represented by over circa 13,000 employees across 112 offices worl…",2026-08-08T20:39:53Z,https://www.adzuna.in/details/5833580112?utm_medium=api&utm_source=f8f3e256,business analyst,2026-08-12T08:34:42.716293+00:00
Business Analyst 1-Ops,Oracle,"Bangalore, Karnataka",,,0,"Description The Partner Transaction Center (PTC) team is designed to be the primary team working directly with our partners to assist in standard and non-standard channel deals. They are responsible for understanding and orchestrating Oracle's Channel workflow and deal processes, as well as being the direct link between our distributors, partners and the channel sales team. This team is an extremely valuable asset to the Channel organisation to ensure a clear and concise linkage for pricing, co…",2026-08-08T20:39:24Z,https://www.adzuna.in/details/5833579607?utm_medium=api&utm_source=f8f3e256,business analyst,2026-08-12T08:34:42.716293+00:00
Senior Financial Analyst,Hewlett Packard Enterprise,"Bangalore, Karnataka",,,0,"Senior Financial Analyst This role has been designed as 'Hybrid' with a requirement that you will work on average 2 days per week from an HPE office. Who We Are: Hewlett Packard Enterprise is the global edge-to-cloud company advancing the way people live and work. We help companies connect, protect, analyze, and act on their data and applications wherever they live, from edge to cloud, so they can turn insights into outcomes at the speed required to thrive in today’s complex world. Our culture …",2026-08-08T20:39:23Z,https://www.adzuna.in/details/5833579589?utm_medium=api&utm_source=f8f3e256,business analyst,2026-08-12T08:34:42.716293+00:00
"Expert, Finance Business Partnering",IN RSM Randstad Enterprise,India,,,0,"Every year, we help hundreds of thousands of people find rewarding jobs in the ever-changing world of work. We understand the importance of a job in peoples lifes and we want to help them find work that feels good. And we’ll help them continue to grow as their needs and ambitions change. At Randstad, our value comes from our people and that is why we put them first. We are proud of our learning culture and career architecture framework that encourages ours team to develop both personally and pr…",2026-08-08T20:39:03Z,https://www.adzuna.in/details/5833579253?utm_medium=api&utm_source=f8f3e256,business analyst,2026-08-12T08:34:42.716293+00:00
"Principle Software engineer , PS",Elemica Solutions,"Hyderabad, Telangana",,,0,"Principle Software engineer , PS Our Business Elemica offers a state-of-the-art supply chain operating network in the areas of customer & supplier management and logistics— promoting new levels of efficiency and profitability for a leaner and more fully optimized supply chain. Elemica’ s clients achieve significant value from reduced cost of operations, faster process execution with fewer resources through the automation of key business processes, removal of transactional barriers, and seamless…",2026-08-08T20:38:31Z,https://www.adzuna.in/details/5833578585?utm_medium=api&utm_source=f8f3e256,business analyst,2026-08-12T08:34:42.716293+00:00
Platform Business Analyst-Servicenow,Roche,India,,,0,"At Roche you can show up as yourself, embraced for the unique qualities you bring. Our culture encourages personal expression, open dialogue, and genuine connections, where you are valued, accepted and respected for who you are, allowing you to thrive both personally and professionally. This is how we aim to prevent, stop and cure diseases and ensure everyone has access to healthcare today and for generations to come. Join Roche, where every voice matters. The Position Business Analyst - Busine…",2026-08-08T20:38:29Z,https://www.adzuna.in/details/5833578562?utm_medium=api&utm_source=f8f3e256,business analyst,2026-08-12T08:34:42.716293+00:00
Senior Full Stack Developer,CAI,"Bangalore, Karnataka",,,0,"Senior Full Stack Developer Req number: R6690 Employment type: Full time Worksite flexibility: Hybrid Who we are CAI is a global services firm with over 9,000 associates worldwide and a yearly revenue of $1.3 billion. We have over 40 years of excellence in uniting talent and technology to power the possible for our clients, colleagues, and communities. As a privately held company, we have the freedom and focus to do what is right—whatever it takes. Our tailor-made solutions create lasting resul…",2026-08-08T20:38:20Z,https://www.adzuna.in/details/5833578363?utm_medium=api&utm_source=f8f3e256,business analyst,2026-08-12T08:34:42.716293+00:00
"Specialist, Business Analysis",BetaNXT,India,,,0,"Job Posting Title: Specialist, Business Analysis Level/Function: Specialist, Business Analysis Overview The Alternative Investments Business Analyst (BA) partners with Product Managers, Product Owners, and other BAs to help transform and scale the solution suite. The BA will translate business objectives into well-formed backlog items, ensure shared understanding across onshore and offshore development and QA teams, and uphold delivery quality through strong requirements discipline, data insigh…",2026-08-08T20:38:20Z,https://www.adzuna.in/details/5833578356?utm_medium=api&utm_source=f8f3e256,business analyst,2026-08-12T08:34:42.716293+00:00
Senior Business Analyst – Airline Domain (Load Control / Weight & Balance),Unisys,India,,,0,"What success looks like in this role: Act as the Subject Matter Expert (SME) for Load Control / Weight & Balance processes and systems Collaborate with stakeholders to gather, analyze, and document business requirements Translate complex operational needs into functional specifications and user stories Work closely with engineering and product teams to ensure accurate implementation of W&B logic, constraints, and regulatory requirements Support solution design, validation, and UAT cycles , incl…",2026-08-08T20:38:19Z,https://www.adzuna.in/details/5833578349?utm_medium=api&utm_source=f8f3e256,business analyst,2026-08-12T08:34:42.716293+00:00
Senior Data Engineer (10–12 Years' Experience Required),Genl Mills India Priv,India,,,0,"COMPANY OVERVIEW We exist to make food the world loves. But we do more than that. Our company is a place that prioritizes being a force for good, a place to expand learning, explore new perspectives and reimagine new possibilities, every day. We look for people who want to bring their best — bold thinkers with big hearts who challenge one another and grow together. Because becoming the undisputed leader in food means surrounding ourselves with people who are hungry for what’s next.​ &xa; OVERVI…",2026-08-08T20:37:45Z,https://www.adzuna.in/details/5833577625?utm_medium=api&utm_source=f8f3e256,business analyst,2026-08-12T08:34:42.716293+00:00
Business Technology Analyst,Thomson Reuters,"Hyderabad, Telangana",,,0,"Summary of the role: Are you excited by the prospect of transforming data, building sophisticated data models, and shaping the way businesses make decisions? The Go-To-Markets Data Analytics team is looking for a skilled Data Engineer who is motivated to deliver top notch data transformation and analytics engineering solutions to support business intelligence, data science, and self-service data solutions. About the role: SQL Proficiency a must 6 years' experience in data engineering with a str…",2026-08-08T20:37:36Z,https://www.adzuna.in/details/5833577463?utm_medium=api&utm_source=f8f3e256,business analyst,2026-08-12T08:34:42.716293+00:00
CFIN Business Analyst,ABB,"Bangalore, Karnataka",,,0,"At ABB, we help industries run leaner and cleaner—and every person here makes that happen. You’ll be empowered to lead, supported to grow, and proud of the impact we create together. Join us and help run what runs the world. This Position reports to: IS Lead Architect Your role and responsibilities: In this role, you will have the opportunity to bridge the gap between the technical environment and the business. Each day, you will use data analytics to assess processes and outline problems, oppo…",2026-08-08T20:37:15Z,https://www.adzuna.in/details/5833577110?utm_medium=api&utm_source=f8f3e256,business analyst,2026-08-12T08:34:42.716293+00:00
"Manager , Software Engineering",MSD,India,,,0,"Job Description The Opportunity Based in Hyderabad, join a global healthcare biopharma company and be part of a 130- year legacy of success backed by ethical integrity, forward momentum, and an inspiring mission to achieve new milestones in global healthcare. Be part of an organisation driven by digital technology and data-backed approaches that support a diversified portfolio of prescription medicines, vaccines, and animal health products. Drive innovation and execution excellence. Be a part o…",2026-08-08T20:37:03Z,https://www.adzuna.in/details/5833576903?utm_medium=api&utm_source=f8f3e256,business analyst,2026-08-12T08:34:42.716293+00:00
"Expert, Finance Business Partnering",IN RSM Randstad Enterprise,India,,,0,"Every year, we help hundreds of thousands of people find rewarding jobs in the ever-changing world of work. We understand the importance of a job in peoples lifes and we want to help them find work that feels good. And we’ll help them continue to grow as their needs and ambitions change. At Randstad, our value comes from our people and that is why we put them first. We are proud of our learning culture and career architecture framework that encourages ours team to develop both personally and pr…",2026-08-08T20:38:28Z,https://www.adzuna.in/details/5833578533?utm_medium=api&utm_source=f8f3e256,business analyst,2026-08-12T08:34:42.716293+00:00
"Senior Business Analyst, Procurement",Nextpower,India,,,0,"Job Description: The Senior Business Analyst, Procurement will be based in Hyderabad , India. This position will be reporting for Senior Manager, Procurement and will be responsible for leading procurement transformation, ERP implementation, system integration, purchasing process optimization, supplier enablement, and business intelligence solutions using Power BI. This role bridges business and IT by translating operational needs into scalable ERP-enabled solutions that improve efficiency, vis…",2026-08-08T20:41:55Z,https://www.adzuna.in/details/5833581807?utm_medium=api&utm_source=f8f3e256,business analyst,2026-08-12T08:34:42.716293+00:00
"Senior Specialist, ESE ML Engineer",MSD,"Hyderabad, Telangana",,,0,"This job is with MSD, an inclusive employer and a member of myGwork – the largest global platform for the LGBTQ business community. Please do not contact the recruiter directly. Job Description Senior Specialist, ESE ML Engineer The Opportunity Join a global biopharma company with a 130-year legacy and mission to achieve new milestones in healthcare. Be part of technology driven, data-led organization supporting a diversified portfolio of medicines, vaccines and animal health products. Work alo…",2026-08-08T17:56:27Z,https://www.adzuna.in/land/ad/5833433947?se=_k5rqSiW8RG1wMSeFVDc3A&utm_medium=api&utm_source=f8f3e256&v=9B0E4CC1D6E902714441C8F739851D6D39D01548,business analyst,2026-08-12T08:34:42.716293+00:00
Team Lead,Guidehouse,India,,,0,"Job Family : GIC Process (India) Travel Required : None Clearance Required : None What You Will Do : Key Responsibilities • Review and adjudicate KYB applications for accuracy, completeness, and regulatory compliance • Conduct client outreach to gather missing documentation or clarify discrepancies • Manage direct client interactions professionally, resolving queries and escalations • Track and ensure adherence to SLAs across the case pipeline; flag and manage breaches proactively • Partner wit…",2026-08-08T20:36:54Z,https://www.adzuna.in/details/5833576734?utm_medium=api&utm_source=f8f3e256,business analyst,2026-08-12T08:34:42.716293+00:00
Salesforce Business Analyst- Manager,PricewaterhouseCoopers,India,,,0,"Industry/Sector Not Applicable Specialism Salesforce Management Level Manager Job Description & Summary The Opportunity Join our Acceleration Center India and help shape the future of business for our diverse client portfolio across geographies and jurisdictions. You’ll work at the heart of global teams across Advisory, Assurance, Tax and Business Services—solving real client challenges through connected collaboration. We’ll help you grow your skills so you can go further. With hands-on learnin…",2026-08-08T20:37:52Z,https://www.adzuna.in/details/5833577759?utm_medium=api&utm_source=f8f3e256,business analyst,2026-08-12T08:34:42.716293+00:00
"Associate Director, Technical Consultant - Data Engineering - DRACOE",MSD,"Hyderabad, Telangana",,,0,"This job is with MSD, an inclusive employer and a member of myGwork – the largest global platform for the LGBTQ business community. Please do not contact the recruiter directly. Job Description The Opportunity Based in Hyderabad, join a global healthcare biopharma company and be part of a 130- year legacy of success backed by ethical integrity, forward momentum, and an inspiring mission to achieve new milestones in global healthcare. Be part of an organisation driven by digital technology and d…",2026-08-08T17:56:27Z,https://www.adzuna.in/land/ad/5833433951?se=_k5rqSiW8RG1wMSeFVDc3A&utm_medium=api&utm_source=f8f3e256&v=2DC128B1C149CDD0A05DFE6ED87CE0CE7D7D20C5,business analyst,2026-08-12T08:34:42.716293+00:00
"Business Analyst Support -FTC, IN Supply Chain - Automation",Amazon,"Bangalore, Karnataka",,,0,"Description - Technical skills - Proficiency in Microsoft Excel, Statistical analysis tools and techniques, and SQL/ETL - Experience with data visualization using QuickSight, Tableau, or similar tools - Experience defining requirements and using data and metrics to draw business insights - You should be able to deal with a high degree of ambiguity - You should be able to take a complex problem and break it down to smaller digestible chunks - You should be able to define a logical and step by st…",2026-08-08T10:54:24Z,https://www.adzuna.in/details/5833014602?utm_medium=api&utm_source=f8f3e256,business analyst,2026-08-12T08:34:42.716293+00:00
MDM Product Owner - INTL India,Insight Global,"Hyderabad, Telangana",,,0,"Job Description Insight Global is seeking an experienced Product Owner to support a global Product Master Data Management (MDM) transformation initiative. This role will help shape, prioritize, and deliver product data capabilities across a hybrid SAFe Agile delivery framework. The Product Owner will partner closely with business stakeholders, data teams, IT, procurement, supplier management, product management, UX/design partners, and enterprise technology groups to define the product vision, …",2026-08-08T10:55:45Z,https://www.adzuna.in/details/5833026691?utm_medium=api&utm_source=f8f3e256,business analyst,2026-08-12T08:34:42.716293+00:00
QA - INTL India,Insight Global,"Hyderabad, Telangana",,,0,"Job Description A large Electronics manufacturing company is seeking a Junior Quality Assurance (QA) Analyst to join its Digital Marketing IT team. This role is responsible for supporting the quality, reliability, and performance of digital marketing platforms and websites by executing test plans, validating business requirements, and identifying defects throughout the software development lifecycle. The ideal candidate will collaborate with business analysts, developers, and stakeholders to pe…",2026-08-08T10:55:45Z,https://www.adzuna.in/details/5833026737?utm_medium=api&utm_source=f8f3e256,business analyst,2026-08-12T08:34:42.716293+00:00
Principal Business Integration Analyst(SAP QM),RTX Corporation,"Bangalore, Karnataka",,,0,"Date Posted: 2026-08-05 Country: India Location: IN-KA-BENGALURU-NORTHGATE ~ Sy No 2/2 Venkatala Village ~ SY NO 2/2 VENKATALA VILLAGE, Yelahanka Hobli Position Role Type: Hybrid Job Overview As an SAP QM Principal Business Analyst , you will play a critical role in designing, implementing, and optimizing SAP S/4HANA Quality Management solutions that enhance product quality, operational efficiency, and compliance across our global manufacturing ecosystem. You will partner with business and tech…",2026-08-08T10:56:36Z,https://www.adzuna.in/details/5833030764?utm_medium=api&utm_source=f8f3e256,business analyst,2026-08-12T08:34:42.716293+00:00
HC & Insurance Operations Senior Assoc.,"NTT America, Inc.","Chennai, Tamil Nadu",,,0,"_NTT Data Services is Hiring!_ Position's Overview At NTT DATA, we know that with the right people on board, anything is possible. The quality, integrity, and commitment of our employees are key factors in our company's growth, market presence and our ability to help our clients stay a step ahead of the competition. By hiring, the best people and helping them grow both professionally and personally, we ensure a bright future for NTT DATA and for the people who work here. NTT DATA, Inc. currentl…",2026-08-08T10:56:17Z,https://www.adzuna.in/details/5833029894?utm_medium=api&utm_source=f8f3e256,business analyst,2026-08-12T08:34:42.716293+00:00
SAP Finance Architect,"NTT America, Inc.","Hyderabad, Telangana",,,0,"Req ID: 382005 NTT DATA strives to hire exceptional, innovative and passionate individuals who want to grow with us. If you want to be part of an inclusive, adaptable, and forward-thinking organization, apply now. We are currently seeking a SAP Finance Architect to join our team in Hyderabad, Telangana (IN-TG), India (IN). Job Summary Seeking a skilled and aspiring Global Template Owner for the SAP FICO (S4/HANA) module at Thermo Fisher Scientific Inc. You will collaborate closely with partners…",2026-08-08T10:56:22Z,https://www.adzuna.in/details/5833030381?utm_medium=api&utm_source=f8f3e256,business analyst,2026-08-12T08:34:42.716293+00:00
Senior Next Js Developer - INTL India,Insight Global,"Hyderabad, Telangana",,,0,"Job Description A large manufacturing company is seeking a highly skilled Senior Sitecore Developer with expertise in Sitecore XP/XM/XM Cloud, React.js, and Next.js to develop and maintain enterprise-scale digital experience platforms. The ideal candidate should have experience in Sitecore Headless development, modern frontend frameworks, and .NET technologies, with a strong understanding of scalable, secure, and high-performance web applications. The candidate will collaborate with architects,…",2026-08-08T10:55:45Z,https://www.adzuna.in/details/5833026695?utm_medium=api&utm_source=f8f3e256,business analyst,2026-08-12T08:34:42.716293+00:00
Associate SAP POM Consultant (IT Analyst),Dow,"Navi Mumbai, Maharashtra",,,0,"Associate SAP POM Consultant (IT Analyst) At a glance Position: Associate SAP POM Consultant (IT Analyst) Primary Location: Navi Mumbai (IND), India Schedule: Full time Date Posted: 08/06/2026 Job Number: R2067713 Position Type: Regular Workplace Type: Onsite At Dow, we believe in putting people first and we're passionate about delivering integrity, respect and safety to our customers, our employees and the planet. Our people are at the heart of our solutions. They reflect the communities we li…",2026-08-08T10:55:08Z,https://www.adzuna.in/details/5833021818?utm_medium=api&utm_source=f8f3e256,business analyst,2026-08-12T08:34:42.716293+00:00
Finance and Risk Reconciliations Build Lead Analyst,Citigroup,"Chennai, Tamil Nadu",,,0,"The Application Development Technology Lead Analyst is a strategic and highly visible role within the Global Reconciliations organization, responsible for leading a team of 4 to 5 associates building new reconciliations, testing, implementation and post production monitoring of critical Finance and Risk reconciliation controls across the bank. The successful candidate will get involved in leading a team and building/enhancing reconciliation using Citi Owned reconciliation tool called Onerec/qui…",2026-08-08T10:54:55Z,https://www.adzuna.in/details/5833019784?utm_medium=api&utm_source=f8f3e256,business analyst,2026-08-12T08:34:42.716293+00:00
NetSuite Functional Administrator,Fortive Corporation,India,,,0,"Job Title: NetSuite Functional Administrator  Department: IT  Location: Remote / Offshore  Reports To: Deputy CIO About the Role We are seeking a highly skilled, execution-focused NetSuite Technical Administrator to drive the development, configuration, and day-to-day optimization of our NetSuite ERP ecosystem. This is a strict ""hands-on-keyboard"" role requiring a candidate who can pivot seamlessly between writing production-ready SuiteScript, developing midmarket integrations, and resolving co…",2026-08-08T10:55:14Z,https://www.adzuna.in/details/5833022698?utm_medium=api&utm_source=f8f3e256,business analyst,2026-08-12T08:34:42.716293+00:00
Finance and Risk Reconciliations Senior Programmer Analyst,Citigroup,"Chennai, Tamil Nadu",,,0,"The Application Development Sr Programmer Analyst is a strategic and highly visible role within the Global Reconciliations organization, responsible for building new reconciliations, testing, implementation and post production monitoring of critical Finance and Risk reconciliation controls across the bank. The successful candidate will get involved in building/enhancing reconciliation using Citi Owned reconciliation tool called Onerec/quickrec for various Consent Order/Fincance Use cases across…",2026-08-08T10:54:56Z,https://www.adzuna.in/details/5833019842?utm_medium=api&utm_source=f8f3e256,business analyst,2026-08-12T08:34:42.716293+00:00
Banking - Business Analytics Int Analyst - Officer,Citigroup,"Bangalore, Karnataka",,,0,The Business Analytics Int Analyst is a developing professional role. Deals with most problems independently and has some latitude to solve complex problems. Integrates in-depth specialty area knowledge with a solid understanding of industry standards and practices. Good understanding of how the team and area integrate with others in accomplishing the objectives of the sub function/ job family. Applies analytical thinking and knowledge of data analysis tools and methodologies. Requires attentio…,2026-08-08T10:54:55Z,https://www.adzuna.in/details/5833019737?utm_medium=api&utm_source=f8f3e256,business analyst,2026-08-12T08:34:42.716293+00:00
Banking - Business Analyst - Officer,Citigroup,"Mumbai, Maharashtra",,,0,Role Outline/Job Summary The successful candidate will assist the NAM and EMEA office colleagues with their expense management and corporate card reconciliation Job Description POSITION TITLE: Officer BUSINESS GROUP: Banking IGS DEPARTMENT: Business Expense Unit LOCATION: Mumbai Responsibilities include: The Business Expense Control will primarily be involved in the following activities: Expense management: The Business Expense Control will be the single point of contact for all expense settlem…,2026-08-08T10:54:55Z,https://www.adzuna.in/details/5833019750?utm_medium=api&utm_source=f8f3e256,business analyst,2026-08-12T08:34:42.716293+00:00
HIH - Business Analytics Lead Analyst,The Cigna Group,"Hyderabad, Telangana",,,0,"Business Analytics Lead Analyst Works in collaboration with business leaders to provide strategic partnership in analytics, identify and prioritize opportunities for impact, develop analytic solutions, leverage data science and technology capabilities, embed analytics-driven processes, operationalize and measure impact, to support decision making and execution based on data, facts and analytical findings across different parts of the organization. Exercises considerable creativity, foresight, a…",2026-08-08T10:54:44Z,https://www.adzuna.in/details/5833017988?utm_medium=api&utm_source=f8f3e256,business analyst,2026-08-12T08:34:42.716293+00:00
Business Analytics Analyst,The Cigna Group,"Bangalore, Karnataka",,,0,"Business Analytics Analyst: About Medical Economics The Cigna International Health Medical Economics team's responsibility is to transform data into strategic insights that drive affordability and impact. By linking interventions to financial outcomes, it enables informed decision-making, supports return on investment analysis, and ensures initiatives align with organizational goals. Through collaboration and continuous performance tracking, Medical Economics maximizes value across the enterpri…",2026-08-08T10:54:44Z,https://www.adzuna.in/details/5833018039?utm_medium=api&utm_source=f8f3e256,business analyst,2026-08-12T08:34:42.716293+00:00
Lead Business Intelligence Analyst,"Caterpillar, Inc.","Bangalore, Karnataka",,,0,"Career Area: Technology, Digital and Data Job Description: Your Work Shapes the World at Caterpillar Inc. When you join Caterpillar, you're joining a global team who cares not just about the work we do - but also about each other. We are the makers, problem solvers, and future world builders who are creating stronger, more sustainable communities. We don't just talk about progress and innovation here - we make it happen, with our customers, where we work and live. Together, we are building a be…",2026-08-08T10:54:40Z,https://www.adzuna.in/details/5833017449?utm_medium=api&utm_source=f8f3e256,business analyst,2026-08-12T08:34:42.716293+00:00
Peoplesoft Developer,algoleap,"Hyderabad, Telangana",,,0,"Peoplesoft Developer [ 8] The PeopleSoft Finance Techno-Functional Consultant serves as the bridge between business finance operations and the technical PeopleSoft FSCM platform. This role combines deep functional knowledge of finance processes with hands-on technical expertise in People Tools, People Code, Application Engine, and Integration Broker. The consultant is responsible for end-to-end lifecycle activities spanning requirement analysis, configuration, customization, testing, go-live su…",2026-08-08T16:04:40Z,https://www.adzuna.in/details/5833337734?utm_medium=api&utm_source=f8f3e256,business analyst,2026-08-12T08:34:42.716293+00:00
Lead Quality Engineer,Cognizant,"Bangalore, Karnataka",,,0,Job Summary Serve as a Lead Quality Engineer with six to eight years of experience driving robust testing strategies for Pega based anti money laundering solutions and product lifecycle management workflows in a hybrid work model ensuring reliable delivery of day shift releases that safeguard financial integrity and operational excellence. Responsibilities  Design comprehensive test strategies for complex Pega based anti money laundering workflows to ensure accurate detection coverage and regul…,2026-08-08T10:55:01Z,https://www.adzuna.in/details/5833020741?utm_medium=api&utm_source=f8f3e256,business analyst,2026-08-12T08:34:42.716293+00:00
Service Manager,Cognizant,"Chennai, Tamil Nadu",,,0,Job Summary Service Manager role in a global technology organization focused on delivering resilient Spring Boot microservices and Core Java platforms for property and casualty insurance clients in a hybrid work model with rotational shifts ensuring reliable application support service continuity and continuous improvement across complex policy and claims ecosystems while aligning with business and regulatory expectations. Responsibilities  Manage end to end application support for Spring Boot …,2026-08-08T10:55:01Z,https://www.adzuna.in/details/5833020689?utm_medium=api&utm_source=f8f3e256,business analyst,2026-08-12T08:34:42.716293+00:00
Senior Test Specialist (IT),Linesight,"Hebbal Kempapura, Bangalore",,,0,"As a Senior Test Specialist at Linesight, you will work with highly experienced, culturally diverse, and passionate teams nurturing a strong social dynamic and a shared sense of achievement. You will gain vast industry experience that will open doors for you, extend your skillset and expand your perspective. We will empower, support, and enable you to take real responsibility in your role so that you can take charge of your career progression with us. For us lasting trusted relationships are ev…",2026-08-08T10:45:51Z,https://www.adzuna.in/details/5832975270?utm_medium=api&utm_source=f8f3e256,business analyst,2026-08-12T08:34:47.049888+00:00
Test Analyst Salesforce CRM,Expleo,"Nana Peth, Pune",,,0,"We are looking for an experienced Salesforce Tester with strong expertise in Salesforce application testing and MuleSoft integration testing . The ideal candidate should have hands-on experience in validating Salesforce applications, API testing, end-to-end integration testing, and ensuring seamless data flow between Salesforce and external systems. Design, develop, and execute test cases for Salesforce applications and MuleSoft integrations. Perform Functional, System, Integration, Regression,…",2026-08-08T10:46:04Z,https://www.adzuna.in/details/5832978127?utm_medium=api&utm_source=f8f3e256,business analyst,2026-08-12T08:34:47.049888+00:00
"Sr Engineer, Software",TMUS Global Solutions,"Hyderabad, Telangana",,,0,"About the Role: The Senior Software Engineer will lead the design, development, and continuous improvement of T-Mobiles internal Workforce Management platform, with deep expertise across timekeeping, advanced scheduling, and forecasting capabilities powered by UKG Pro WFM (formerly UKG Dimensions). This is a senior full stack role requiring independent judgment to resolve complex technical challenges, drive design innovation, and deliver high-quality software solutions with a strong emphasis on…",2026-08-08T10:53:03Z,https://www.adzuna.in/details/5833005733?utm_medium=api&utm_source=f8f3e256,business analyst,2026-08-12T08:34:47.049888+00:00
"Data Engineer, WW Prime - Core Services",Amazon,"Bangalore, Karnataka",,,0,"Description Amazon Prime team is building an evergreen platform that will provide real time insights of traffic, sales, deals, prime engagement and is looking for rock start data engineer to build this. At Amazon Prime, understanding customer data is paramount to our success in providing customers with relevant and enticing benefits such as fast free shipping, instant videos, streaming music and free Kindle books in the US and international markets. At Amazon you will be working in one of the w…",2026-08-08T10:54:23Z,https://www.adzuna.in/details/5833014514?utm_medium=api&utm_source=f8f3e256,business analyst,2026-08-12T08:34:47.049888+00:00
"Business Research Analyst - I, RBS Tech",Amazon,"Bangalore, Karnataka",,,0,"Description As a Level 4 Research Analyst, you will implement classical ML models and LLM based inferences to solve defined problems. You'll work closely with senior scientists and engineers, contributing to model development, evaluation, and optimization. Key job responsibilities * Implement machine learning models (classical ML covering classification and regression models) using Python and ML frameworks * Develop and iterate prompts for LLMs using few-shot, CoT, and instruction-based techniq…",2026-08-08T10:54:17Z,https://www.adzuna.in/details/5833013553?utm_medium=api&utm_source=f8f3e256,business analyst,2026-08-12T08:34:47.049888+00:00
Field Service Transmission BA/PO - M/SM Level,People First Consultants,India,,,0,"Role Summary Cognizant is seeking an experienced Business Analyst / Product Owner to support and drive digital transformation initiatives for asset management clients. The role requires strong expertise in business analysis, process transformation, Microsoft Dynamics 365 (D365), stakeholder engagement, and agile delivery across the end-to-end Utilities lifecycle. The individual will act as a bridge between business and technology teams, ensuring successful delivery of scalable business solution…",2026-08-08T10:44:11Z,https://www.adzuna.in/details/5832966382?utm_medium=api&utm_source=f8f3e256,business analyst,2026-08-12T08:34:47.049888+00:00
"Business Analyst, Resource Planning",Amazon,"Bangalore, Karnataka",,,0,"Description Are you customer obsessed, flexible, smart and analytical, strategic yet execution focused and passionate about e-commerce? Are you an experienced, entrepreneurial leader with a strong work ethic? If yes, this opportunity will appeal to you. Amazon is looking for a Business Analyst for Amazon Business. We are looking for customer obsessed, data driven entrepreneurs to join our growing team. Solve some of the hardest problems for our customers. If you want operate at start up speed, …",2026-08-08T10:54:14Z,https://www.adzuna.in/details/5833012932?utm_medium=api&utm_source=f8f3e256,business analyst,2026-08-12T08:34:47.049888+00:00
Senior nCino Developer,Creeno Solutions Private Limited,"Bangalore, Karnataka",,,0,"Key Responsibilities · Design, develop, configure, and customize nCino solutions on the Salesforce platform. · Implement and enhance nCino modules including Commercial Lending, Customer Onboarding, Loan Origination, Deposit Account Opening, Treasury Management, and Portfolio Management. · Develop custom solutions using Apex, Lightning Web Components (LWC), Visualforce, Flows, and Salesforce declarative capabilities. · Integrate nCino with enterprise applications using REST/SOAP APIs, middleware…",2026-08-08T07:36:29Z,https://www.adzuna.in/details/5832801671?utm_medium=api&utm_source=f8f3e256,business analyst,2026-08-12T08:34:47.049888+00:00
Java Developer,Techblocks,"Hyderabad, Telangana",,,0,"Must have 6-9 years of application development experience in the following: Java 17 Spring, Spring Boot Rest API, Multi-Threading SQL Server database Experience using AI coding assistants (e.g. GitHub Copilot, Code Whisperer) to accelerate development while maintaining high code quality. Proficiency in developing and implementing MCP servers to enable seamless integration between AI assistants and external systems, tools, and data sources. Strong familiarity with agentic AI principles, includin…",2026-08-08T07:34:26Z,https://www.adzuna.in/details/5832800856?utm_medium=api&utm_source=f8f3e256,business analyst,2026-08-12T08:34:47.049888+00:00
Senior Java Architect,Techblocks,"Ahmedabad, Gujarat",,,0,"We are looking for a highly experienced and hands-on Senior Java Architect with a minimum of 15 years of Java development expertise, including Java Spring Boot microservices and SQL. The ideal candidate should possess strong architectural skills, a proven track record of successfully architecting solutions, conducting proof of concepts (POCs), and mentoring development teams. This role requires a deep understanding of the entire platform, dataflows, workflows, and exceptional communication skil…",2026-08-08T07:34:27Z,https://www.adzuna.in/details/5832800905?utm_medium=api&utm_source=f8f3e256,business analyst,2026-08-12T08:34:47.049888+00:00
Business Intelligence Analyst - Product,Dozee,"Bangalore, Karnataka",,,0,"Key Responsibilities: Analyze system data, field issues, QA results, and usage patterns across hospitals and regions. Identify trends in defects, hardware/software reliability, and regression behavior. Create dashboards and visualizations to surface real-time and historical insights. Interpret embedded system logs and product telemetry to identify root causes. Monitor key product and quality KPIs, including defect leakage, MTBF, alert noise, and resolution times. Collaborate with QA, Product, E…",2026-08-08T07:35:02Z,https://www.adzuna.in/details/5832801225?utm_medium=api&utm_source=f8f3e256,business analyst,2026-08-12T08:34:47.049888+00:00
Manager - Business Analyst,Airpay Services,"Mumbai, Maharashtra",,,0,"Key Responsibilities: Conduct detailed analysis of industry trends, competitor movements, and macroeconomic data to inform business strategy. Identify and evaluate new growth opportunities across products, channels, and markets. Analyze internal data to assess performance and recommend improvements in product positioning, pricing, and profitability. Collaborate with business, product, and finance teams to build financial models and business cases for strategic initiatives. Coordinate with inter…",2026-08-08T07:34:07Z,https://www.adzuna.in/details/5832800687?utm_medium=api&utm_source=f8f3e256,business analyst,2026-08-12T08:34:47.049888+00:00
Senior Java Developer,Techblocks,"Mumbai, Maharashtra",,,0,"What Were Looking For: Must have 9 years of application development experience in the following: Java 17 Spring, Spring Boot Rest API, Multi-Threading SQL Server database Experience using AI coding assistants (e.g. GitHub Copilot, Code Whisperer) to accelerate development while maintaining high code quality. Proficiency in developing and implementing MCP servers to enable seamless integration between AI assistants and external systems, tools, and data sources. Strong familiarity with agentic AI…",2026-08-08T07:34:26Z,https://www.adzuna.in/details/5832800872?utm_medium=api&utm_source=f8f3e256,business analyst,2026-08-12T08:34:47.049888+00:00
Sr. Java Developer,Techblocks,"Hyderabad, Telangana",,,0,"What Were Looking For: Must have 9 years of application development experience in the following: Java 17 Spring, Spring Boot Rest API, Multi-Threading SQL Server database Experience using AI coding assistants (e.g. GitHub Copilot, Code Whisperer) to accelerate development while maintaining high code quality. Proficiency in developing and implementing MCP servers to enable seamless integration between AI assistants and external systems, tools, and data sources. Strong familiarity with agentic AI…",2026-08-08T07:34:26Z,https://www.adzuna.in/details/5832800863?utm_medium=api&utm_source=f8f3e256,business analyst,2026-08-12T08:34:47.049888+00:00
Salesforce Business Analyst,DealerSocket,"Hyderabad, Telangana",,,0,"What you'll Bring bachelors degree with technical background At least 2 years experience as a Salesforce.com System Administrator using Lightning UIs At least 2 years experience as a Salesforce Business Analyst Salesforce Administrator, Advanced Administrator, and Platform App Builder certifications are preferred High functional and system knowledge of Salesforce.com (Sales Cloud, CPQ, Service Cloud), especially configuration Ability to implement changes to Salesforce.com with attention to deta…",2026-08-08T07:33:40Z,https://www.adzuna.in/details/5832800279?utm_medium=api&utm_source=f8f3e256,business analyst,2026-08-12T08:34:47.049888+00:00
Senior Java Developer,Techblocks,"Delhi, India",,,0,"What Were Looking For: Must have 9 years of application development experience in the following: Java 17 Spring, Spring Boot Rest API, Multi-Threading SQL Server database Experience using AI coding assistants (e.g. GitHub Copilot, Code Whisperer) to accelerate development while maintaining high code quality. Proficiency in developing and implementing MCP servers to enable seamless integration between AI assistants and external systems, tools, and data sources. Strong familiarity with agentic AI…",2026-08-08T07:34:27Z,https://www.adzuna.in/details/5832800887?utm_medium=api&utm_source=f8f3e256,business analyst,2026-08-12T08:34:47.049888+00:00
Senior Java Developer,Techblocks,"Gurgaon, Haryana",,,0,"What Were Looking For: Must have 9 years of application development experience in the following: Java 17 Spring, Spring Boot Rest API, Multi-Threading SQL Server database Experience using AI coding assistants (e.g. GitHub Copilot, Code Whisperer) to accelerate development while maintaining high code quality. Proficiency in developing and implementing MCP servers to enable seamless integration between AI assistants and external systems, tools, and data sources. Strong familiarity with agentic AI…",2026-08-08T07:34:27Z,https://www.adzuna.in/details/5832800882?utm_medium=api&utm_source=f8f3e256,business analyst,2026-08-12T08:34:47.049888+00:00
Business Analyst Fresher ll,Ebizon Net Info,"Noida, Ghaziabad",,,0,"Job Responsibilities: Responsible for tracking, reporting, and analyzing the performance of marketing activities, ad-hoc analytic requests, and development/automation of regular reports. Analyzes external and internal customer data using database queries (SQL, Access), spreadsheet (Excel) models, web analytics tools (Adobe / Omniture), statistical analysis tools, and campaign management software tools. Evaluates customers online behavior and provides insights and recommendations for further enh…",2026-08-08T07:32:08Z,https://www.adzuna.in/details/5832799307?utm_medium=api&utm_source=f8f3e256,business analyst,2026-08-12T08:34:47.049888+00:00
"Engineer, Software",TMUS Global Solutions,"Hyderabad, Telangana",,,0,"About the Role: The Software Engineer will contribute to the design, development, and enhancement of T-Mobiles internal Workforce Management platform, with a primary focus on timekeeping, advanced scheduling, and forecasting capabilities powered by UKG Pro WFM (formerly UKG Dimensions). This is a full stack role encompassing front-end feature development, backend service engineering, and cloud-native microservices all in support of scalable, reliable workforce solutions used across the organiza…",2026-08-08T10:52:52Z,https://www.adzuna.in/details/5833004428?utm_medium=api&utm_source=f8f3e256,business analyst,2026-08-12T08:34:47.049888+00:00
Business Analyst,Ebizon Net Info,"Noida, Ghaziabad",,,0,"Job Responsibilities: Responsible for tracking, reporting, and analyzing the performance of marketing activities, ad-hoc analytic requests, and development/automation of regular reports. Analyzes external and internal customer data using database queries (SQL, Access), spreadsheet (Excel) models, web analytics tools (Adobe / Omniture), statistical analysis tools, and campaign management software tools. Evaluates customers online behavior and provides insights and recommendations for further enh…",2026-08-08T07:32:08Z,https://www.adzuna.in/details/5832799305?utm_medium=api&utm_source=f8f3e256,business analyst,2026-08-12T08:34:47.049888+00:00
Senior D365 F&O Business Analyst,Acesoft Labs India Private Limited,"Bangalore, Karnataka",,,0,"We are hiring for the role Senior D365 F&O Business Analyst Experience: 6 - 10 Years Location: Bangalore Notice Period: Immediate - 15 Days Project Duration: 6 Months Budget: 23 LPA Skills: Mandatory Skills: Dynamics F&O, BA Job Description: 1. At least 5 years of business analysis experience focused on Microsoft Dynamics 365 Finance within manufacturing or a similar environment. 2. Knowledge in Microsoft Power BI, with proven ability to create complex dashboards and reports. 3. Hands-on experi…",2026-08-08T07:27:02Z,https://www.adzuna.in/details/5832794007?utm_medium=api&utm_source=f8f3e256,business analyst,2026-08-12T08:34:47.049888+00:00
Technical Business Analyst,VE3,"Yerwada, Pune",,,0,"Job Title : Technical Business Analyst Experience : 5 years Location : Pune, India Job Type : Full-time About Company- VE3 is a global technology company committed to delivering innovative digital solutions that help organizations unlock their full potential. We assist organizations in optimising operations, enhancing customer experiences, unlocking data-driven insights, and fostering agile strategies. Our focus on delivering cutting-edge software solutions and developing state-of-the-art mecha…",2026-08-08T02:57:11Z,https://www.adzuna.in/details/5832339105?utm_medium=api&utm_source=f8f3e256,business analyst,2026-08-12T08:34:47.049888+00:00
Expert Business Analyst,SWISS RE,"Hyderabad, Telangana",,,0,"Role: Business Analyst Industry Type: Insurance Department: Data Science & Analytics Employment Type: Full Time, Permanent Role Category: Business Intelligence & Analytics Education UG: Any Graduate PG: Any Postgraduate About the Role In this role, you will be part of a team within Swiss Re's Digital Tech Re organization , focusing on delivering internal and client-facing applications across Life & Health Underwriting and Claims domains. These systems support automated risk assessment, case tra…",2026-08-08T07:28:18Z,https://www.adzuna.in/details/5832796088?utm_medium=api&utm_source=f8f3e256,business analyst,2026-08-12T08:34:47.049888+00:00
Business Analyst,Milestone Online Technology,"Pune, Maharashtra",,,0,"Key Responsibilities: Gather, document, and validate business requirements from stakeholders. Analyze current business processes and identify areas for improvement. Develop detailed business cases, process flows, and data models. Collaborate with IT, development teams, and product owners to design and implement solutions. Translate business requirements into technical specifications and user stories. Conduct impact analysis and feasibility studies for proposed changes. Support project delivery …",2026-08-08T07:31:04Z,https://www.adzuna.in/details/5832798146?utm_medium=api&utm_source=f8f3e256,business analyst,2026-08-12T08:34:47.049888+00:00
Business Analyst,Milestone Online Technology,"Kolkata, West Bengal",,,0,"Key Responsibilities: Gather, document, and validate business requirements from stakeholders. Analyze current business processes and identify areas for improvement. Develop detailed business cases, process flows, and data models. Collaborate with IT, development teams, and product owners to design and implement solutions. Translate business requirements into technical specifications and user stories. Conduct impact analysis and feasibility studies for proposed changes. Support project delivery …",2026-08-08T07:31:05Z,https://www.adzuna.in/details/5832798154?utm_medium=api&utm_source=f8f3e256,business analyst,2026-08-12T08:34:47.049888+00:00
Business Analyst,Milestone Online Technology,"Ludhiana, Punjab",,,0,"Key Responsibilities: Gather, document, and validate business requirements from stakeholders. Analyze current business processes and identify areas for improvement. Develop detailed business cases, process flows, and data models. Collaborate with IT, development teams, and product owners to design and implement solutions. Translate business requirements into technical specifications and user stories. Conduct impact analysis and feasibility studies for proposed changes. Support project delivery …",2026-08-08T07:31:07Z,https://www.adzuna.in/details/5832798189?utm_medium=api&utm_source=f8f3e256,business analyst,2026-08-12T08:34:47.049888+00:00
Business Analyst,Coditas Technologies,"Pune, Maharashtra",,,0,"We are looking to hire a highly driven Business Analyst to assist the company to improve business efficiency. The candidate needs to work closely with the clients stakeholders, senior BA, and product managers to understand and document requirements in detail. The person will work as a guide to the team and provide project-level analysis - producing required project analysis documentation (business requirements, design documents, use cases, sequence diagrams, future state proposals, UAT plan). R…",2026-08-08T07:31:11Z,https://www.adzuna.in/details/5832798246?utm_medium=api&utm_source=f8f3e256,business analyst,2026-08-12T08:34:47.049888+00:00
Business Operations Analyst,Milestone Online Technology,"Hyderabad, Telangana",,,0,"What You Will Need to Succeed 1. We need an exceptionally talented, bright self-driven candidate to perform the role of business operations analyst role. Enhance workflow and cross-departmental engagements. 2. Candidate should have performed role of Business operations Analyst for at least 5-7 years with hands on IT experience of 7-9 years. Should have ability to work independently with minimal supervision. 3. Provide recommendations w.r.t to existing process and work towards improving performa…",2026-08-08T07:31:06Z,https://www.adzuna.in/details/5832798166?utm_medium=api&utm_source=f8f3e256,business analyst,2026-08-12T08:34:47.049888+00:00
Solution Architect,SWISS RE,"Bangalore, Karnataka",,,0,"Role: Solution Architect Industry Type: Insurance Department: Engineering - Software & QA Employment Type: Full Time, Permanent Role Category: Software Development Education: UG: Any Graduate PG: Any Postgraduate About the Role As a Solution Architect , you will be part of a dedicated architecture team responsible for crafting high-level business and technical solutions. You will contribute across the entire solution development lifecycle, from design through production readiness, while collabo…",2026-08-08T07:28:16Z,https://www.adzuna.in/details/5832796027?utm_medium=api&utm_source=f8f3e256,business analyst,2026-08-12T08:34:47.049888+00:00
Business Analyst,Milestone Online Technology,"Gurgaon, Haryana",,,0,"Key Responsibilities: Gather, document, and validate business requirements from stakeholders. Analyze current business processes and identify areas for improvement. Develop detailed business cases, process flows, and data models. Collaborate with IT, development teams, and product owners to design and implement solutions. Translate business requirements into technical specifications and user stories. Conduct impact analysis and feasibility studies for proposed changes. Support project delivery …",2026-08-08T07:31:05Z,https://www.adzuna.in/details/5832798160?utm_medium=api&utm_source=f8f3e256,business analyst,2026-08-12T08:34:47.049888+00:00
Sr Analyst Partner Management,SWISS RE,"Bangalore, Karnataka",,,0,"Role: Analytics / BI Manager Industry Type: Insurance Department: Data Science & Analytics Employment Type: Full Time, Permanent Role Category: Business Intelligence & Analytics Education: UG: Any Graduate PG: Any Postgraduate Primary Responsibilities Advise and support business stakeholders on partner data governance, requisites, and maintenance. Manage the Know Your Customer (KYC) process for partners in accordance with risk protocols. Perform checks and execute risk control standards for eff…",2026-08-08T07:28:16Z,https://www.adzuna.in/details/5832796024?utm_medium=api&utm_source=f8f3e256,business analyst,2026-08-12T08:34:47.049888+00:00
Business Analyst,Milestone Online Technology,"Bangalore, Karnataka",,,0,"Key Responsibilities: Gather, document, and validate business requirements from stakeholders. Analyze current business processes and identify areas for improvement. Develop detailed business cases, process flows, and data models. Collaborate with IT, development teams, and product owners to design and implement solutions. Translate business requirements into technical specifications and user stories. Conduct impact analysis and feasibility studies for proposed changes. Support project delivery …",2026-08-08T07:31:06Z,https://www.adzuna.in/details/5832798168?utm_medium=api&utm_source=f8f3e256,business analyst,2026-08-12T08:34:47.049888+00:00
Nat Cat Specialist,SWISS RE,"Bangalore, Karnataka",,,0,"We are looking for people with Doctoral /postgraduate degree with 4 years of relevant industrial experience and strong academic record for our natural catastrophe modelling team. The job offers you the chance to join the dynamic, fast paced world of a highly specialized financial services organization. The Opportunity The catastrophe perils ('Cat Perils') department is responsible for Swiss Re s global natural catastrophe (nat cat) risk assessment. The department advances ground breaking probab…",2026-08-08T07:28:11Z,https://www.adzuna.in/details/5832795906?utm_medium=api&utm_source=f8f3e256,business analyst,2026-08-12T08:34:47.049888+00:00
Test Lead – Salesforce & NetSuite Business Applications,Netradyne,"Bangalore, Karnataka",,,0,"Key Responsibilities: Lead and oversee manual and automated testing efforts across CRM, ERP, and other enterprise applications. Develop comprehensive test plans, test cases, and test scripts based on business requirements and system functionalities. Define and implement test strategies, methodologies, and frameworks for Salesforce, NetSuite, and integrated applications. Identify test automation opportunities and establish automation frameworks for regression and functional testing. Ensure prope…",2026-08-08T07:28:10Z,https://www.adzuna.in/details/5832795874?utm_medium=api&utm_source=f8f3e256,business analyst,2026-08-12T08:34:47.049888+00:00
SAP ABAP Consultant with Odata,Lancesoft India Private Limited,"Bangalore, Karnataka",,,0,"Notice Period: Immediate Joiners or Candidates Serving Notice Period (up to 15 Days) We are looking for a highly experienced SAP ABAP Consultant with OData expertise to join our team. The ideal candidate will have a strong background in SAP ABAP development, E2E implementation, and support experience across multiple projects. Key Responsibilities Lead SAP ABAP development activities in implementation, roll-out, and upgrade projects . Work on custom development and enhancements using IDOCs, ALE,…",2026-08-08T07:27:22Z,https://www.adzuna.in/details/5832794156?utm_medium=api&utm_source=f8f3e256,business analyst,2026-08-12T08:34:47.049888+00:00
Salesforce Business Analyst,Lancesoft India Private Limited,"Noida, Ghaziabad",,,0,"LanceSoft Technologies is seeking a Senior Principal Consultant – Salesforce Business Analyst (Field Service Lightning – FSL) to drive business process optimization and digital transformation. This role involves requirement analysis, process improvements, functional design, and stakeholder collaboration to enhance Salesforce FSL implementations . Key Responsibilities: Analyze and document business requirements to relay them to technology teams. Model business processes and identify opportunitie…",2026-08-08T07:27:22Z,https://www.adzuna.in/details/5832794167?utm_medium=api&utm_source=f8f3e256,business analyst,2026-08-12T08:34:47.049888+00:00
Lead Software Engineer - Mainframe,Experian,"Hyderabad, Telangana",,,0,"Job Description Experian Business Information is looking for an experienced and hands-on Mainframe Lead Developer to lead the development of critical mainframe applications. You help code while guiding the team through solution development best practices, and production support. You will have experience in COBOL development, batch and online systems, scheduling, release management, and end-to-end software delivery in a mission-critical mainframe environment. Responsibilities: Lead the enhanceme…",2026-08-08T07:21:42Z,https://www.adzuna.in/details/5832790441?utm_medium=api&utm_source=f8f3e256,business analyst,2026-08-12T08:34:47.049888+00:00
Business Analyst – Procurement Transformation,Vrinda International,"Pune, Maharashtra",1200000.0,1200000.0,0,? Hiring: Business Analyst – Procurement Transformation ?? We are hiring an experienced Business Analyst for a procurement transformation project in the Oil & Gas industry. • ?? Experience: 7–8 Years • ? Location: Pune • ? Work Mode: Hybrid • ? Salary: ₹10–12 LPA • ⏳ Duration: 6 Months Requirements ? Required Skills: • Procurement Transformation • Source-to-Contract (S2C) • Order-to-Receipt (O2R) • Invoice-to-Pay (I2P) • SAP Ariba / SAP Fieldglass • Procurement Process & Requirement Gathering •…,2026-08-08T02:57:11Z,https://www.adzuna.in/details/5832339120?utm_medium=api&utm_source=f8f3e256,business analyst,2026-08-12T08:34:47.049888+00:00
Business Analyst,Milestone Online Technology,"Patna, Bihar",,,0,"Key Responsibilities: Gather, document, and validate business requirements from stakeholders. Analyze current business processes and identify areas for improvement. Develop detailed business cases, process flows, and data models. Collaborate with IT, development teams, and product owners to design and implement solutions. Translate business requirements into technical specifications and user stories. Conduct impact analysis and feasibility studies for proposed changes. Support project delivery …",2026-08-08T07:31:07Z,https://www.adzuna.in/details/5832798190?utm_medium=api&utm_source=f8f3e256,business analyst,2026-08-12T08:34:47.049888+00:00
Technical Business Analyst II,SWISS RE,"Hyderabad, Telangana",,,0,"Are you an experienced IT Business Analyst with a passion for financial systems, process optimization, and SAP This is your opportunity to make a meaningful impact in a fast-paced, global finance environment. As a Technical Business Analyst II , you'll play a key role in bridging business and IT to continuously evolve and optimize our SAP-based financial closing platform. You'll help design and implement new features, validate critical business processes, and provide direct support to global st…",2026-08-08T07:28:15Z,https://www.adzuna.in/details/5832795991?utm_medium=api&utm_source=f8f3e256,business analyst,2026-08-12T08:34:47.049888+00:00
Senior Process Manager,Personiv,"Pune, Maharashtra",,,0,"Job Description Create and maintain business requirements document including business workflow and data flow diagram which can be understandable by business and technical team Monitor that all requirements and developments will comply with applicable standard, BOT regulations and audit requirements by coordinating with related parties both internal and external units Provide the end to end solution analysis by identifying business need, business constraints, business impacts and new opportuniti…",2026-08-08T07:27:36Z,https://www.adzuna.in/details/5832795323?utm_medium=api&utm_source=f8f3e256,business analyst,2026-08-12T08:34:47.049888+00:00
Senior Data Analyst II,Elsevier,India,,,0,"This job is with Elsevier, an inclusive employer and a member of myGwork – the largest global platform for the LGBTQ business community. Please do not contact the recruiter directly. Sr Data Analyst II (Content Flow Analytics) Would you like to be part of a team that delivers high-quality software to our customers? Are you a highly visible champion with a 'can do' attitude and enthusiasm that inspires others? About our Team:- Elsevier Health applies innovation, facilitates insights, and helps d…",2026-07-31T09:50:11Z,https://www.adzuna.in/land/ad/5821999957?se=tElCriiW8RG1wMSeFVDc3A&utm_medium=api&utm_source=f8f3e256&v=E97CC1AD76EE1B8364CB7E9D769FC38D54799E07,junior data analyst,2026-08-12T08:34:50.288302+00:00
Senior Data Analyst II,RELX INC,"Bangalore, Karnataka",,,0,"Sr Data Analyst II (Content Flow Analytics) Would you like to be part of a team that delivers high-quality software to our customers? Are you a highly visible champion with a 'can do' attitude and enthusiasm that inspires others? About our Team:- Elsevier Health applies innovation, facilitates insights, and helps drive more informed decision-making for our customers across global health. We support health providers by providing accessible, trusted evidence-based information; prepare more medica…",2026-07-31T10:55:27Z,https://www.adzuna.in/details/5822059989?utm_medium=api&utm_source=f8f3e256,junior data analyst,2026-08-12T08:34:50.288302+00:00
Senior Data Analyst II,RELX INC,India,,,0,"Sr Data Analyst II (Content Flow Analytics) Would you like to be part of a team that delivers high-quality software to our customers? Are you a highly visible champion with a 'can do' attitude and enthusiasm that inspires others? About our Team:- Elsevier Health applies innovation, facilitates insights, and helps drive more informed decision-making for our customers across global health. We support health providers by providing accessible, trusted evidence-based information; prepare more medica…",2026-07-31T10:55:27Z,https://www.adzuna.in/details/5822059988?utm_medium=api&utm_source=f8f3e256,junior data analyst,2026-08-12T08:34:50.288302+00:00
"Junior Analyst, Master Data Management",Magna International,"Bangalore, Karnataka",,,0,"As a Master Data Management Junior Analyst, your primary responsibility will be to ensure the accuracy, completeness, and consistency of the company's master data. This includes data related to customers, products, suppliers, and other critical business entities. You will assist on various skills such as Power BI Visualization, Data Analyzation, ETL processes for various groups and divisions, maintain the quality of the governed data, map new data from different ERPs to a universal standardized…",2026-07-31T07:27:15Z,https://www.adzuna.in/details/5821858247?utm_medium=api&utm_source=f8f3e256,junior data analyst,2026-08-12T08:34:50.288302+00:00
Senior Data Scientist,Mastercard,India,,,0,"Our Purpose _Mastercard powers economies and empowers people in 200 countries and territories worldwide. Together with our customers, we're helping build a sustainable economy where everyone can prosper. We support a wide range of digital payments choices, making transactions secure, simple, smart and accessible. Our technology and innovation, partnerships and networks combine to deliver a unique set of products and services that help people, businesses and governments realize their greatest po…",2026-08-05T10:56:17Z,https://www.adzuna.in/details/5828766897?utm_medium=api&utm_source=f8f3e256,junior data analyst,2026-08-12T08:34:50.288302+00:00
Data Science & Machine Learning,Branxl Academy,"Ajmer, Rajasthan",,,0,"Career Hub Data Science & Machine Learning Overview Data scientists build statistical models and machine learning systems to extract predictive or descriptive insight from data. In practice the role blends data engineering, statistics, programming, and domain knowledge. Many data scientists in UK companies spend more time on data cleaning, exploration, and stakeholder communication than on model training. A junior data scientist who can deliver reliable analysis and communicate uncertainty clea…",2026-08-05T15:58:40Z,https://www.adzuna.in/details/5828954822?utm_medium=api&utm_source=f8f3e256,junior data analyst,2026-08-12T08:34:50.288302+00:00
Senior Data Analyst II,Elsevier,India,,,0,"Sr Data Analyst II (Content Flow Analytics) Would you like to be part of a team that delivers high-quality software to our customers? Are you a highly visible champion with a ‘can do’ attitude and enthusiasm that inspires others? About our Team:- Elsevier Health applies innovation, facilitates insights, and helps drive more informed decision-making for our customers across global health. We support health providers by providing accessible, trusted evidence-based information; prepare more medica…",2026-07-30T20:39:54Z,https://www.adzuna.in/details/5821204635?utm_medium=api&utm_source=f8f3e256,junior data analyst,2026-08-12T08:34:50.288302+00:00
Senior Enterprise Performance Analyst,Care Access,India,,,0,"About Care Access Care Access is working to make the future of health better for all. With hundreds of research locations, mobile clinics, and clinicians across the globe, we bring world-class research and health services directly to communities that often face barriers to care. We are dedicated to ensuring that every person has the opportunity to understand their health, access the care they need, and contribute to the medical breakthroughs of tomorrow. With programs like Future of Medicine , …",2026-08-02T20:51:52Z,https://www.adzuna.in/details/5825767042?utm_medium=api&utm_source=f8f3e256,junior data analyst,2026-08-12T08:34:50.288302+00:00
Data Science III,Bright Money,India,,,0,"About Bright Money Bright Money is a Consumer FinTech for middle-income consumers. It brings together SaaS products to help consumers build credit, manage their debt, and get access to suitable loans and credit cards. These are the major financial needs of middle-income consumers living paycheck-to-paycheck. Bright is a profitable, India-built, U.S.-market Consumer FinTech, with revenue trajectory to $100M in the coming 6 months. The business model combines subscription revenue with a financial…",2026-07-30T20:44:26Z,https://www.adzuna.in/details/5821208777?utm_medium=api&utm_source=f8f3e256,junior data analyst,2026-08-12T08:34:50.288302+00:00
"Sr. Associate I, Data Science",Alcon Laboratories,"Bangalore, Karnataka",,,0,"At Alcon, we are passionate about enhancing sight and helping people see brilliantly. The Sr. Associate I, Data Science is responsible for developing methods, processes, and systems to consolidate and analyze diverse and unstructured data sources, generating actionable insights for client services and product enhancement. The role leverages traditional AI, machine learning, and generative AI techniques, including Large Language Models (LLMs), to solve complex business problems and drive innovat…",2026-07-16T07:23:03Z,https://www.adzuna.in/details/5802073852?utm_medium=api&utm_source=f8f3e256,junior data analyst,2026-08-12T08:34:50.288302+00:00
Data Scientist | Data Engineer (AI & GTM Analytics),Cisco,"Hyderabad, Telangana",,,0,"Meet the Team Join the GTM Strategy & Planning organization, where data, AI, and analytics power business growth across Cisco and Splunk. Our team partners with Sales, Marketing, Product, Customer Success, and Operations to deliver data-driven insights, predictive intelligence, and AI-powered solutions that accelerate revenue, improve customer engagement, and shape strategic decision-making at a global scale. We are seeking a hybrid data  driven talent who can bridge the gap between complex ana…",2026-07-27T10:47:34Z,https://www.adzuna.in/details/5817154583?utm_medium=api&utm_source=f8f3e256,junior data analyst,2026-08-12T08:34:50.288302+00:00
Senior Data Analyst,Sia,"Mumbai, Maharashtra",,,0,"Job Description We are hiring a Power BI Developer to support our global internal teams (Finance, HR, Strategy, Corporate Functions) by maintaining, improving, and delivering high-impact business intelligence dashboards, datasets, and analytics solutions. This role is critical for strengthening our internal reporting systems and driving data-backed decision-making across the organization. Key Responsibilities Lead the design, implementation, and upkeep of ETL / data pipelines (from source files…",2026-07-24T01:04:13Z,https://www.adzuna.in/details/5812614548?utm_medium=api&utm_source=f8f3e256,junior data analyst,2026-08-12T08:34:50.288302+00:00
Junior Data Analyst,Immerse Analytics,"Ajmer, Rajasthan",,,0,"Location: Reston VA Education: Bachelors’ degree in related field. Clearance Level: TS/SCI with CI Polygraph Job Description: The following experience/abilities are desired for all data analysts supporting this contract: Using the hardware/software/tools, to include analysis and reporting tools (required) Experience in data management, analysis, predictive analysis, modeling, analyzing and visualization of current and future readiness data Designing and building data warehouses. Extracting, tra…",2026-07-23T15:54:18Z,https://www.adzuna.in/details/5812180340?utm_medium=api&utm_source=f8f3e256,junior data analyst,2026-08-12T08:34:50.288302+00:00
Senior Data Scientist remote Karnataka,Specialty Capital,India,,,0,About Specialty Capital Specialty Capital is a datadriven alternative finance company delivering fast adaptable capital to small and midsized businesses We operate at the intersection of underwriting risk and technology using data and machine learning to make smarter faster funding decisions while responsibly managing credit and fraud risk As the company scales we are investing heavily in building a bestinclass internal data science and AI capability to power our next phase of growth The Missio…,2026-07-21T06:40:29Z,https://www.adzuna.in/details/5808699364?utm_medium=api&utm_source=f8f3e256,junior data analyst,2026-08-12T08:34:50.288302+00:00
Data Scientist III Product Analytics Bangalore IN,Expedia Group,"Bangalore, Karnataka",,,0,Data Scientist III Product Analytics Expedia Group brands power global travel for everyone everywhere We design cuttingedge tech to make travel smoother and more memorable and we create groundbreaking solutions for our partners Our diverse vibrant and welcoming community is essential in driving our success Why Join Us To shape the future of travel people must come first Guided by our Values and Leadership Agreements we foster an open culture where everyone belongs differences are celebrated and…,2026-07-21T06:40:29Z,https://www.adzuna.in/details/5808699335?utm_medium=api&utm_source=f8f3e256,junior data analyst,2026-08-12T08:34:50.288302+00:00
Junior Data Analyst,Jobgenix,"Bangalore, Karnataka",,,0,"Just Now Junior Data Analyst Cognizant bangalore Ai Recommended 0% Match Score About The Job Cognizant is hiring for the role of Junior Data Analyst ! Role Responsibilities Obtain consumer / provider information by listening to telephone calls/ text & messages Determine eligibility by comparing consumer / provider information to requirements Based on the pre-recorded calls, Identify Scam/Phishing and customers sensitive information Meet the required target and quality metrics Work effectively w…",2026-07-20T16:01:25Z,https://www.adzuna.in/details/5808003787?utm_medium=api&utm_source=f8f3e256,junior data analyst,2026-08-12T08:34:50.288302+00:00
"Data Scientist, Specialist",The Vanguard Group,"Hyderabad, Telangana",,,0,"About Vanguard Founded in 1975, Vanguard is one of the world's leading investment management companies. The firm offers investments, advice, and retirement services to tens of millions of individual investors around the globe—directly, through workplace plans, and through financial intermediaries. Vanguard’s India Office Vanguard’s office in India is a significant milestone in our global expansion. We are committed to establishing an enduring technology center in Hyderabad, Telangana and are ex…",2026-07-20T03:13:31Z,https://www.adzuna.in/details/5807478847?utm_medium=api&utm_source=f8f3e256,junior data analyst,2026-08-12T08:34:50.288302+00:00
"Senior Data Scientist, Actimize",NICE,"Pune, Maharashtra",,,0,"Have you got what it take: At least 5 years of experience in data analysis, preferably in the risk or fraud domain within the fintech industry. High proficiency in SQL – Must. Experienced in writing complex queries and analyzing large datasets. High proficiency in Python for data analysis – Must. Skilled in using Python libraries such as Pandas for data analysis and research, automation, and developing fraud detection logic. High proficiency in English and Strong written and verbal communicatio…",2026-07-19T07:22:26Z,https://www.adzuna.in/details/5806703000?utm_medium=api&utm_source=f8f3e256,junior data analyst,2026-08-12T08:34:50.288302+00:00
Data Scientist | Data Engineer (AI & GTM Analytics),Cisco,"Hyderabad, Telangana",,,0,"Meet the Team Join the GTM Strategy & Planning organization, where data, AI, and analytics power business growth across Cisco and Splunk . Our team partners with Sales, Marketing, Product, Customer Success, and Operations to deliver data-driven insights, predictive intelligence, and AI-powered solutions that accelerate revenue, improve customer engagement, and shape strategic decision-making at a global scale . We are seeking a hybrid data - driven talent who can bridge the gap between complex …",2026-07-27T03:22:20Z,https://www.adzuna.in/details/5816827895?utm_medium=api&utm_source=f8f3e256,junior data analyst,2026-08-12T08:34:50.288302+00:00
Senior Consultant — Payer Analytics & Contract Intelligence,Neolytix,India,,,0,"Senior Consultant — Payer Analytics & Contract Intelligence Band: Assistant Manager / Senior Consultant Equivalent Reports to: CEO Work Model: Office-first, Gurugram (hybrid flex after 6 months) DEPARTMENT Payer & Revenue Analytics EXPERIENCE 4 – 7 Years LOCATION Gurugram, India ABOUT THE ROLE Neolytix is building a consulting practice focused on payer contract analytics for healthcare providers across the United States. Using proprietary data assets and analytical methodologies, we help provid…",2026-07-19T03:30:40Z,https://www.adzuna.in/details/5806554267?utm_medium=api&utm_source=f8f3e256,junior data analyst,2026-08-12T08:34:50.288302+00:00
Data Engineer - Python and Azure Data Bricks,Capco,India,,,0,"This job is with Capco, an inclusive employer and a member of myGwork – the largest global platform for the LGBTQ business community. Please do not contact the recruiter directly. Job Title: Data Engineer - Python and Azure Data Bricks About Us “Capco, a Wipro company, is a global technology and management consulting firm. Awarded with Consultancy of the year in the British Bank Award and has been ranked Top 100 Best Companies for Women in India 2022 by Avtar & Seramount . With our presence acr…",2026-08-12T01:59:39Z,https://www.adzuna.in/land/ad/5837139650?se=fo45eimW8RGjz7ZOIswnvQ&utm_medium=api&utm_source=f8f3e256&v=025DC64898BBEE97D8ECB9A23E8E85E4623C0D15,data analyst,2026-08-12T08:40:33.301504+00:00
IT&D Product Manager - Genesis Procurement,Reckitt,"Hyderabad, Telangana",,,0,"This job is with Reckitt, an inclusive employer and a member of myGwork – the largest global platform for the LGBTQ business community. Please do not contact the recruiter directly. We are Reckitt Home to the world's best loved and trusted hygiene, health, and nutrition brands. Our purpose defines why we exist: to protect, heal and nurture in the relentless pursuit of a cleaner, healthier world. We are a global team united by this purpose.Join us in our fight to make access to the highest quali…",2026-08-12T01:59:42Z,https://www.adzuna.in/land/ad/5837139791?se=fo45eimW8RGjz7ZOIswnvQ&utm_medium=api&utm_source=f8f3e256&v=34E02FF33A1A75C09D0AF3422EEB8F4A09BCD5A7,data analyst,2026-08-12T08:40:33.301504+00:00
GCP Tech Lead,Capco,India,,,0,"This job is with Capco, an inclusive employer and a member of myGwork – the largest global platform for the LGBTQ business community. Please do not contact the recruiter directly. About Us “Capco, a Wipro company, is a global technology and management consulting firm. Awarded with Consultancy of the year in the British Bank Award and has been ranked Top 100 Best Companies for Women in India 2022 by Avtar & Seramount. With our presence across 32 cities across globe, we support 100 clients across…",2026-08-12T01:59:43Z,https://www.adzuna.in/land/ad/5837139857?se=fo45eimW8RGjz7ZOIswnvQ&utm_medium=api&utm_source=f8f3e256&v=3119F9262B3297DCF3A9C8A6826D534CEA29F743,data analyst,2026-08-12T08:40:33.301504+00:00
Liquidity - Data Analyst,Capco,India,,,0,"This job is with Capco, an inclusive employer and a member of myGwork – the largest global platform for the LGBTQ business community. Please do not contact the recruiter directly. Job Title: SOX Compliance About Us “Capco, a Wipro company, is a global technology and management consulting firm. Awarded with Consultancy of the year in the British Bank Award and has been ranked Top 100 Best Companies for Women in India 2022 by Avtar & Seramount . With our presence across 32 cities across globe, we…",2026-08-12T01:59:43Z,https://www.adzuna.in/land/ad/5837139895?se=fo45eimW8RGjz7ZOIswnvQ&utm_medium=api&utm_source=f8f3e256&v=79B2AB8CAF9701F61DCB4DE422AE3B158EB7D1F2,data analyst,2026-08-12T08:40:33.301504+00:00
"Associate Director, Technical Consultant - Data Engineering - DRACOE",MSD,"Hyderabad, Telangana",,,0,"This job is with MSD, an inclusive employer and a member of myGwork – the largest global platform for the LGBTQ business community. Please do not contact the recruiter directly. Job Description The Opportunity Based in Hyderabad, join a global healthcare biopharma company and be part of a 130- year legacy of success backed by ethical integrity, forward momentum, and an inspiring mission to achieve new milestones in global healthcare. Be part of an organisation driven by digital technology and d…",2026-08-08T17:56:27Z,https://www.adzuna.in/land/ad/5833433951?se=5g_IhCmW8RGiYpuj0Q3xbQ&utm_medium=api&utm_source=f8f3e256&v=2DC128B1C149CDD0A05DFE6ED87CE0CE7D7D20C5,data analyst,2026-08-12T08:40:50.752462+00:00
"Senior Specialist, ESE ML Engineer",MSD,"Hyderabad, Telangana",,,0,"This job is with MSD, an inclusive employer and a member of myGwork – the largest global platform for the LGBTQ business community. Please do not contact the recruiter directly. Job Description Senior Specialist, ESE ML Engineer The Opportunity Join a global biopharma company with a 130-year legacy and mission to achieve new milestones in healthcare. Be part of technology driven, data-led organization supporting a diversified portfolio of medicines, vaccines and animal health products. Work alo…",2026-08-08T17:56:27Z,https://www.adzuna.in/land/ad/5833433947?se=5g_IhCmW8RGiYpuj0Q3xbQ&utm_medium=api&utm_source=f8f3e256&v=9B0E4CC1D6E902714441C8F739851D6D39D01548,data analyst,2026-08-12T08:40:50.752462+00:00
Data Strategy Innovation Analyst,MSD,"Hyderabad, Telangana",,,0,"This job is with MSD, an inclusive employer and a member of myGwork – the largest global platform for the LGBTQ business community. Please do not contact the recruiter directly. Job Description Data Strategy Innovation Analyst The Opportunity Based in Hyderabad, join a global healthcare biopharma company and be part of a 130-year legacy of success backed by ethical integrity, forward momentum, and an inspiring mission to achieve new milestones in global healthcare. Be part of an organisation dr…",2026-08-06T16:01:53Z,https://www.adzuna.in/land/ad/5830301684?se=yK2SiimW8RGyJv_SKqSqMQ&utm_medium=api&utm_source=f8f3e256&v=AD56990E865B510D2B115237E0928C25ED069F54,data analyst,2026-08-12T08:41:00.718863+00:00
Geographic Information Systems Analyst,Tata Consultancy Services,"Chennai, Tamil Nadu",,,0,"Role: GIS Data Analyst Required Technical Skill Set • Spatial Data Editing, Transformation and Analysis • ArcGIS Pro • GeoProcessing Tools/Tasks • Knowledge of Various GIS Data formats (FGDB, Shapefiles, CSV etc) • Esri GeoDatabase (PostgreSQL) • Spatial Queries on PostgreSQL • Hands on Experience on UNM Data Model • Python Development with strong ArcPy. Arcade skills for automation, data cleanup, and validation • Experience in spatial data transformation, ETL processes, and data migration tool…",2026-08-06T17:50:30Z,https://www.adzuna.in/land/ad/5830416841?se=yK2SiimW8RGyJv_SKqSqMQ&utm_medium=api&utm_source=f8f3e256&v=FEC7D1EE1AA6A4B6A26ECD8DABAFA0FB15700B42,data analyst,2026-08-12T08:41:00.718863+00:00
IT&D Senior Business Analyst - T&E,Reckitt,"Hyderabad, Telangana",,,0,"This job is with Reckitt, an inclusive employer and a member of myGwork – the largest global platform for the LGBTQ business community. Please do not contact the recruiter directly. We are Reckitt Home to the world's best loved and trusted hygiene, health, and nutrition brands. Our purpose defines why we exist: to protect, heal and nurture in the relentless pursuit of a cleaner, healthier world. We are a global team united by this purpose.Join us in our fight to make access to the highest quali…",2026-08-12T01:59:37Z,https://www.adzuna.in/land/ad/5837139467?se=UGrMjimW8RGyJv_SKqSqMQ&utm_medium=api&utm_source=f8f3e256&v=3B0272AB4CDEBE294E14BB9E4FD1656AA5A004EF,business analyst,2026-08-12T08:41:07.610874+00:00
Business Analyst – Cash Management & Intraday Liquidity,Capco,India,,,0,"This job is with Capco, an inclusive employer and a member of myGwork – the largest global platform for the LGBTQ business community. Please do not contact the recruiter directly. Job Title: Business Analyst – Cash Management & Intraday Liquidity About Us “Capco, a Wipro company, is a global technology and management consulting firm. Awarded with Consultancy of the year in the British Bank Award and has been ranked Top 100 Best Companies for Women in India 2022 by Avtar & Seramount . With our p…",2026-08-12T01:59:37Z,https://www.adzuna.in/land/ad/5837139481?se=UGrMjimW8RGyJv_SKqSqMQ&utm_medium=api&utm_source=f8f3e256&v=9164B7D4E7E10EA6F7B9DAEA6492B89AEE051E14,business analyst,2026-08-12T08:41:07.610874+00:00
Data Engineer - Python and Azure Data Bricks,Capco,India,,,0,"This job is with Capco, an inclusive employer and a member of myGwork – the largest global platform for the LGBTQ business community. Please do not contact the recruiter directly. Job Title: Data Engineer - Python and Azure Data Bricks About Us “Capco, a Wipro company, is a global technology and management consulting firm. Awarded with Consultancy of the year in the British Bank Award and has been ranked Top 100 Best Companies for Women in India 2022 by Avtar & Seramount . With our presence acr…",2026-08-12T01:59:39Z,https://www.adzuna.in/land/ad/5837139650?se=UGrMjimW8RGyJv_SKqSqMQ&utm_medium=api&utm_source=f8f3e256&v=025DC64898BBEE97D8ECB9A23E8E85E4623C0D15,business analyst,2026-08-12T08:41:07.610874+00:00
KYC Funds BA,Capco,"Mumbai, Maharashtra",,,0,"This job is with Capco, an inclusive employer and a member of myGwork – the largest global platform for the LGBTQ business community. Please do not contact the recruiter directly. Job Title: KYC Funds BA About Us “Capco, a Wipro company, is a global technology and management consulting firm. Awarded with Consultancy of the year in the British Bank Award and has been ranked Top 100 Best Companies for Women in India 2022 by Avtar & Seramount . With our presence across 32 cities across globe, we s…",2026-08-12T01:59:40Z,https://www.adzuna.in/land/ad/5837139701?se=UGrMjimW8RGyJv_SKqSqMQ&utm_medium=api&utm_source=f8f3e256&v=0DDE9BEE0F7EE069CE333A59BC78BCEE99E98679,business analyst,2026-08-12T08:41:07.610874+00:00
IT&D Product Manager - Genesis Procurement,Reckitt,"Hyderabad, Telangana",,,0,"This job is with Reckitt, an inclusive employer and a member of myGwork – the largest global platform for the LGBTQ business community. Please do not contact the recruiter directly. We are Reckitt Home to the world's best loved and trusted hygiene, health, and nutrition brands. Our purpose defines why we exist: to protect, heal and nurture in the relentless pursuit of a cleaner, healthier world. We are a global team united by this purpose.Join us in our fight to make access to the highest quali…",2026-08-12T01:59:42Z,https://www.adzuna.in/land/ad/5837139791?se=UGrMjimW8RGyJv_SKqSqMQ&utm_medium=api&utm_source=f8f3e256&v=34E02FF33A1A75C09D0AF3422EEB8F4A09BCD5A7,business analyst,2026-08-12T08:41:07.610874+00:00
ServiceNow CSM Developer,Thermo Fisher Scientific,"Bangalore, Karnataka",,,0,"This job is with Thermo Fisher Scientific, an inclusive employer and a member of myGwork – the largest global platform for the LGBTQ business community. Please do not contact the recruiter directly. Work Schedule Standard (Mon-Fri) Environmental Conditions Office Job Description As part of the Thermo Fisher Scientific team, you’ll discover meaningful work that makes a positive impact on a global scale. Join our colleagues in bringing our Mission to life every single day to enable our customers …",2026-08-12T01:59:44Z,https://www.adzuna.in/land/ad/5837139934?se=UGrMjimW8RGyJv_SKqSqMQ&utm_medium=api&utm_source=f8f3e256&v=554593E94AFDDE0DA41D34A82D1256B0499DECD6,business analyst,2026-08-12T08:41:07.610874+00:00
Corporate Actions,Capco,India,,,0,"This job is with Capco, an inclusive employer and a member of myGwork – the largest global platform for the LGBTQ business community. Please do not contact the recruiter directly. Job Title: Business Analyst Market Risk About Us “Capco, a Wipro company, is a global technology and management consulting firm. Awarded with Consultancy of the year in the British Bank Award and has been ranked Top 100 Best Companies for Women in India 2022 by Avtar & Seramount . With our presence across 32 cities ac…",2026-08-12T01:59:37Z,https://www.adzuna.in/land/ad/5837139460?se=UGrMjimW8RGyJv_SKqSqMQ&utm_medium=api&utm_source=f8f3e256&v=F9D75DE94F8D7E4253DA5E528CC0F4F76B63B107,business analyst,2026-08-12T08:41:07.610874+00:00
Liquidity - Design Analyst,Capco,India,,,0,"This job is with Capco, an inclusive employer and a member of myGwork – the largest global platform for the LGBTQ business community. Please do not contact the recruiter directly. Role purpose This role is within the Design capability for Finance on the cloud under Transformation Family. Requirement Analysis & Design team is a team formed under change delivery and this role is expected to support Finance in the cloud design & implementation work India. The team consist of 30-40 Business analyst…",2026-08-12T01:59:39Z,https://www.adzuna.in/land/ad/5837139625?se=UGrMjimW8RGyJv_SKqSqMQ&utm_medium=api&utm_source=f8f3e256&v=4512448BB1CAA607C8FADF9953897FB2699D9547,business analyst,2026-08-12T08:41:07.610874+00:00
Data Scientist,Capco,"Bangalore, Karnataka",,,0,"This job is with Capco, an inclusive employer and a member of myGwork – the largest global platform for the LGBTQ business community. Please do not contact the recruiter directly. About Us “Capco, a Wipro company, is a global technology and management consulting firm. Awarded with Consultancy of the year in the British Bank Award and has been ranked Top 100 Best Companies for Women in India 2022 by Avtar & Seramount . With our presence across 32 cities across globe, we support 100 clients acros…",2026-08-12T01:59:37Z,https://www.adzuna.in/land/ad/5837139493?se=UGrMjimW8RGyJv_SKqSqMQ&utm_medium=api&utm_source=f8f3e256&v=DA93CCFD0CB3124A71ACB44AE4AFB8BE0DC9A865,business analyst,2026-08-12T08:41:07.610874+00:00
"Assoc, Quality Eng, WRB Tech",Standard Chartered Bank,"Chennai, Tamil Nadu",,,0,"This job is with Standard Chartered Bank, an inclusive employer and a member of myGwork – the largest global platform for the LGBTQ business community. Please do not contact the recruiter directly. Job Summary Role Summary We are seeking a highly motivated and detail-oriented Senior Test Engineer with 5-8 years of experience in software testing and quality engineering in Temenos T24 application. The ideal candidate will be responsible for ensuring application quality through comprehensive test …",2026-08-12T01:59:13Z,https://www.adzuna.in/land/ad/5837138653?se=UGrMjimW8RGyJv_SKqSqMQ&utm_medium=api&utm_source=f8f3e256&v=094D7045362A8762368801B5E550827739421F8E,business analyst,2026-08-12T08:41:07.610874+00:00
Senior Data Scientist - Casualty Analytics,WTW,"Thane, Maharashtra",,,0,"This job is with WTW, an inclusive employer and a member of myGwork – the largest global platform for the LGBTQ business community. Please do not contact the recruiter directly. Description About Willis Towers Watson: Willis Towers Watson (NASDAQ: WTW) is a leading global advisory, broking, and solutions company that helps clients around the world turn risk into a path for growth. With roots dating to 1828, Willis Towers Watson has 45,000 employees serving more than 140 countries and markets. W…",2026-08-12T01:59:13Z,https://www.adzuna.in/land/ad/5837138642?se=UGrMjimW8RGyJv_SKqSqMQ&utm_medium=api&utm_source=f8f3e256&v=87B0E08165259C21DEC01F4A70F9A8DC7DF8DD8A,business analyst,2026-08-12T08:41:07.610874+00:00
Functional Tester / Test Lead,Kyndryl,"Chennai, Tamil Nadu",,,0,"This job is with Kyndryl, an inclusive employer and a member of myGwork – the largest global platform for the LGBTQ business community. Please do not contact the recruiter directly. Who We Are At Kyndryl, we run and reimagine the mission-critical technology systems that drive advantage for the world's leading businesses. We are at the heart of progress; with proven expertise and a continuous flow of AI-powered insight, enabling smarter decisions, faster innovation, and a lasting competitive edg…",2026-08-12T01:59:13Z,https://www.adzuna.in/land/ad/5837138676?se=UGrMjimW8RGyJv_SKqSqMQ&utm_medium=api&utm_source=f8f3e256&v=FB908868DD656E06EA90C4865246AEBEB71C2E51,business analyst,2026-08-12T08:41:07.610874+00:00
Software Engineer,Cornerstone OnDemand,"Pune, Maharashtra",,,0,"This job is with Cornerstone OnDemand, an inclusive employer and a member of myGwork – the largest global platform for the LGBTQ business community. Please do not contact the recruiter directly. CSODis seeking an experienced Salesforce Developer to design, develop, enhance, andsupport enterprise solutions on the Salesforce platform with a primary focus onIT Service Management (ITSM) and HR service delivery / HR case managementmodules. This role will be responsible for building scalable business…",2026-08-12T01:59:32Z,https://www.adzuna.in/land/ad/5837139300?se=UGrMjimW8RGyJv_SKqSqMQ&utm_medium=api&utm_source=f8f3e256&v=D2819CB191D4CF3D876CD7EA335D939FFECEBFB1,business analyst,2026-08-12T08:41:07.610874+00:00
Project Manager,Infoneo Technologies Private Limited,"Mumbai, Maharashtra",,,0,"Location: Mumbai Experience: Minimum 5 Years Employment Type: Full-Time Joining: Immediate Infoneo Technologies Pvt. Ltd. is looking for an experienced Project Manager to lead the execution and delivery of Government IT projects. The ideal candidate should have strong project management skills, hands-on experience in handling software development lifecycles, stakeholder management, and team coordination. The candidate must possess a valid PMP certification and have prior experience managing Cen…",2026-08-11T16:12:23Z,https://www.adzuna.in/land/ad/5836624044?se=3viNkimW8RGyJv_SKqSqMQ&utm_medium=api&utm_source=f8f3e256&v=564B753DA587CA7C2751342F79B9BB889273D25B,business analyst,2026-08-12T08:41:13.943648+00:00
"Associate Director, Technical Consultant - Data Engineering - DRACOE",MSD,"Hyderabad, Telangana",,,0,"This job is with MSD, an inclusive employer and a member of myGwork – the largest global platform for the LGBTQ business community. Please do not contact the recruiter directly. Job Description The Opportunity Based in Hyderabad, join a global healthcare biopharma company and be part of a 130- year legacy of success backed by ethical integrity, forward momentum, and an inspiring mission to achieve new milestones in global healthcare. Be part of an organisation driven by digital technology and d…",2026-08-08T17:56:27Z,https://www.adzuna.in/land/ad/5833433951?se=ACopnymW8RGNEO0SxDr7vQ&utm_medium=api&utm_source=f8f3e256&v=2DC128B1C149CDD0A05DFE6ED87CE0CE7D7D20C5,business analyst,2026-08-12T08:41:34.789820+00:00
"Senior Specialist, ESE ML Engineer",MSD,"Hyderabad, Telangana",,,0,"This job is with MSD, an inclusive employer and a member of myGwork – the largest global platform for the LGBTQ business community. Please do not contact the recruiter directly. Job Description Senior Specialist, ESE ML Engineer The Opportunity Join a global biopharma company with a 130-year legacy and mission to achieve new milestones in healthcare. Be part of technology driven, data-led organization supporting a diversified portfolio of medicines, vaccines and animal health products. Work alo…",2026-08-08T17:56:27Z,https://www.adzuna.in/land/ad/5833433947?se=ACopnymW8RGNEO0SxDr7vQ&utm_medium=api&utm_source=f8f3e256&v=9B0E4CC1D6E902714441C8F739851D6D39D01548,business analyst,2026-08-12T08:41:34.789820+00:00
Senior Data Analyst II,Elsevier,India,,,0,"This job is with Elsevier, an inclusive employer and a member of myGwork – the largest global platform for the LGBTQ business community. Please do not contact the recruiter directly. Sr Data Analyst II (Content Flow Analytics) Would you like to be part of a team that delivers high-quality software to our customers? Are you a highly visible champion with a 'can do' attitude and enthusiasm that inspires others? About our Team:- Elsevier Health applies innovation, facilitates insights, and helps d…",2026-07-31T09:50:11Z,https://www.adzuna.in/land/ad/5821999957?se=tF7OoimW8RGiYpuj0Q3xbQ&utm_medium=api&utm_source=f8f3e256&v=E97CC1AD76EE1B8364CB7E9D769FC38D54799E07,junior data analyst,2026-08-12T08:41:40.626654+00:00
"Intermediate Professional, Supply Chain Management",WSP USA,"Noida, Ghaziabad",,,0,"We are seeking a dynamic and experienced Data Analyst to join our Global Business Services team at WSP.com. The Data Analyst will play a crucial role in ensuring that supplier data is accurate, up-to-date, and compliant with internal policies and external regulations. They will typically work within procurement, supply chain, or finance departments and focus on cleansing and enriching the integrity of supplier records, enabling eUicient supplier management, purchasing processes, and risk mitiga…",2026-08-13T11:05:06Z,https://www.adzuna.in/details/5839601904?utm_medium=api&utm_source=f8f3e256,data analyst,2026-08-13T07:32:20.061494+00:00
Analyst-Data Governance & Management,American Express,India,,,0,"Analyst-Data Governance & Management Gurugram, HR, India (Hybrid) Job Description Credit and Fraud Risk (CFR) team helps drive profitable business growth by reducing the risk of fraud and maintaining industry lowest credit loss rates. It utilizes an array of tools and ever-evolving technology to detect and combat fraud, minimize the disruption of good spending, and provide a world-class customer experience. The team leads efforts that leverage data and digital advancements to improve risk manag…",2026-08-13T11:04:28Z,https://www.adzuna.in/details/5839597563?utm_medium=api&utm_source=f8f3e256,data analyst,2026-08-13T07:32:20.061494+00:00
Senior Analyst-Data Analytics,American Express,India,,,0,"Senior Analyst-Data Analytics Gurugram, HR, India (Hybrid) Job Description About The Team The Analytics, Investments and Marketing Enablement (AIM) team-within Global Commercial Services Marketing (GCSM)-is the analytics engine powering Commercial customer acquisition, engagement, and retention. AIM develops insights, data products, and analytical solutions that shape smarter marketing and powerful digital experiences. This role sits within the Paid Media, Affiliates & Cobrand Analytics team, s…",2026-08-13T11:04:27Z,https://www.adzuna.in/details/5839597492?utm_medium=api&utm_source=f8f3e256,data analyst,2026-08-13T07:32:20.061494+00:00
Senior Analyst-Data Science,American Express,"Bangalore, Karnataka",,,0,"Senior Analyst-Data Science Bengaluru, KA, India (Hybrid) Job Description Fraud, CBO and Payments Risk Decision Science Team of American Express is looking for a tenured Analyst or Sr.Analyst who would be actively involved in developing, refining and implementing ML models for Payments Risk Decision Sciences domain. Responsibilities Responsible for:  Leverage advanced ML techniques to innovate for the next generation of models and drive business growth  Conduct case reviews to generate insights…",2026-08-13T11:04:27Z,https://www.adzuna.in/details/5839597510?utm_medium=api&utm_source=f8f3e256,data analyst,2026-08-13T07:32:20.061494+00:00
"Associate Director, DAAI",HSBC,"Bangalore, Karnataka",,,0,"Associate Director, DAAI Location: Bangalore, KA, IN, 560103 Brand: HSBC Area of Interest: Closing Date: Hybrid Worker Date: 11 Aug 2026 Job description Job title: Associate Director, DAAI  We are seeking an experienced AI product owner to lead the strategy, development and optimization of a hyper personalization and lead recommendation platform. This role bridges business, data science, engineering and growth teams to deliver intelligent recommendation systems that improve customer engagement,…",2026-08-13T11:04:23Z,https://www.adzuna.in/details/5839597095?utm_medium=api&utm_source=f8f3e256,data analyst,2026-08-13T07:32:20.061494+00:00
Data Engineer - Palantir - Mumbai,Burns & McDonnell,"Mumbai, Maharashtra",,,0,"Description Data Integration & Ingress: Configure and manage secure, scalable, and resilient data connections. Set up flexible ingress topologies to bring in multi-modal data streams (structured, unstructured, streaming, IoT, etc.). Pipeline Orchestration: Design, implement, and maintain robust, automated data pipelines using Pipeline Builder and code repositories Ontology Management: Create, configure, and manage core Ontology objects inside Palantir Foundry to model real-world concepts. Appli…",2026-08-13T11:04:07Z,https://www.adzuna.in/details/5839595037?utm_medium=api&utm_source=f8f3e256,data analyst,2026-08-13T07:32:20.061494+00:00
Senior Analyst - Data & Process Management,Sanofi Group,"Hyderabad, Telangana",,,0,"· Job title : _Senior Analyst - Data & Process Management_ · _Location_ _: Hyderabad/Mumbai_ · _% of travel expected_ _: Travel required as per business need, if any_ · _Job type_ _: Permanent and Full time_ About the job Our Team: _Sanofi Business Operation (SBO) is an internal Sanofi resource organization based in India and is setup to centralize processes and activities to support Specialty Care, Vaccines, General Medicines, CHC, CMO, and R&D, Data & Digital functions?. SBO strives to be a s…",2026-08-13T11:03:54Z,https://www.adzuna.in/details/5839593285?utm_medium=api&utm_source=f8f3e256,data analyst,2026-08-13T07:32:20.061494+00:00
Manual Test Engineer,"NTT America, Inc.","Gurgaon, Haryana",,,0,"Req ID: 383825 NTT DATA strives to hire exceptional, innovative and passionate individuals who want to grow with us. If you want to be part of an inclusive, adaptable, and forward-thinking organization, apply now. We are currently seeking a Manual Test Engineer to join our team in Gurgaon, Haryana (IN-HR), India (IN). Key Responsibilities  Analyze requirements and prepare test cases.  Perform Functional, Regression, Integration, System, and UAT testing.  Execute web and mobile application testi…",2026-08-13T11:03:40Z,https://www.adzuna.in/details/5839591808?utm_medium=api&utm_source=f8f3e256,data analyst,2026-08-13T07:32:20.061494+00:00
Data Engineer,Mondelez International,"Mumbai, Maharashtra",,,0,Job Description Are You Ready to Make It Happen at Mondelez International? Join our Mission to Lead the Future of Snacking. Make It With Pride. Together with analytics team leaders you will support our business with excellent data models to uncover trends that can drive long-term business results. How you will contribute You will:  Execute the business analytics agenda in conjunction with analytics team leaders  Work with best-in-class external partners who leverage analytics tools and processe…,2026-08-13T11:03:33Z,https://www.adzuna.in/details/5839591192?utm_medium=api&utm_source=f8f3e256,data analyst,2026-08-13T07:32:20.061494+00:00
Data Engineer / Analyst,"McAfee, Inc.","Bangalore, Karnataka",,,0,"Role Summary We are looking for a Data Engineer with Analytics for our Consumer Protection Team to transform operational analytics for the consumer protection team to analyze customer and internal data, improving both what our products deliver and how they are delivered. Drive efficiency of the CP organization and enhance effectiveness and reliability of CP products through scalable data pipelines, AI-powered insights, and real-time monitoring. This is a Hybrid position located at our Bangalore…",2026-08-13T11:03:29Z,https://www.adzuna.in/details/5839590619?utm_medium=api&utm_source=f8f3e256,data analyst,2026-08-13T07:32:20.061494+00:00
Advanced Data Engineer,Honeywell,"Hyderabad, Telangana",,,0,"Sr Data Management Analyst - Informatica (ETL)  Advanced Data Engineer Advanced Data Engineer is responsible for implementing the data solutions for transformation and migration for ERP deployments by utilizing established processes. The Advanced Data Engineer is also responsible to provide technical leadership, data functional excellence, understand ERP GDM requirements and convert them into technical solutions work closely with co-source partners and support multiple SAP deployment projects. …",2026-08-13T11:03:10Z,https://www.adzuna.in/details/5839588447?utm_medium=api&utm_source=f8f3e256,data analyst,2026-08-13T07:32:20.061494+00:00
Advanced Data Engineer,Honeywell,"Bangalore, Karnataka",,,0,"Sr Data Management Analyst - Informatica (ETL)  Advanced Data Engineer Advanced Data Engineer is responsible for implementing the data solutions for transformation and migration for ERP deployments by utilizing established processes. The Advanced Data Engineer is also responsible to provide technical leadership, data functional excellence, understand ERP GDM requirements and convert them into technical solutions work closely with co-source partners and support multiple SAP deployment projects. …",2026-08-13T11:03:09Z,https://www.adzuna.in/details/5839588364?utm_medium=api&utm_source=f8f3e256,data analyst,2026-08-13T07:32:20.061494+00:00
Software Engineer,Ford Motor Company,"Chennai, Tamil Nadu",,,0,"This role demands a technically deep, detail-oriented engineer who can automate data pipelines, work across complex legacy and modern database systems, and collaborate with diverse engineering and business teams in a fast-paced fintech environment. Data Masking & Obfuscation:  Implement, configure, and maintain enterprise data masking solutions using tools such as IBM Optim.  Perform data discovery and profiling across structured and unstructured data sources to identify and classify sensitive …",2026-08-13T11:02:43Z,https://www.adzuna.in/details/5839586058?utm_medium=api&utm_source=f8f3e256,data analyst,2026-08-13T07:32:20.061494+00:00
Analyst - Data,Eaton Corporation,"Pune, Maharashtra",,,0,"What you'll do: This role warrants leading Customer data cleaning and enrichment related projects for Eaton's electrical North America business. Ensure that the customer data meets the required data quality. The candidate will also be responsible for Address clean-up, Hierarchy assignment and management, selling relationship assignment and management. 1. Work directly with the sales and marketing teams in ES NA to improve the customer master data in Customer data hub (TPH), Reltio, ERP & CRM 2.…",2026-08-13T11:02:36Z,https://www.adzuna.in/details/5839585385?utm_medium=api&utm_source=f8f3e256,data analyst,2026-08-13T07:32:20.061494+00:00
Associate Analyst - MDM,Eaton Corporation,"Pune, Maharashtra",,,0,"What you'll do: Eaton announced, on June 11, 2026, the intent to combine its Mobility Group (including both the Vehicle and eMobility segments) with a new company. We expect to complete this process by the end of the first half of 2027. The compensation and benefits that will initially be offered for this position are based on Eaton's plans, programs and practices. If you are offered and accept this position and are actively employed by the Mobility Group when the transaction closes, the new co…",2026-08-13T11:02:36Z,https://www.adzuna.in/details/5839585382?utm_medium=api&utm_source=f8f3e256,data analyst,2026-08-13T07:32:20.061494+00:00
Data Analyst 2,Comcast,"Chennai, Tamil Nadu",,,0,"Comcast brings together the best in media and technology. We drive innovation to create the world's best entertainment and online experiences. As a Fortune 50 leader, we set the pace in a variety of innovative and fascinating businesses and create career opportunities across a wide range of locations and disciplines. We are at the forefront of change and move at an amazing pace, thanks to our remarkable people, who bring cutting-edge products and services to life for millions of customers every…",2026-08-13T11:02:22Z,https://www.adzuna.in/details/5839583721?utm_medium=api&utm_source=f8f3e256,data analyst,2026-08-13T07:32:20.061494+00:00
Senior IT Analyst Applications (Supply Chain Business Analyst ),"Caterpillar, Inc.","Bangalore, Karnataka",,,0,"Career Area: Technology, Digital and Data Job Description: Your Work Shapes the World at Caterpillar Inc. When you join Caterpillar, you're joining a global team who cares not just about the work we do - but also about each other. We are the makers, problem solvers, and future world builders who are creating stronger, more sustainable communities. We don't just talk about progress and innovation here - we make it happen, with our customers, where we work and live. Together, we are building a be…",2026-08-13T11:01:51Z,https://www.adzuna.in/details/5839581203?utm_medium=api&utm_source=f8f3e256,data analyst,2026-08-13T07:32:20.061494+00:00
"Sr. Program Manager, Growth",Amazon,"Bangalore, Karnataka",,,0,"Description Amazon strives to be the world's most customer centric company. To support that, Retail Business services (RBS), Growth which focuses on improving Amazon WW topline by improving CX for our customers. RBS Growth is looking for a Senior Program Manager who can work at all levels of detail to accomplish team/organization goals, for our Growth Opportunities offering. The Sr Program Manager for the Growth Opportunities team will own end-to-end program execution focused on identifying, qu…",2026-08-13T11:01:26Z,https://www.adzuna.in/details/5839578887?utm_medium=api&utm_source=f8f3e256,data analyst,2026-08-13T07:32:20.061494+00:00
Staff Data Engineer - Product Engagement(Data Analytics Team) Hyderabad,Warner Bros. Discovery,"Hyderabad, Telangana",,,0,"This job is with Warner Bros. Discovery, an inclusive employer and a member of myGwork – the largest global platform for the LGBTQ business community. Please do not contact the recruiter directly. Welcome to Warner Bros. Discovery… the stuff dreams are made of. Who We Are… When we say, “the stuff dreams are made of,” we’re not just referring to the world of wizards, dragons and superheroes, or even to the wonders of Planet Earth. Behind WBD’s vast portfolio of iconic content and beloved brands,…",2026-08-13T08:00:36Z,https://www.adzuna.in/land/ad/5839268426?se=KvtKHOmW8RGF8ab7BF-kiA&utm_medium=api&utm_source=f8f3e256&v=61D21607C8D149678B75977093F1FF3BABA6F2B1,data analyst,2026-08-13T07:32:20.061494+00:00
Operations Support | Impetus,Fynd,"Bangalore, Karnataka",,,0,"What will you do at Fynd Product expertise and its nuances: Become a specialist for the given product to suggest improvements and new features to improve usability and adoption Adoption: Develop and implement scalable processes to enhance product development, release, and feedback loops. Ensure tools are well-integrated into the product development lifecycle. Continuously evaluate and optimize tooling to support efficiency and scalability. UAT: Evangelizing the product and its business value: A…",2026-08-13T07:33:39Z,https://www.adzuna.in/details/5839227882?utm_medium=api&utm_source=f8f3e256,data analyst,2026-08-13T07:32:20.061494+00:00
Data Analyst - Consumer Analytics-2,Eli Lilly And Company,"Bangalore, Karnataka",,,0,"As Eli Lilly strives to achieve its purpose of making life better for patients, we have been building up our in-house Consumer Experience function, which will design and execute next-generation marketing campaigns aimed at informing and educating consumers (or patients) directly. To support the Consumer marketing teams in their decision-making, a data and analytics team has been set up in Indianapolis (HQ) and Bengaluru (LCCI). This team will be responsible for setting up the data warehouses ne…",2026-08-13T07:31:47Z,https://www.adzuna.in/details/5839221135?utm_medium=api&utm_source=f8f3e256,data analyst,2026-08-13T07:32:20.061494+00:00
Associate / Senior Associate - CDS,Eli Lilly And Company,"Bangalore, Karnataka",,,0,"The Clinical Data Management Associate is responsible for trial level clinical data execution including database structure, content and meaning, acquisition, validation, storage, retrieval, interchange, delivery and representation. This requires an in depth understanding of data standards, data collection design, data flow management, data quality, data validation, data review, central coding, data technology, dataset delivery, adjudication coordination, archiving and decommissioning. The Clini…",2026-08-13T07:31:46Z,https://www.adzuna.in/details/5839221124?utm_medium=api&utm_source=f8f3e256,data analyst,2026-08-13T07:32:20.061494+00:00
Data Analyst,Scout Incorporation,"Bangalore, Karnataka",2500000.0,4000000.0,0,"We're looking for Data Analysts! Qualifications: Adobe Analytics Implementation: Lead the design, configuration, and implementation of Adobe Analytics solutions for clients. Ensure the deployment meets business objectives and that data collection, reporting, and analysis are aligned with client goals. Client Consultation & Strategy: Partner with clients to understand their business requirements, translate these into actionable analytics strategies, and provide advice on best practices for setti…",2026-08-13T07:04:50Z,https://www.adzuna.in/details/5839177561?utm_medium=api&utm_source=f8f3e256,data analyst,2026-08-13T07:32:20.061494+00:00
Associate Data Governance Manager,Ralph Lauren,"Bangalore, Karnataka",,,0,"Ralph Lauren Corporation (NYSE:RL) is a global leader in the design, marketing and distribution of premium lifestyle products in five categories: apparel, accessories, home, fragrances, and hospitality. For more than 50 years, Ralph Lauren's reputation and distinctive image have been consistently developed across an expanding number of products, brands and international markets. The Company's brand names, which include Ralph Lauren, Ralph Lauren Collection, Ralph Lauren Purple Label, Polo Ralph…",2026-08-13T05:44:32Z,https://www.adzuna.in/details/5839099605?utm_medium=api&utm_source=f8f3e256,data analyst,2026-08-13T07:32:20.061494+00:00
"Operations Research Scientist, ROW SHARP Research",Amazon,"Bangalore, Karnataka",,,0,"Description Join Amazon's Rest of World Supply Chain Research team to revolutionize supply chain planning across multiple geographies including India, Japan, Mexico, Brazil, MENA, Australia, and Singapore. As an Operations Research Scientist, you'll develop optimization solutions using simulations, integer programming, and heuristic search to solve complex short-term capacity planning challenges that directly impact millions of customers worldwide. Key job responsibilities We are looking for an…",2026-08-13T05:44:32Z,https://www.adzuna.in/details/5839099579?utm_medium=api&utm_source=f8f3e256,data analyst,2026-08-13T07:32:20.061494+00:00
Data Engineer,Insight Advisors Private Limited,"Yerwada, Pune",,,0,"Designation – Data Engineer Location – Pune, Maharashtra, India Experience: 5–8 Years (Minimum 5 Years Relevant Experience) Qualification: B.E./B.Tech, M.E./M.Tech, MCA, or equivalent in Computer Science/IT or a related field. Work Mode: Hybrid Primary Skill Set: Databricks, Python, Spark, SQL Job Description – Data Engineer Data Pipeline Development & Operations Design, build, and operate scalable and reliable data pipelines on the Databricks platform. Develop end-to-end data workflows from in…",2026-08-13T03:01:51Z,https://www.adzuna.in/details/5838756841?utm_medium=api&utm_source=f8f3e256,data analyst,2026-08-13T07:32:20.061494+00:00
Junior business Analyst,Happiest Resume,"Delhi, India",100000.0,600000.0,0,"Website - https://taplend.in/ JD- Junior Data Analyst Location: Delhi Experience: 0–2 Years Role Summary Support the Data Science, Risk and Business teams by developing analytical datasets, dashboards and actionable insights that enable data-driven lending decisions, portfolio monitoring and operational excellence. Key Responsibilities ● Write efficient SQL queries to extract, transform and analyze data from multiple sources. ● Develop dashboards, automate recurring reports and monitor key busi…",2026-08-13T02:55:55Z,https://www.adzuna.in/details/5838750286?utm_medium=api&utm_source=f8f3e256,data analyst,2026-08-13T07:32:20.061494+00:00
Junior Data Analyst,Happiest Resume,"Delhi, India",100000.0,700000.0,0,"We are seeking a highly motivated and detail-oriented Junior Data Analyst to join our team. As a Junior Data Analyst, you will play a key role in supporting the Data Science, Risk, and Business teams by developing analytical datasets, dashboards, and actionable insights that enable data-driven lending decisions, portfolio monitoring, and operational excellence. You will work closely with cross-functional teams to identify business needs and develop data-driven solutions. Your primary responsibi…",2026-08-13T02:55:55Z,https://www.adzuna.in/details/5838750295?utm_medium=api&utm_source=f8f3e256,data analyst,2026-08-13T07:32:20.061494+00:00
Junior Data Analyst,Happiest Resume,"New Delhi, Delhi",100000.0,700000.0,0,"We are seeking a highly motivated and detail-oriented Junior Data Analyst to join our team. As a Junior Data Analyst, you will play a key role in supporting the Data Science, Risk, and Business teams by developing analytical datasets, dashboards, and actionable insights that enable data-driven lending decisions, portfolio monitoring, and operational excellence. You will work closely with cross-functional teams to drive business growth and improve operational efficiency. Your primary responsibil…",2026-08-13T02:55:55Z,https://www.adzuna.in/details/5838750293?utm_medium=api&utm_source=f8f3e256,data analyst,2026-08-13T07:32:20.061494+00:00
Databricks Engineer,Blend360,India,,,0,"Job Description We are looking for an experienced Azure Databricks Engineer with strong hands-on expertise in Python, SQL, and Apache Spark to design, build, and optimize scalable data pipelines and analytics solutions on the Azure cloud platform. The ideal candidate should have experience working with large datasets, distributed data processing, and modern data engineering practices. Responsibilities Design, develop, and maintain scalable data pipelines using Azure Databricks Implement ETL/ELT…",2026-08-13T01:26:46Z,https://www.adzuna.in/details/5838722143?utm_medium=api&utm_source=f8f3e256,data analyst,2026-08-13T07:32:20.061494+00:00
Senior Data Engineer,Version 1,"Mumbai, Maharashtra",,,0,"Job Description We are looking for a Senior Data Engineer to join Version 1’s Data & AI Practice, working on modern data platforms for enterprise and regulated clients. You will be a hands‑on engineer with strong production experience, contributing to the design, build, and operation of scalable, cloud‑native data solutions that enable analytics and AI at scale. This is a delivery‑focused role for an experienced engineer who enjoys solving complex data challenges, takes ownership of outcomes, a…",2026-08-13T01:26:46Z,https://www.adzuna.in/details/5838722140?utm_medium=api&utm_source=f8f3e256,data analyst,2026-08-13T07:32:20.061494+00:00
Senior Data Operations Analyst - Python,NielsenIQ,"Gurgaon, Haryana",,,0,"Job Description Python knowledge is mandatory Role Overview: As a Senior Analyst, you will be responsible for executing Business As Usual (BAU) production tasks with expert-level proficiency. This includes advanced data coding, data matching, and comprehensive quality checks. You will play a key role in stakeholder communication, ensuring timely and accurate data delivery, and leading investigations into data issues. Your analytical capabilities will be critical in identifying outliers in prici…",2026-08-13T01:26:46Z,https://www.adzuna.in/details/5838722170?utm_medium=api&utm_source=f8f3e256,data analyst,2026-08-13T07:32:20.061494+00:00
Data Testing Analyst,Arminus,"Srinivasapuram, Hyderabad",1000000.0,2000000.0,0,"JD for ETL profile - Data Testing Analyst Role Overview and Expected Deliverables Responsible for testing data products and solutions across reports and pipelines. -Public IBOR/ABOR knowledge or understanding of Aladdin data (will support the Public IBOR team) Aladdin platform (Asset, Liability, Debt and Derivative Investment Network) - Ensure data quality, accuracy, and reliability - Work with engineers, data managers and BI teams - Design testing strategies and frameworks - Define automated a…",2026-08-12T23:34:11Z,https://www.adzuna.in/details/5838663191?utm_medium=api&utm_source=f8f3e256,data analyst,2026-08-13T07:32:20.061494+00:00
Data Business Analyst,Capco,"Bangalore, Karnataka",,,0,"This job is with Capco, an inclusive employer and a member of myGwork – the largest global platform for the LGBTQ business community. Please do not contact the recruiter directly. About Us “Capco, a Wipro company, is a global technology and management consulting firm. Awarded with Consultancy of the year in the British Bank Award and has been ranked Top 100 Best Companies for Women in India 2022 by Avtar & Seramount . With our presence across 32 cities across globe, we support 100 clients acros…",2026-08-12T22:01:01Z,https://www.adzuna.in/land/ad/5838614414?se=KvtKHOmW8RGF8ab7BF-kiA&utm_medium=api&utm_source=f8f3e256&v=FB4607C9FD2C4A5E09C9851DD0CFEF454C838D84,data analyst,2026-08-13T07:32:20.061494+00:00
Senior Architect,Fortrea,"Hyderabad, Telangana",,,0,"Job Overview: The Senior Architect will be responsible for designing, implementing, and maintaining the overall architecture of our IT systems to support the organization's current and future needs. The Senior Architect will have a strong background in IT infrastructure, systems integration, and software development, with the ability to analyze complex problems and design innovative solutions. He/she will be responsible for providing strategic direction, designing complex IT solutions, and ment…",2026-08-12T21:04:41Z,https://www.adzuna.in/details/5838507665?utm_medium=api&utm_source=f8f3e256,data analyst,2026-08-13T07:32:20.061494+00:00
Manager,EXL,"Bangalore, Karnataka",,,0,"Description We are looking for a Senior Data Analyst with strong expertise in SQL, dashboard development (Power BI/Tableau), and problem-solving . The role involves analyzing large datasets, building insightful dashboards, identifying business trends, and providing data-driven recommendations to stakeholders. The ideal candidate should have excellent analytical skills, experience working with complex data, and the ability to translate business requirements into actionable insights. Location: Ba…",2026-08-12T21:03:49Z,https://www.adzuna.in/details/5838501187?utm_medium=api&utm_source=f8f3e256,data analyst,2026-08-13T07:32:20.061494+00:00
Measurement & Report Analyst,Accenture,India,,,0,"Skill required: Talent & HR - Employee Data Process Design Designation: Measurement & Report Analyst Qualifications: BE/Master of Business Administration Years of Experience: 3 to 5 years About Accenture Accenture is a global professional services company with leading capabilities in digital, cloud and security.Combining unmatched experience and specialized skills across more than 40 industries, we offer Strategy and Consulting, Technology and Operations services, and Accenture Song— all powere…",2026-08-12T21:02:27Z,https://www.adzuna.in/details/5838489111?utm_medium=api&utm_source=f8f3e256,data analyst,2026-08-13T07:32:20.061494+00:00
Sr Proj supprt team coord,IQVIA,"Kochi, Ernakulam",,,0,"Job Description: The main function of a data analyst is to validate the prescription summary level data based on validation criteria’s provided by the client and calculate the rebates using IQVIA in-built application. The pay packets are then delivered to the client for payment approval. Job Responsibilities: Checking in the client data, raising teamtrack tickets, acknowledging the data receipt, Normalizing & validating the data, investigate the issues, calculate the Rebates and deliver the Pay…",2026-08-12T21:02:02Z,https://www.adzuna.in/details/5838487671?utm_medium=api&utm_source=f8f3e256,data analyst,2026-08-13T07:32:20.061494+00:00
Senior Analyst - II Kolkata,AML RightSource,"Kolkata, West Bengal",,,0,"Job Description: About the Position A Senior Analyst II works directly with our clients (banks and non-bank financial institutions) to provide advice and counsel in order to help them fight financial crime and mitigate financial crime risks. The purpose of this role is to detect and investigate unusual financial activity by performing both quality control work related to the work of our Associate Analysts, and performing his/her own detailed monitoring of account activity and ensuring complianc…",2026-08-12T21:01:40Z,https://www.adzuna.in/details/5838487005?utm_medium=api&utm_source=f8f3e256,data analyst,2026-08-13T07:32:20.061494+00:00
Senior Data Engineer – Data Mapping & Integration,Cigna Group,"Bangalore, Karnataka",,,0,"About the Team and Role We are looking for a hands-on Senior Data Engineer with strong data mapping and integration expertise to join our international data engineering function. This role combines deep technical delivery with upstream data analysis and mapping, helping ensure that complex source data is accurately modelled, integrated, and made available to downstream consumers in a consistent and governed way. You will work at the intersection of data mapping, data engineering, and data manag…",2026-08-12T21:01:12Z,https://www.adzuna.in/details/5838486079?utm_medium=api&utm_source=f8f3e256,data analyst,2026-08-13T07:32:20.061494+00:00
Senior IT Analyst Applications (Supply Chain Business Analyst ),Caterpillar,"Bangalore, Karnataka",,,0,"Career Area: Technology, Digital and Data Job Description: Your Work Shapes the World at Caterpillar Inc. When you join Caterpillar, you're joining a global team who cares not just about the work we do – but also about each other. We are the makers, problem solvers, and future world builders who are creating stronger, more sustainable communities. We don't just talk about progress and innovation here – we make it happen, with our customers, where we work and live. Together, we are building a be…",2026-08-12T21:00:57Z,https://www.adzuna.in/details/5838485566?utm_medium=api&utm_source=f8f3e256,data analyst,2026-08-13T07:32:20.061494+00:00
"(Ind) Senior, Software Engineer",WM Global Technology Services India,India,,,0,"Position Summary We are looking for self driven backend engineers with 6 years of experience and exposure to data engineering problems to join our growing team. They will play a crucial role in designing, building, testing and deploying cutting edge solutions at scale, impacting multi-billion-dollar business while following industry best practices. You must be able to prioritise projects, make sound judgments, work to improve the processes, and get the right things done. What you'll do About Th…",2026-08-12T21:00:35Z,https://www.adzuna.in/details/5838484630?utm_medium=api&utm_source=f8f3e256,data analyst,2026-08-13T07:32:20.061494+00:00
1985212-Lead Assistant Manager,EXL,"Ahmedabad, Gujarat",,,0,"Description EXL Decision Analytics EXL (NASDAQ:EXLS) is a leading operations management and analytics company that helps businesses enhance growth and profitability in the face of relentless competition and continuous disruption. Using our proprietary, award-winning Business EXLerator Framework™, which integrates analytics, automation, benchmarking, BPO, consulting, industry best practices and technology platforms, we look deeper to help companies improve global operations, enhance data-driven …",2026-08-12T20:57:42Z,https://www.adzuna.in/details/5838478215?utm_medium=api&utm_source=f8f3e256,data analyst,2026-08-13T07:32:20.061494+00:00
Data Governance Innovation Analyst,MSD,India,,,0,"Job Description Data Governance Innovation Analyst The Opportunity Based in Hyderabad, join a global healthcare biopharma company and be part of a 130-year legacy of success backed by ethical integrity, forward momentum, and an inspiring mission to achieve new milestones in global healthcare. Be part of an organisation driven by digital technology and data-backed approaches that support a diversified portfolio of prescription medicines, vaccines, and animal health products. Drive innovation and…",2026-08-12T20:55:43Z,https://www.adzuna.in/details/5838473828?utm_medium=api&utm_source=f8f3e256,data analyst,2026-08-13T07:32:20.061494+00:00
Data Analyst 2,Comcast,India,,,0,"Comcast brings together the best in media and technology. We drive innovation to create the world's best entertainment and online experiences. As a Fortune 50 leader, we set the pace in a variety of innovative and fascinating businesses and create career opportunities across a wide range of locations and disciplines. We are at the forefront of change and move at an amazing pace, thanks to our remarkable people, who bring cutting-edge products and services to life for millions of customers every…",2026-08-12T20:55:26Z,https://www.adzuna.in/details/5838473160?utm_medium=api&utm_source=f8f3e256,data analyst,2026-08-13T07:32:20.061494+00:00
Account Executive - Manufacturing Industry,Salesforce,"Gurgaon, Haryana",,,0,"To get the best candidate experience, please consider applying for a maximum of 3 roles within 12 months to ensure you are not duplicating efforts. Job Category Sales Job Details About Salesforce Salesforce is the 1 AI CRM, where humans with agents drive customer success together. Here, ambition meets action. Tech meets trust. And innovation isn’t a buzzword — it’s a way of life. The world of work as we know it is changing and we're looking for Trailblazers who are passionate about bettering bu…",2026-08-12T20:55:20Z,https://www.adzuna.in/details/5838472919?utm_medium=api&utm_source=f8f3e256,data analyst,2026-08-13T07:32:20.061494+00:00
"Senior Data Engineer, Director",Natwest Group,"Bangalore, Karnataka",,,0,"Join us as a Senior Data Engineer We’ll look to you to drive the build of effortless, digital-first customer experiences as you simplify our bank while keeping our data safe and secure Day-to-day, you’ll develop innovative, data-driven solutions through data pipeline modelling and ETL design, inspiring to be commercially successful through insights This is your opportunity to explore your leadership potential while bringing a competitive edge to your career profile by solving problems and creat…",2026-08-12T20:54:28Z,https://www.adzuna.in/details/5838470756?utm_medium=api&utm_source=f8f3e256,data analyst,2026-08-13T07:32:20.061494+00:00
SR HRIS / Workday Reporting Analyst,Syneos Health,India,,,0,"SR HRIS / Workday Reporting Analyst Syneos Health® is a leading fully-integrated life sciences services organization built to accelerate customer success. We partner with innovators at every point across the drug development and commercialization continuum, helping them navigate complexity, anticipate change and accelerate progress. Every day we perform better because of how we work together, as one team, each the best at what we do. We bring together talented experts across a broad spectrum of…",2026-08-12T20:53:27Z,https://www.adzuna.in/details/5838468128?utm_medium=api&utm_source=f8f3e256,data analyst,2026-08-13T07:32:20.061494+00:00
Senior Analyst - Data & Process Management,Sanofi,"Hyderabad, Telangana",,,0,"· Job title : Senior Analyst - Data & Process Management · Location : Hyderabad/Mumbai · % of travel expected : Travel required as per business need, if any · Job type : Permanent and Full time About the job Our Team: Sanofi Business Operation (SBO) is an internal Sanofi resource organization based in India and is setup to centralize processes and activities to support Specialty Care, Vaccines, General Medicines, CHC, CMO, and R&D, Data & Digital functions​. SBO strives to be a strategic and fu…",2026-08-12T20:53:15Z,https://www.adzuna.in/details/5838467653?utm_medium=api&utm_source=f8f3e256,data analyst,2026-08-13T07:32:20.061494+00:00
Data Business Analyst,Capco,"Bangalore, Karnataka",,,0,"About Us “Capco, a Wipro company, is a global technology and management consulting firm. Awarded with Consultancy of the year in the British Bank Award and has been ranked Top 100 Best Companies for Women in India 2022 by Avtar & Seramount . With our presence across 32 cities across globe, we support 100 clients across banking, financial and Energy sectors. We are recognized for our deep transformation execution and delivery. WHY JOIN CAPCO? You will work on engaging projects with the largest i…",2026-08-12T20:53:13Z,https://www.adzuna.in/details/5838467556?utm_medium=api&utm_source=f8f3e256,data analyst,2026-08-13T07:32:20.061494+00:00
Associate - Data Analyst,AstraZeneca,"Bangalore, Karnataka",,,0,"Job Title: Associate - Data Analyst Career Level: C2 Introduction to role Are you ready to turn sophisticated data into clear decisions that accelerate impact for patients and the business? Based in Bangalore, you will drive the operational backbone and technical execution of data management for our US organization—converting real customer needs into dependable data products, efficient workflows, and timely insights that leaders act on. You will join a high-performing, digitally savvy team work…",2026-08-12T20:53:12Z,https://www.adzuna.in/details/5838467498?utm_medium=api&utm_source=f8f3e256,data analyst,2026-08-13T07:32:24.334550+00:00
Associate - F&A - I2C 5A,Genpact,India,,,0,"Associate - F&A - I2C Ready to turn bold ideas into real-world impact? At Genpact, we don’t just adapt to change, we lead it. AI and digital innovation are transforming the way businesses work, and we’re at the forefront of it. Genpact’s AI Gigafactory , our industry-first accelerator, exemplifies how we scale advanced technology solutions to help global enterprises work smarter, grow faster, and transform at scale. Whether tackling complex challenges through large-scale models or agentic AI , …",2026-08-12T20:52:45Z,https://www.adzuna.in/details/5838466329?utm_medium=api&utm_source=f8f3e256,data analyst,2026-08-13T07:32:24.334550+00:00
Senior Data Analyst,OneMagnify,India,,,0,"OneMagnify is an AI-native, platform-enabled B2B digital agency operating at the intersection of data, technology, and creativity. We help complex organizations drive measurable business outcomes by designing smarter customer experiences and delivering integrated solutions across digital, media, analytics, and technology. By combining deep industry expertise with advanced analytics, data engineering, and artificial intelligence, we empower our clients to make better decisions, accelerate innova…",2026-08-12T20:52:13Z,https://www.adzuna.in/details/5838464807?utm_medium=api&utm_source=f8f3e256,data analyst,2026-08-13T07:32:24.334550+00:00
Data Quality Analyst (Salesforce Data Steward),Sophos,India,,,0,"About Us Sophos is a cybersecurity leader defending 600,000 organizations globally with an AI-driven platform and expert-led services. Sophos meets organizations wherever they are in their security maturity and grows with them to defeat cyberattacks. Its solutions combine machine learning, automation, and real-time threat intelligence with frontline human expertise from Sophos X-Ops to deliver advanced, 24/7 threat monitoring, detection, and response. Sophos offers industry-leading managed dete…",2026-08-12T20:51:55Z,https://www.adzuna.in/details/5838463920?utm_medium=api&utm_source=f8f3e256,data analyst,2026-08-13T07:32:24.334550+00:00
Data & Business Analyst,ADTM Adenza Technology de Mexico S de RL de CV,"Bangalore, Karnataka",,,0,"Excited to grow your career? We value our talented employees, and whenever possible strive to help one of our associates grow professionally before recruiting new talent to our open positions. If you think the open position you see is right for you, we encourage you to apply! Nasdaq Technology is looking for a passionate Data & Business Analyst to join the Bangalore technology center in India. If Innovation and effectiveness drive, you forward this is the place for you! Nasdaq is continuously r…",2026-08-12T20:51:36Z,https://www.adzuna.in/details/5838462999?utm_medium=api&utm_source=f8f3e256,data analyst,2026-08-13T07:32:24.334550+00:00
MS PowerApps Specialist,Talogy,India,,,0,"We are seeking a skilled Microsoft Power Apps Specialist to design, develop, and optimize business applications using Microsoft Power Platform tools — particularly Power Apps, Power Automate, and Power BI. The ideal candidate will have hands-on experience translating business needs into functional, scalable low-code solutions that improve operational efficiency and user experience. Key Responsibilities Design, build, and deploy custom business applications using Microsoft Power Apps (Canvas and…",2026-08-12T20:51:34Z,https://www.adzuna.in/details/5838462909?utm_medium=api&utm_source=f8f3e256,data analyst,2026-08-13T07:32:24.334550+00:00
Software Engineering Lead Analyst - HIH - Evernorth,Cigna Group,"Hyderabad, Telangana",,,0,"Software Engineering Lead Analyst Evernorth, a leading Health Services company, is looking for exceptional engineers/developers in our Data and Analytics organization. In this role, you will actively participate with your development team on initiatives that support Evernorth's strategic goals as well as subject matter experts to understand business logic you will be engineering. This role ensures high quality, trusted data within Cigna/ Evernorth by developing automated data quality rules, mon…",2026-08-12T20:51:20Z,https://www.adzuna.in/details/5838462276?utm_medium=api&utm_source=f8f3e256,data analyst,2026-08-13T07:32:24.334550+00:00
Senior Analyst - Customer Data Management,Mitsubishi UFJ Financial Group,India,,,0,"Do you want your voice heard and your actions to count? Discover your opportunity with Mitsubishi UFJ Financial Group (MUFG), one of the world’s leading financial groups. Across the globe, we’re 150,000 colleagues, striving to make a difference for every client, organization, and community we serve. We stand for our values, building long-term relationships, serving society, and fostering shared and sustainable growth for a better world. With a vision to be the world’s most trusted financial gro…",2026-08-12T20:51:11Z,https://www.adzuna.in/details/5838461826?utm_medium=api&utm_source=f8f3e256,data analyst,2026-08-13T07:32:24.334550+00:00
Customer Service Analyst,Accenture,India,,,0,"Skill required: Retirement Solutions - Data Entry Services Designation: Customer Service Analyst Qualifications: Any Graduation Years of Experience: 3 to 5 years About Accenture Accenture is a global professional services company with leading capabilities in digital, cloud and security.Combining unmatched experience and specialized skills across more than 40 industries, we offer Strategy and Consulting, Technology and Operations services, and Accenture Song— all powered by the world’s largest n…",2026-08-12T20:50:59Z,https://www.adzuna.in/details/5838461332?utm_medium=api&utm_source=f8f3e256,data analyst,2026-08-13T07:32:24.334550+00:00
Lead Analyst-DataModeler,CGI,India,,,0,"Position Description: Position Description Lead Analyst-Data Modeler Position Description At CGI, we’re a team of builders. We call our employees members because all who join CGI are building their own company - one that has grown to 72,000 professionals located in 40 countries. Founded in 1976, CGI is a leading IT and business process services firm committed to helping clients succeed. We have the global resources, expertise, stability and dedicated professionals needed to achieve results for …",2026-08-12T20:50:31Z,https://www.adzuna.in/details/5838460129?utm_medium=api&utm_source=f8f3e256,data analyst,2026-08-13T07:32:24.334550+00:00
Strategic Analytics Lead – Salesforce Field Services Operations,Unisys,India,,,0,"What success looks like in this role: Data Analysis & Insight Generation Analyze large, multi-source datasets to identify trends, correlations, and hidden relationships that aren't immediately obvious Translate raw data patterns into actionable business insights and clear recommendations Partner with business stakeholders to understand key questions and frame analyses that directly address them Validate data quality and integrity, and flag anomalies or inconsistencies before they reach decision…",2026-08-12T20:50:19Z,https://www.adzuna.in/details/5838459603?utm_medium=api&utm_source=f8f3e256,data analyst,2026-08-13T07:32:24.334550+00:00
Senior Software Engineer,Delhi,"Mumbai, Maharashtra",,,0,"Location: Mumbai Reports to: Tech Team Lead About the Role We are looking for a Senior Software Developer to join our Data Services team, specializing in delivering custom client-ready reports and managing data corrections. This role requires strong technical skills in Python, SQL, and Excel, combined with experience in AWS cloud services such as Athena and Aurora. You will play a key role in ensuring clients receive high-quality, tailored data outputs and that corrections are handled efficient…",2026-08-12T20:48:20Z,https://www.adzuna.in/details/5838453634?utm_medium=api&utm_source=f8f3e256,data analyst,2026-08-13T07:32:24.334550+00:00
Marketing Data Analyst,OneMagnify,"Chennai, Tamil Nadu",,,0,"Job Title: Data Analyst The Data Analyst works hand in hand with the Paid Media and SEO departments to improve the effectiveness and efficiency of our client services teams and to clearly quantify performance objectives by maintaining existing reporting suites, creating new methods of reporting, and automating repetitive tasks. Job Duties: Work with account teams to create custom reports for high value clients that focus on their unique KPIs and reporting needs. Create beautiful, insightful, an…",2026-08-12T20:48:08Z,https://www.adzuna.in/details/5838453095?utm_medium=api&utm_source=f8f3e256,data analyst,2026-08-13T07:32:24.334550+00:00
Engineering Division - Data Quality & Governance - Analyst - Bengaluru,Goldman Sachs,"Bangalore, Karnataka",,,0,"Description What We Do At Goldman Sachs, our Engineers don’t just make things – we make things possible. Change the world by connecting people and capital with ideas. Solve the most challenging and pressing engineering problems for our clients. Join our engineering teams that build massively scalable software and systems, architect low latency infrastructure solutions, proactively guard against cyber threats, and leverage machine learning alongside financial engineering to continuously turn dat…",2026-08-12T20:47:51Z,https://www.adzuna.in/details/5838452265?utm_medium=api&utm_source=f8f3e256,data analyst,2026-08-13T07:32:24.334550+00:00
"ETL Tester | Bangalore, India | JPMC",Photon Group,India,,,0,"Description Job Summary We are looking for a detail-oriented ETL Tester to validate data extraction, transformation, and loading (ETL) processes across enterprise data platforms. The ideal candidate will have strong SQL skills, hands-on experience with ETL testing, and a solid understanding of data warehousing concepts. You will work closely with Data Engineers, ETL Developers, Business Analysts, and QA teams to ensure data quality, integrity, and accuracy throughout the data lifecycle. Key Res…",2026-08-12T20:47:51Z,https://www.adzuna.in/details/5838452238?utm_medium=api&utm_source=f8f3e256,data analyst,2026-08-13T07:32:24.334550+00:00
"Sr. Analyst - BI, Reporting and Data Visualization 4B",Genpact,India,,,0,"Sr. Analyst - BI, Reporting and Data Visualization Ready to turn bold ideas into real-world impact? At Genpact, we don’t just adapt to change, we lead it. AI and digital innovation are transforming the way businesses work, and we’re at the forefront of it. Genpact’s AI Gigafactory , our industry-first accelerator, exemplifies how we scale advanced technology solutions to help global enterprises work smarter, grow faster, and transform at scale. Whether tackling complex challenges through large-…",2026-08-12T20:43:14Z,https://www.adzuna.in/details/5838437580?utm_medium=api&utm_source=f8f3e256,data analyst,2026-08-13T07:32:24.334550+00:00
"Analyst, Data Analytics & Visualization",8080-Johnson & Johnson Legal Entity,"Bangalore, Karnataka",,,0,"At Johnson & Johnson, we believe health is everything. Our strength in healthcare innovation empowers us to build a world where complex diseases are prevented, treated, and cured, where treatments are smarter and less invasive, and solutions are personal. Through our expertise in Innovative Medicine and MedTech, we are uniquely positioned to innovate across the full spectrum of healthcare solutions today to deliver the breakthroughs of tomorrow, and profoundly impact health for humanity. Learn …",2026-08-12T20:43:03Z,https://www.adzuna.in/details/5838436940?utm_medium=api&utm_source=f8f3e256,data analyst,2026-08-13T07:32:24.334550+00:00
"Software Development Engineer, Customer Experience and Business Trends",Amazon,India,,,0,"Are you customer-obsessed, data oriented, and confident in proposing opportunities to improve our customers’ experience across different Amazon businesses? Customer Experience and Business Trends (CXBT) is looking for a scale-focused and customer-obsessed Software Development Engineer. As an SDE, you will be part of a team that adds new capabilities to our customers through core engineering and AI/ML methodologies. The solutions heavily leverage technology to challenge conventional wisdom with …",2026-08-12T20:42:54Z,https://www.adzuna.in/details/5838436330?utm_medium=api&utm_source=f8f3e256,data analyst,2026-08-13T07:32:24.334550+00:00
"Developer, Data Analysis and Consulting",TransUnion,"Hyderabad, Telangana",,,0,"TransUnion's Job Applicant Privacy Notice Team Overview We are seeking a Data Analyst with strong SQL and Spark SQL skills, and experience in ETL setup. This is a data analysis role, Exposure to cloud platforms like GCP or AWS is a plus&xa;&xa;This is a hybrid position and involves regular performance of job responsibilities virtually as well as in-person at an assigned TU office location for a minimum of two days a week. Role Overview And Core Responsibilities Key Responsibilities: Write and o…",2026-08-12T20:42:05Z,https://www.adzuna.in/details/5838433785?utm_medium=api&utm_source=f8f3e256,data analyst,2026-08-13T07:32:24.334550+00:00
Data Analyst,DXC Technology,India,,,0,"Job Description: Responsibilities as the Data/Business Analyst: Analyzing the as-is data structures and mapping to new to-be data structures Writing high quality, testable user stories to ensure that these can be estimated, delivered by developers and used to define test automation and which. Analyzing, understanding and documenting existing system behavior, including data mapping and transformation to support integration design as well as identification of system features and data requirements…",2026-08-12T20:42:00Z,https://www.adzuna.in/details/5838433598?utm_medium=api&utm_source=f8f3e256,data analyst,2026-08-13T07:32:24.334550+00:00
Senior Analyst- II Delhi NCR,AML RightSource,India,,,0,"Job Description: About the Position A Senior Analyst II works directly with our clients (banks and non-bank financial institutions) to provide advice and counsel in order to help them fight financial crime and mitigate financial crime risks. The purpose of this role is to detect and investigate unusual financial activity by performing both quality control work related to the work of our Associate Analysts, and performing his/her own detailed monitoring of account activity and ensuring complianc…",2026-08-12T20:41:50Z,https://www.adzuna.in/details/5838433107?utm_medium=api&utm_source=f8f3e256,data analyst,2026-08-13T07:32:24.334550+00:00
Data Analyst,Jobgether,India,,,0,"This position is listed on behalf of a partner company, who manages all applications and next steps. Our partner is looking for a Data Analyst based in India. This is a senior analytics opportunity at the intersection of blockchain data, business intelligence, and product strategy. You will analyze on-chain activity and ecosystem dynamics to uncover insights that influence strategic and commercial decisions. Working closely with strategy, business development, product, and ecosystem teams, you …",2026-08-12T20:39:46Z,https://www.adzuna.in/details/5838428826?utm_medium=api&utm_source=f8f3e256,data analyst,2026-08-13T07:32:24.334550+00:00
"Analyst II, Data Analysis",Enphase Energy,"Bangalore, Karnataka",,,0,"Description Enphase Energy is a global energy technology company and a leading provider of solar, battery, and electric vehicle charging products. Founded in 2006, our innovative microinverter technology revolutionized solar power, making it a safer, more reliable, and scalable energy source. Today, the Enphase Energy System enables users to make, use, save, and sell their own power. Enphase is also one of the most successful and innovative clean energy companies in the world, with more than 80…",2026-08-12T20:39:32Z,https://www.adzuna.in/details/5838428482?utm_medium=api&utm_source=f8f3e256,data analyst,2026-08-13T07:32:24.334550+00:00
Manager,EXL,"Bangalore, Karnataka",,,0,"Description We are looking for a Senior Data Analyst with strong expertise in SQL, dashboard development (Power BI/Tableau), and problem-solving . The role involves analyzing large datasets, building insightful dashboards, identifying business trends, and providing data-driven recommendations to stakeholders. The ideal candidate should have excellent analytical skills, experience working with complex data, and the ability to translate business requirements into actionable insights. Location : B…",2026-08-12T20:38:46Z,https://www.adzuna.in/details/5838426858?utm_medium=api&utm_source=f8f3e256,data analyst,2026-08-13T07:32:24.334550+00:00
Senior Data Analyst (Procurement ),Cushman & Wakefield,"Gurgaon, Haryana",,,0,"Job Title Senior Data Analyst (Procurement ) Job Description Summary Job Description Position: Senior Data Analyst (Procurement ) Procurement Analytics & Reporting Design, develop, and maintain interactive Power BI dashboards and reports to support spend analysis, supplier performance, contract lifecycle management, and procurement KPIs. Deliver data-driven insights across categories including facilities management, construction, fit-out, property services, and professional services. Conduct sp…",2026-08-12T20:38:07Z,https://www.adzuna.in/details/5838425609?utm_medium=api&utm_source=f8f3e256,data analyst,2026-08-13T07:32:24.334550+00:00
Assistant Manager Customer Success,startuphr.consulting,"Bangalore, Karnataka",,,0,"Looking for Assistant Manager | Customer Success 3-5 years of experience ,advance in tools like MSO data Analyst, system thiniking, manage team. Preferred Industries (ISO 17025). Location : Bengaluru Mode : Onsite The Asst. Manager – Customer Success will be responsible for managing key customer relationships, coordinating customer requirements with internal testing/technical teams, ensuring timely project execution and deliverables, and supporting customer retention and business growth. The ro…",2026-08-12T16:16:45Z,https://www.adzuna.in/land/ad/5838134261?se=2k3SHumW8RG6OqizZxoanw&utm_medium=api&utm_source=f8f3e256&v=E6AB5215416EF8AF3DA2D925189739D57F58D028,data analyst,2026-08-13T07:32:24.334550+00:00
"Sr. Program Manager, Growth",ADCI - BLR 14 SEZ,"Bangalore, Karnataka",,,0,"Amazon strives to be the world’s most customer centric company. To support that, Retail Business services (RBS), Growth which focuses on improving Amazon WW topline by improving CX for our customers. RBS Growth is looking for a Senior Program Manager who can work at all levels of detail to accomplish team/organization goals, for our Growth Opportunities offering. The Sr Program Manager for the Growth Opportunities team will own end-to-end program execution focused on identifying, quantifying, a…",2026-08-12T16:04:02Z,https://www.adzuna.in/details/5838098605?utm_medium=api&utm_source=f8f3e256,data analyst,2026-08-13T07:32:24.334550+00:00
Senior Associate-Digital Product Management,American Express,India,,,0,"Senior Associate-Digital Product Management Gurugram, HR, India (Hybrid) Job Description Business Unit: Credit and Fraud Risk (CFR) is a global function, responsible for making the right credit and fraud risk decisions that uphold operational excellence, drive growth, and accelerate innovation across American Express. CFR combines technology and infrastructure with new computing techniques to make better risk decisions and provide real-time customer communications and fraud servicing. We are se…",2026-08-12T10:59:50Z,https://www.adzuna.in/details/5837805829?utm_medium=api&utm_source=f8f3e256,data analyst,2026-08-13T07:32:24.334550+00:00
Analyst-Data Science,American Express,"Bangalore, Karnataka",,,0,"Analyst-Data Science Gurugram, HR, India Bengaluru, KA, India (Hybrid) Job Description Credit and Fraud Risk (CFR) team helps drive profitable business growth by reducing the risk of fraud and maintaining industry lowest credit loss rates. It uses an array of tools and ever-evolving technology to detect and combat fraud, minimize the disruption of good spending, and provide a world-class customer experience. The team leads efforts that leverage data and digital advancements to improve risk mana…",2026-08-12T10:59:50Z,https://www.adzuna.in/details/5837805816?utm_medium=api&utm_source=f8f3e256,data analyst,2026-08-13T07:32:24.334550+00:00
Informatica (2017),We Search,"Bangalore, Karnataka",1300000.0,1500000.0,0,"JD - Role: We are seeking a highly skilled Senior Developer with deep expertise in Informatica, data replication, Change Data Capture (CDC), and database development to join our data team. The candidate will play a critical role in designing, implementing, and optimizing data integration solutions that support enterprise data architecture and data integration initiatives Primary Responsibilities Design, develop, and maintain data integration workflows using Informatica PowerCenter and related t…",2026-08-12T10:50:53Z,https://www.adzuna.in/details/5837761460?utm_medium=api&utm_source=f8f3e256,data analyst,2026-08-13T07:32:24.334550+00:00
"Analyst, Data Interchange and Development","Magna International, Inc",India,,,0,"We see a future where everyone can live and move without limitations. That's why we are developing technologies, systems and concepts that make vehicles safer and cleaner, while serving our communities, the planet and, above all, people. In the right environment, your ideas can turn into industry-changing automotive technologies and improve the lives of people around the world. Let's create the future of mobility, together. Job descriptions may display in multiple languages based on your langua…",2026-08-12T10:50:28Z,https://www.adzuna.in/details/5837760299?utm_medium=api&utm_source=f8f3e256,data analyst,2026-08-13T07:32:24.334550+00:00
GCP Tech Lead,Capco,India,,,0,"This job is with Capco, an inclusive employer and a member of myGwork – the largest global platform for the LGBTQ business community. Please do not contact the recruiter directly. About Us “Capco, a Wipro company, is a global technology and management consulting firm. Awarded with Consultancy of the year in the British Bank Award and has been ranked Top 100 Best Companies for Women in India 2022 by Avtar & Seramount. With our presence across 32 cities across globe, we support 100 clients across…",2026-08-12T01:59:43Z,https://www.adzuna.in/land/ad/5837139857?se=2k3SHumW8RG6OqizZxoanw&utm_medium=api&utm_source=f8f3e256&v=3119F9262B3297DCF3A9C8A6826D534CEA29F743,data analyst,2026-08-13T07:32:24.334550+00:00
Liquidity - Data Analyst,Capco,India,,,0,"This job is with Capco, an inclusive employer and a member of myGwork – the largest global platform for the LGBTQ business community. Please do not contact the recruiter directly. Job Title: SOX Compliance About Us “Capco, a Wipro company, is a global technology and management consulting firm. Awarded with Consultancy of the year in the British Bank Award and has been ranked Top 100 Best Companies for Women in India 2022 by Avtar & Seramount . With our presence across 32 cities across globe, we…",2026-08-12T01:59:43Z,https://www.adzuna.in/land/ad/5837139895?se=dl5fIemW8RGZjegz1di2Mg&utm_medium=api&utm_source=f8f3e256&v=79B2AB8CAF9701F61DCB4DE422AE3B158EB7D1F2,data analyst,2026-08-13T07:32:29.861785+00:00
Data Engineer - Python and Azure Data Bricks,Capco,India,,,0,"This job is with Capco, an inclusive employer and a member of myGwork – the largest global platform for the LGBTQ business community. Please do not contact the recruiter directly. Job Title: Data Engineer - Python and Azure Data Bricks About Us “Capco, a Wipro company, is a global technology and management consulting firm. Awarded with Consultancy of the year in the British Bank Award and has been ranked Top 100 Best Companies for Women in India 2022 by Avtar & Seramount . With our presence acr…",2026-08-12T01:59:39Z,https://www.adzuna.in/land/ad/5837139650?se=dl5fIemW8RGZjegz1di2Mg&utm_medium=api&utm_source=f8f3e256&v=025DC64898BBEE97D8ECB9A23E8E85E4623C0D15,data analyst,2026-08-13T07:32:29.861785+00:00
Data Analyst,CGI,India,,,0,"Position Description: Company Profile: Founded in 1976, CGI is among the largest independent IT and business consulting services firms in the world. With 94,000 consultants and professionals across the globe, CGI delivers an end-to-end portfolio of capabilities, from strategic IT and business consulting to systems integration, managed IT and business process services and intellectual property solutions. CGI works with clients through a local relationship model complemented by a global delivery …",2026-08-10T21:04:57Z,https://www.adzuna.in/details/5835748166?utm_medium=api&utm_source=f8f3e256,data analyst,2026-08-13T07:32:34.166592+00:00
Sr. Data Engineer,Avis Budget Group,India,,,0,"Location: Bengaluru - Embassy Tech Vill age - Kadubeesanahalli Mode - Hybrid - 3 Days in Office Mandatory What you’ll do: Build a deep understanding of existing systems. Participate in and lead design reviews with peers and stakeholders. Develop robust, testable code that meets design requirements. Review code developed by other developers, providing feedback on style, functional correctness, testability, and efficiency. Triage system-wide issues and identify root cause of incidents. Can work i…",2026-08-10T20:52:55Z,https://www.adzuna.in/details/5835730277?utm_medium=api&utm_source=f8f3e256,data analyst,2026-08-13T07:32:34.166592+00:00
Business Data Analyst - Central Route Planning,CleanHarbors,India,,,0,"Description About CleanHarbors Clean Harbors is North America’s leading provider of environmental and industrial services. The Company serves a diverse customer base, including a majority of Fortune 500 companies. Its customer base spans a number of industries, including chemical and manufacturing, as well as numerous government agencies. These customers rely on Clean Harbours to deliver a broad range of services such as end-to-end hazardous waste management, emergency spill response, industria…",2026-08-09T20:59:26Z,https://www.adzuna.in/details/5834764441?utm_medium=api&utm_source=f8f3e256,data analyst,2026-08-13T07:32:34.166592+00:00
Process Improvement Consultant,Concentrix,India,,,0,"Job Title: Process Improvement Consultant Job Description Concentrix is a technology-enabled global business services company specializing in customer engagement and improving business performance. We partner with ambitious, progressive executives around the world to future-proof their business and stay ahead of the competition and customer expectations. Role and Key Responsibilities: As a Process Improvement Consultant within Concentrix ANZ's offshore Analytics practice, you will work at the i…",2026-08-09T20:48:39Z,https://www.adzuna.in/details/5834753355?utm_medium=api&utm_source=f8f3e256,data analyst,2026-08-13T07:32:38.525367+00:00
"Business Intelligence Engineer, Amazon Wholesale",Amazon,India,,,0,"Amazon Wholesale India Private Limited (AWIPL) is looking for a Business Intelligence Engineer I to build the data foundation that supports our product, business, and operational decisions. AWIPL works across wholesale and business-to-business commerce, including pricing and promotions, demand planning, buying, inventory management, fulfillment, returns, liquidation, vendor experience, and distribution. These programs generate data across multiple systems and business processes. The Business In…",2026-08-08T21:01:08Z,https://www.adzuna.in/details/5833605164?utm_medium=api&utm_source=f8f3e256,data analyst,2026-08-13T07:32:42.356225+00:00
"Software Dev Engineer II, Business Data Technology",Amazon,India,,,0,"Amazon’s eCommerce Foundation (eCF) organization is responsible for the core components that drive the Amazon website and customer experience. Serving millions of customer page views and orders per day, eCF builds for scale. As an organization within eCF, the Business Data Technologies (BDT) group is no exception. We process petabytes of data from thousands of data sources at Amazon including the Amazon catalog system, inventory system, customer order system, page views on the website and Alexa…",2026-08-08T20:45:41Z,https://www.adzuna.in/details/5833585253?utm_medium=api&utm_source=f8f3e256,data analyst,2026-08-13T07:32:46.287949+00:00
"Business Analyst - II, ISFX",Amazon,India,,,0,"We are looking for a customer-obsessed innovator, comfortable with ambiguity, with strong attention to detail, an ability to work in a fast-paced and ever-changing environment, and an ability to work effectively in cross-functional teams. They will have excellent oral and written communication skills, a focus to meet tight deadlines, multi-task, and prioritize work. Business Analyst will own the production and delivery of a suite of reports, dashboards and tools used by leaders to take decision…",2026-08-08T20:39:11Z,https://www.adzuna.in/details/5833579393?utm_medium=api&utm_source=f8f3e256,data analyst,2026-08-13T07:32:46.287949+00:00
"Senior Specialist, ESE ML Engineer",MSD,"Hyderabad, Telangana",,,0,"This job is with MSD, an inclusive employer and a member of myGwork – the largest global platform for the LGBTQ business community. Please do not contact the recruiter directly. Job Description Senior Specialist, ESE ML Engineer The Opportunity Join a global biopharma company with a 130-year legacy and mission to achieve new milestones in healthcare. Be part of technology driven, data-led organization supporting a diversified portfolio of medicines, vaccines and animal health products. Work alo…",2026-08-08T17:56:27Z,https://www.adzuna.in/land/ad/5833433947?se=NlwALOmW8RGWnIX1oHsR5g&utm_medium=api&utm_source=f8f3e256&v=9B0E4CC1D6E902714441C8F739851D6D39D01548,data analyst,2026-08-13T07:32:46.287949+00:00
"Associate Director, Technical Consultant - Data Engineering - DRACOE",MSD,"Hyderabad, Telangana",,,0,"This job is with MSD, an inclusive employer and a member of myGwork – the largest global platform for the LGBTQ business community. Please do not contact the recruiter directly. Job Description The Opportunity Based in Hyderabad, join a global healthcare biopharma company and be part of a 130- year legacy of success backed by ethical integrity, forward momentum, and an inspiring mission to achieve new milestones in global healthcare. Be part of an organisation driven by digital technology and d…",2026-08-08T17:56:27Z,https://www.adzuna.in/land/ad/5833433951?se=NlwALOmW8RGWnIX1oHsR5g&utm_medium=api&utm_source=f8f3e256&v=2DC128B1C149CDD0A05DFE6ED87CE0CE7D7D20C5,data analyst,2026-08-13T07:32:46.287949+00:00
Senior Consultant - Data Product Analyst,Trigent Software Private Limited,"Richmond Town, Bangalore",100000.0,3500000.0,0,"1. Product Strategy & Planning. Requirements Definition: Collaborate with stakeholders to understand user needs and define Data Product Requirements (specifically for the Gold Layer). Documentation: Translate high-level Data Product Requirements into detailed Data Requirements (DRD). Operational Planning: Define product costs, resource requirements, estimated timelines, and success criteria. 2. Delivery & Oversight. Execution: Analyse the development/enhancements/Gaps of D&AI products to ensure…",2026-08-07T23:32:35Z,https://www.adzuna.in/details/5832275108?utm_medium=api&utm_source=f8f3e256,data analyst,2026-08-13T07:32:50.548234+00:00
"Business Analyst, Ring Data Engineering Services",Amazon,India,,,0,"The Business Analyst role family focuses on using data analysis and business knowledge to solve problems and drive decisions. Key job responsibilities You use data and your understanding of business objectives to solve straightforward problems to drive decision(s) and action(s) within a workflow. You analyze straightforward or previously-defined business and/or data processes to drive improvement. Your work is tactical, where you take actions to achieve a defined goal. Those actions require you…",2026-08-07T20:45:37Z,https://www.adzuna.in/details/5832082265?utm_medium=api&utm_source=f8f3e256,data analyst,2026-08-13T07:32:55.499428+00:00
SAS Developer – Altair SLC,CGI,India,,,0,"Position Description: Founded in 1976, CGI is among the largest independent IT and business consulting services firms in the world. With 94,000 consultants and professionals across the globe, CGI delivers an end-to-end portfolio of capabilities, from strategic IT and business consulting to systems integration, managed IT and business process services and intellectual property solutions. CGI works with clients through a local relationship model complemented by a global delivery network that help…",2026-08-06T20:56:49Z,https://www.adzuna.in/details/5830639611?utm_medium=api&utm_source=f8f3e256,data analyst,2026-08-13T07:32:59.764371+00:00
Business Analyst,HSBC,"Hyderabad, Telangana",,,0,"Business Analyst Location: Hyderabad, TG, IN, 500081 Brand: HSBC Area of Interest: Closing Date: Hybrid Worker Date: 11 Aug 2026 Job description Some careers shine brighter than others. If you're looking for a career that will help you stand out, join HSBC and fulfil your potential. Whether you want a career that could take you to the top, or simply take you in an exciting new direction, HSBC offers opportunities, support and rewards that will take you further. HSBC is one of the largest bankin…",2026-08-13T11:04:23Z,https://www.adzuna.in/details/5839597139?utm_medium=api&utm_source=f8f3e256,business analyst,2026-08-13T07:33:03.800919+00:00
Product Support and L1 Product Owner: CRM Applications,Wells Fargo,"Hyderabad, Telangana",,,0,"About this role: Wells Fargo is seeking a a Hybrid Product Support Consultant and L1 Product Owner (Individual Contributor) supporting CRM applications including Salesforce and Microsoft Dynamics 365. The role is responsible for ensuring operational stability of CRM platforms, managing support activities, partnering with technology and business stakeholders, driving adoption of new capabilities, and supporting execution of the product roadmap. The individual will independently manage product su…",2026-08-13T11:04:09Z,https://www.adzuna.in/details/5839595394?utm_medium=api&utm_source=f8f3e256,business analyst,2026-08-13T07:33:03.800919+00:00
Trainee CSE/IT/Data Science/Mathematics/Statistics - 2027 Batch Campus Recruitment (CDB - Construction Technology),Burns & McDonnell,"Mumbai, Maharashtra",,,0,"Description  Data Integration & Support  Assist in integrating and maintaining data from multiple business systems and sources.  Support the development and monitoring of data pipelines under the guidance of senior engineers.  Learn and work with APIs, databases, file-based integrations, and cloud-based data systems.  Help validate, clean, and organize structured and unstructured data for analytics and reporting purposes.  Participate in troubleshooting and resolving basic data-related issues. …",2026-08-13T11:04:07Z,https://www.adzuna.in/details/5839595133?utm_medium=api&utm_source=f8f3e256,business analyst,2026-08-13T07:33:03.800919+00:00
"Senior Developer, Business Process Automation",Edwards Lifesciences,"Pune, Maharashtra",,,0,"Edwards Lifesciences is expanding its global technology capabilities with the launch of a new IT Innovation Hub in Pune, India. The Hub strengthens the technology foundation that supports our business worldwide, working in close partnership with teams across regions to deliver reliable, high-quality solutions at scale. Designed as a long-term investment, the Pune Hub will advance newer digital capabilities such as automation, data, AI, and cloud, and will include roles spanning end user service…",2026-08-13T11:03:54Z,https://www.adzuna.in/details/5839593340?utm_medium=api&utm_source=f8f3e256,business analyst,2026-08-13T07:33:03.800919+00:00
ERP Business Analyst - Tax Management,Roche,"Pune, Maharashtra",,,0,"At Roche you can show up as yourself, embraced for the unique qualities you bring. Our culture encourages personal expression, open dialogue, and genuine connections, where you are valued, accepted and respected for who you are, allowing you to thrive both personally and professionally. This is how we aim to prevent, stop and cure diseases and ensure everyone has access to healthcare today and for generations to come. Join Roche, where every voice matters. The Position The ERP Tax Management te…",2026-08-13T11:03:50Z,https://www.adzuna.in/details/5839592998?utm_medium=api&utm_source=f8f3e256,business analyst,2026-08-13T07:33:03.800919+00:00
ERP Business Analyst,Roche,"Hyderabad, Telangana",,,0,"At Roche you can show up as yourself, embraced for the unique qualities you bring. Our culture encourages personal expression, open dialogue, and genuine connections, where you are valued, accepted and respected for who you are, allowing you to thrive both personally and professionally. This is how we aim to prevent, stop and cure diseases and ensure everyone has access to healthcare today and for generations to come. Join Roche, where every voice matters. The Position Job description The Busin…",2026-08-13T11:03:50Z,https://www.adzuna.in/details/5839593063?utm_medium=api&utm_source=f8f3e256,business analyst,2026-08-13T07:33:03.800919+00:00
BPO Configuration Analysis Senior Specialist,"NTT America, Inc.","Chennai, Tamil Nadu",,,0,"Position's General Duties and Tasks In these roles you will be responsible for:  Configuring client System for Pricing (Provider Contract) as per the requirement and according to defined business rules of new claims processing platform.  Evaluation of Configuration Requirement and Formulation of Configuration Approach and Effectively include advanced configuration and additional functionality based on best practices  Based on the business requirements and business rules gathered, evaluate and c…",2026-08-13T11:03:40Z,https://www.adzuna.in/details/5839591829?utm_medium=api&utm_source=f8f3e256,business analyst,2026-08-13T07:33:03.800919+00:00
Industry Consulting Manager,"NTT America, Inc.","Noida, Ghaziabad",,,0,"Role Title Lending Business Analyst Summary of Role: In that role, they will:  Bring a good understanding of the End to End Lending and Credit domain having worked in similar capacity earlier  Interact with senior business users and technical team for understanding of functional requirements  Document business requirements and process flows using different tools like JIRA, Confluence, Blue Works, Lucid Chart, MS Visio etc  Analyse and design solutions with the support of Solution Architects  Pr…",2026-08-13T11:03:40Z,https://www.adzuna.in/details/5839591827?utm_medium=api&utm_source=f8f3e256,business analyst,2026-08-13T07:33:03.800919+00:00
Industry Consulting Manager,"NTT America, Inc.","Noida, Ghaziabad",,,0,"Req ID: 385909 NTT DATA strives to hire exceptional, innovative and passionate individuals who want to grow with us. If you want to be part of an inclusive, adaptable, and forward-thinking organization, apply now. We are currently seeking a Industry Consulting Manager to join our team in Noida, Uttar Pradesh (IN-UP), India (IN). Role: Senior Engineer - Kofax Total Agility (KTA) Experience 8 years of IT experience in Kofax Total Agility- Development & Installation Job Summary: We are looking for…",2026-08-13T11:03:40Z,https://www.adzuna.in/details/5839591836?utm_medium=api&utm_source=f8f3e256,business analyst,2026-08-13T07:33:03.800919+00:00
Business Systems Analyst,NetApp,"Bangalore, Karnataka",,,0,"Job Summary NetApp Business Systems Analysts (Supply Planning, Demand Planning and S&Op) work as part of a team that supports and enhances NetApp's world-wide business processes and systems. You will utilize your strong technical competencies and functional business expertise to identify, evaluate, design and develop systems and procedures that meet business user requirements. An ability to understand business process requirements & issues and communicate system solutions to the internal client…",2026-08-13T11:03:34Z,https://www.adzuna.in/details/5839591307?utm_medium=api&utm_source=f8f3e256,business analyst,2026-08-13T07:33:03.800919+00:00
"Sr. Manager Communications - Owned Storytelling, Asia",Microsoft Corporation,"Gurgaon, Haryana",,,0,"Overview Microsoft is seeking an experienced editor and content strategist to lead the company's journalism-style storytelling for?Asia.? As the?Asia?owned storytelling lead, you will join a high-performing team of digital storytellers who manage the? global Microsoft Source?network . In this role, you will work closely with numerous internal and external stakeholders in?Asia?and around the globe?to execute?our go-direct strategy?to?help journalists, influencers,?policy makers,?tech enthusiasts…",2026-08-13T11:03:33Z,https://www.adzuna.in/details/5839591159?utm_medium=api&utm_source=f8f3e256,business analyst,2026-08-13T07:33:03.800919+00:00
Automation Testing - Airline Domain with PSS,Cognizant,"Bangalore, Karnataka",,,0,"Job description Automation Tester Airline PSS Domain (Booking / Reservations / Check-in Location: Bangalore / Noida / Kolkata Experience: 5 Years (Mandatory) Notice Period: Any Notice Period Interview Mode: Virtual  Face-to-Face Work Model: Hybrid About the Opportunity We are looking for experienced Automation Test Engineers with strong expertise in the Airline Passenger Service System (PSS) domain , specifically in Booking, Reservations, Ticketing, and Check-in functionalities. The ideal candi…",2026-08-13T11:02:21Z,https://www.adzuna.in/details/5839583631?utm_medium=api&utm_source=f8f3e256,business analyst,2026-08-13T07:33:03.800919+00:00
Lead Product Owner/Digital Product Manager,"Caterpillar, Inc.","Bangalore, Karnataka",,,0,"Career Area: Technology, Digital and Data Job Description: Your Work Shapes the World at Caterpillar Inc. When you join Caterpillar, you're joining a global team who cares not just about the work we do - but also about each other. We are the makers, problem solvers, and future world builders who are creating stronger, more sustainable communities. We don't just talk about progress and innovation here - we make it happen, with our customers, where we work and live. Together, we are building a be…",2026-08-13T11:01:52Z,https://www.adzuna.in/details/5839581279?utm_medium=api&utm_source=f8f3e256,business analyst,2026-08-13T07:33:03.800919+00:00
IT Analyst Applications (Infor Baan/ERP LN Developer),"Caterpillar, Inc.","Bangalore, Karnataka",,,0,"Career Area: Technology, Digital and Data Job Description: Your Work Shapes the World at Caterpillar Inc. When you join Caterpillar, you're joining a global team who cares not just about the work we do - but also about each other. We are the makers, problem solvers, and future world builders who are creating stronger, more sustainable communities. We don't just talk about progress and innovation here - we make it happen, with our customers, where we work and live. Together, we are building a be…",2026-08-13T11:01:51Z,https://www.adzuna.in/details/5839581190?utm_medium=api&utm_source=f8f3e256,business analyst,2026-08-13T07:33:03.800919+00:00
Senior IT Analyst Applications (Infor Baan/ERP LN Techno-Functional Consultant),"Caterpillar, Inc.","Bangalore, Karnataka",,,0,"Career Area: Technology, Digital and Data Job Description: Your Work Shapes the World at Caterpillar Inc. When you join Caterpillar, you're joining a global team who cares not just about the work we do - but also about each other. We are the makers, problem solvers, and future world builders who are creating stronger, more sustainable communities. We don't just talk about progress and innovation here - we make it happen, with our customers, where we work and live. Together, we are building a be…",2026-08-13T11:01:51Z,https://www.adzuna.in/details/5839581197?utm_medium=api&utm_source=f8f3e256,business analyst,2026-08-13T07:33:03.800919+00:00
Manager,Bank of America,"Mumbai, Maharashtra",,,0,"Manager Mumbai, India To proceed with your application, you must be at least 18 years of age. Acknowledge (https://ghr.wd1.myworkdayjobs.com/lateral-ba\_continuum/job/Mumbai/Manager\_26027568) Bank of America employees are required to meet all posting eligibility requirements prior to applying for any new position. Acknowledge (https://ghr.wd1.myworkdayjobs.com/lateral-ba\_continuum/job/Mumbai/Manager\_26027568) Refer a friend To proceed with your application, you must be at least 18 years of a…",2026-08-13T11:01:42Z,https://www.adzuna.in/details/5839580371?utm_medium=api&utm_source=f8f3e256,business analyst,2026-08-13T07:33:03.800919+00:00
Software Test Engineer,Expleo,"Tondiarpet Fort St George, Chennai",,,0,"We are looking for a Software Test Engineer with 3 to 5 years of experience in functional testing, preferably within the NBFC, lending, or financial services domain. The candidate should have hands-on experience in testing web and mobile applications, understanding business requirements, preparing test scenarios and test cases, executing functional test cycles, supporting API testing, validating data using SQL, and coordinating with development, business, and product stakeholders. The role requ…",2026-08-13T10:56:40Z,https://www.adzuna.in/details/5839549396?utm_medium=api&utm_source=f8f3e256,business analyst,2026-08-13T07:33:03.800919+00:00
Teamcenter Developer,Expleo,"Nana Peth, Pune",,,0,"PLM Developer with 5-7 years of experience. We are seeking a skilled Teamcenter Developer to support an API integration and testing project. The candidate will be responsible for analyzing Teamcenter business processes, identifying and utilizing existing SOA services, developing custom SOA services where required, and supporting API testing activities. The role involves close collaboration with business, development, and testing teams to ensure seamless integration between Teamcenter and extern…",2026-08-13T10:56:40Z,https://www.adzuna.in/details/5839549369?utm_medium=api&utm_source=f8f3e256,business analyst,2026-08-13T07:33:03.800919+00:00
Teamcenter Business Analyst,Expleo,"Cahmrajendrapet, Bangalore",,,0,"Expleo is seeking an experienced Teamcenter & NX Business Analyst to support PLM transformation initiatives across Engineering, Product Development, and Manufacturing functions. The role will serve as a liaison between business stakeholders and technical teams, driving requirements definition, solution design, process optimization, and successful adoption of Teamcenter and NX solutions. Collaborate with Engineering, Manufacturing, Quality, and Product Data Management teams to gather and analyze…",2026-08-13T10:56:40Z,https://www.adzuna.in/details/5839549367?utm_medium=api&utm_source=f8f3e256,business analyst,2026-08-13T07:33:03.800919+00:00
Account Director,Numerator,"Bazargate, Mumbai",,,0,Client Relationship ü Responsible for day-to-day relationship with key contact (ie. The ‘owner’ of the Worldpanel subscription within the client organisation) ü Understand what the client’s overall goals and objectives are and the role that different departments and individuals are playing in achieving these ü Continue to develop a broader network of contacts with the client while maintaining existing relationships ü Utilise high levels of on-site presence to build a reputation as a Trusted Adv…,2026-08-13T07:47:39Z,https://www.adzuna.in/details/5839242812?utm_medium=api&utm_source=f8f3e256,business analyst,2026-08-13T07:33:03.800919+00:00
Test Engineer (Tosca),HTC Global Services  Private Limited,"Chennai, Tamil Nadu",,,0,"About the Role: We are looking for a skilled Test Engineer (Tosca) with 1 to 3 years of experience in software testing with hands-on exposure to Tricentis Tosca. Responsibilities: Design, develop, and maintain automated test cases using Tricentis Tosca . Perform functional, regression, and end-to-end testing across SAP and non-SAP applications . Collaborate with business analysts, developers, and functional consultants to understand requirements and translate them into test scenarios. Execute a…",2026-08-13T07:34:47Z,https://www.adzuna.in/details/5839230844?utm_medium=api&utm_source=f8f3e256,business analyst,2026-08-13T07:33:03.800919+00:00
Veeva valt Developer,Artech Infosystems Private Limited,"Bangalore, Karnataka",,,0,"Job Description: Veeva Vault Developer Role Overview We are seeking an experienced Veeva Vault Developer to design, develop, configure, and support solutions on the Veeva Vault Platform. The ideal candidate will have strong hands-on experience with Veeva Vault development, configuration, integrations, and application lifecycle management. Key Responsibilities Design, configure, develop, and maintain solutions on the Veeva Vault Platform . Develop and customize Vault applications, workflows, obj…",2026-08-13T07:34:47Z,https://www.adzuna.in/details/5839230865?utm_medium=api&utm_source=f8f3e256,business analyst,2026-08-13T07:33:03.800919+00:00
Senior Software Engineer,Aditi Tech Consulting Private Limited,"Pune, Maharashtra",,,0,"Summary: This role involves working within a high-performing, globally distributed Agile team to build, operate, and evolve low latency, high throughput services that power real-time fraud decisioning on the company's Fraud Platform. Responsibilities: Develop and maintain CI/CD pipelines to enable reliable, repeatable deployments. Deploy, operate, and troubleshoot services across hybrid environments, including AWS (EKS/Kubernetes), on-premise cloud platforms, and traditional on-premise infrastr…",2026-08-13T07:34:47Z,https://www.adzuna.in/details/5839230843?utm_medium=api&utm_source=f8f3e256,business analyst,2026-08-13T07:33:03.800919+00:00
Business Analyst - 1 / 2,Fynd,"Bangalore, Karnataka",,,0,"What will you do at Fynd Understanding business needs and discovering needs by understanding and analysing the business process for various models / brands = > Gathering, Analysis and Prioritization: Understand a retailer's business problems in order to build, maintain, and work with product team for capabilities to generate impactful solutions. Translate these into clear, actionable functional and technical requirements. Prioritize features and functionalities based on business value, user imp…",2026-08-13T07:33:40Z,https://www.adzuna.in/details/5839227924?utm_medium=api&utm_source=f8f3e256,business analyst,2026-08-13T07:33:03.800919+00:00
Business Analyst,Foray Software Private Limited,"Bangalore, Karnataka",,,0,Role Responsibilities: Capture and document business needs and value drivers Translate business requirements into functional and non-functional specifications Analyze and model current processes and data flows to identify improvements Ensure traceability from requirements to final solution Job Requirements: Experience in financial or commodity credit risk management preferred Strong analytical and communication skills Ability to assess business impact and feasibility of solutions Experience wit…,2026-08-13T07:33:15Z,https://www.adzuna.in/details/5839225641?utm_medium=api&utm_source=f8f3e256,business analyst,2026-08-13T07:33:03.800919+00:00
Jr. Developer/Developer,Tmf Group,"Bangalore, Karnataka",,,0,"Key Responsibilities: Gather business and technical requirements from stakeholders and translate them into database solutions. Develop, optimize, and maintain SQL procedures, functions, and scripts. Interact with clients to understand their needs and provide appropriate database solutions. Design, develop, and optimize complex SQL queries to support business operations. Ensure database integrity, security, and performance optimization. Collaborate with application developers and business analys…",2026-08-13T07:32:50Z,https://www.adzuna.in/details/5839224653?utm_medium=api&utm_source=f8f3e256,business analyst,2026-08-13T07:33:03.800919+00:00
Business Intelligence Analyst,Diebold,"Hyderabad, Telangana",,,0,"Leverages software and services to transform data into actionable insights to inform the organizations strategic and tactical business decisions. Collects, integrates, analyzes and presents information including from internal and external sources, developing insightful historic, current and predictive views of business operations. Required Qualifications Diploma or equivalent work experience required. Minimum of 2-4 years of relevant experience or equivalent combination of education and experie…",2026-08-13T07:32:46Z,https://www.adzuna.in/details/5839224298?utm_medium=api&utm_source=f8f3e256,business analyst,2026-08-13T07:33:03.800919+00:00
Business Analyst,Sun Dew Solutions Private Limited,"Kolkata, West Bengal",,,0,"Experience in Angular JS and Angular 2 Good knowledge in jQuery, AJAX, REST API, HTML, CSS Good understanding of modern JavaScript Experience full-stack development will be an added advantage Should be able to convert the static HTML to a dynamic Angular application that communicates with API Experience in Node JS will be an added advantage Experience in database Familiarity with full stack development of an application Familiarity with git Roles and Responsibilities Should be self motivated an…",2026-08-13T07:32:18Z,https://www.adzuna.in/details/5839221883?utm_medium=api&utm_source=f8f3e256,business analyst,2026-08-13T07:33:03.800919+00:00
Sr.Software Developer (.net Web),MD India Health Insurance TPA Pvt Ltd,"Pune, Maharashtra",,,0,"Roles and Responsibilities- Developing and maintaining high-quality, scalable, and maintainable web applications using .Net technologies. Participating in the design and architecture of web applications, ensuring adherence to architectural principles and patterns. Writing clean, modular, and well-documented code, and ensuring adherence to coding best practices and standards. Conducting code reviews and providing feedback to junior developers to improve code quality and maintainability. Debuggin…",2026-08-13T07:32:03Z,https://www.adzuna.in/details/5839221412?utm_medium=api&utm_source=f8f3e256,business analyst,2026-08-13T07:33:03.800919+00:00
Reltio MDM Senior Developer,Eli Lilly And Company,"Bangalore, Karnataka",,,0,"TechLilly is a global organization strategically positioned so that through information and technology leadership and solutions, we create meaningful connections and remarkable experiences, so people feel genuinely cared for. The TechLilly organization is accountable for designing, developing, and supporting commercial or customer engagement services and capabilities that span multiple Business Units (Bio-Medicines, Diabetes, Oncology, International), functions, geographies, and digital channel…",2026-08-13T07:31:47Z,https://www.adzuna.in/details/5839221168?utm_medium=api&utm_source=f8f3e256,business analyst,2026-08-13T07:33:03.800919+00:00
Sailpoint Developer,KPMG Assurance and Consulting Services LLP,"Bangalore, Karnataka",,,0,"We are seeking a skilled Sailpoint Developer ( IIQ or IDN ) to join our team. As a Sailpoint Developer, you will be responsible for designing, developing, and implementing identity governance and administration solutions using the Sailpoint platform. You will collaborate with cross-functional teams and work closely with clients to understand their requirements and provide technical expertise in deploying and customizing the Sailpoint solution. Role & responsibilities: Design, develop, and deplo…",2026-08-13T07:31:23Z,https://www.adzuna.in/details/5839220302?utm_medium=api&utm_source=f8f3e256,business analyst,2026-08-13T07:33:03.800919+00:00
Assistant Manager - Power Platform,KPMG Assurance and Consulting Services LLP,"Hyderabad, Telangana",,,0,"Job Description: The person will work on a variety of projects in a highly collaborative, fast-paced environment. The person will be responsible for software development activities of KPMG, India. Part of the development team, he/she will work on the full life cycle of the process, develop code and unit testing. He/she will work closely with Technical Architect, Business Analyst, user interaction designers, and other software engineers to develop new product offerings and improve existing ones.…",2026-08-13T07:31:12Z,https://www.adzuna.in/details/5839219836?utm_medium=api&utm_source=f8f3e256,business analyst,2026-08-13T07:33:03.800919+00:00
ServiceNow Business Analyst,Schneider Electric,"Bangalore, Karnataka",,,0,"ServiceNow Business Analyst Position Summary The ServiceNow Business Analyst is responsible for capturing business requirements, translating them into functional specifications, and supporting the design and enhancement of ServiceNow solutions. This role partners closely with process owners, technical teams, and stakeholders to ensure that platform capabilities align with organizational needs and drive process improvement. The ideal candidate combines strong analytical skills, process knowledge…",2026-08-13T07:26:00Z,https://www.adzuna.in/details/5839213723?utm_medium=api&utm_source=f8f3e256,business analyst,2026-08-13T07:33:03.800919+00:00
"Lead, ERP Business Analyst",Schneider Electric,"Bangalore, Karnataka",,,0,"Roles & Responsibilities: High level of expertise on SAP PP module & hands on experience / Expertise in S4 HANA On demand support to Global Business Process and Operational Divisions Teams as well as partners in charge of administration of data centers (database administration, upgrades, performance,) Accountable for Solution issues escalated to the Global Support team. Ensure that tickets are properly responded to, fixed, tested and follows-up those until they are properly closed according to …",2026-08-13T07:26:00Z,https://www.adzuna.in/details/5839213726?utm_medium=api&utm_source=f8f3e256,business analyst,2026-08-13T07:33:03.800919+00:00
"Expert, ERP Business Analyst",Schneider Electric,"Bangalore, Karnataka",,,0,"Around 10 years of SAP experience as consultant with complex and multiple projects (Core template design / build / validation, roll-out and support) in the area of SAP - PP/Manufacturing with hands-on experience on the following areas: Should have worked on at least 2 S4HANA projects End-to-End Implementation as SAP S/4 Consultant on S4 HANA Manufacturing (Production Planning) including FIORI interface and customization. Should have worked on empedded PPDS as part of SAP S/4HANA implementation …",2026-08-13T07:25:58Z,https://www.adzuna.in/details/5839213704?utm_medium=api&utm_source=f8f3e256,business analyst,2026-08-13T07:33:03.800919+00:00
"Expert, ERP Business Analyst",Schneider Electric,"Bangalore, Karnataka",,,0,"JD details for SAP CS Consultant : Consulting Expectations/Tasks: Strong analytical, problem solving and conceptual skills including the ability to express complex technical concepts in business terms Ability to translate business requirements, processes and designs into well documented system designs and alignment with business process global template Experience includes Business co-ordination, Requirement gathering, fit/gap analysis, & design, Functional specs preparation, Testing and support…",2026-08-13T07:25:58Z,https://www.adzuna.in/details/5839213708?utm_medium=api&utm_source=f8f3e256,business analyst,2026-08-13T07:33:03.800919+00:00
Automation Engineer(Watermelon Tool),Team Geek Solutions,India,900000.0,1300000.0,0,"Job Title: Automation Engineer – Watermelon Tool Experience: 6–7 Years Location: Bangalore Work Mode: Hybrid Notice Period: Immediate Joiners Only Key Responsibilities: Design, develop, and maintain automated test scripts using the Watermelon automation tool. Build and enhance automation frameworks for web, API, and enterprise applications. Analyze business and functional requirements to identify automation opportunities. Execute automated regression, smoke, sanity, and functional test suites. …",2026-08-13T07:04:49Z,https://www.adzuna.in/details/5839177439?utm_medium=api&utm_source=f8f3e256,business analyst,2026-08-13T07:33:03.800919+00:00
Process & Change Analyst,Bradken,"Coimbatore, Tamil Nadu",,,0,"About Bradken Bradken is a global leader in innovative wear solutions and custom-engineered products for the resources sector. For our more than 3,000 people, that global reach brings opportunities to share expertise, solve meaningful challenges and grow through new experiences. Together, we help the resources sector sustainably advance society. About The Role Improving business processes and helping people successfully adopt change are critical to delivering better business outcomes. As a Proc…",2026-08-13T05:44:33Z,https://www.adzuna.in/details/5839099660?utm_medium=api&utm_source=f8f3e256,business analyst,2026-08-13T07:33:03.800919+00:00
Business Analyst- Digital Industrial Engineering,Beiersdorf,"Ahmedabad, Gujarat",,,0,"Your Tasks The role will be responsible for : Lead end-to-end Manufacturing Data & AI initiatives across factories, from business problem definition and data feasibility assessment through pilot execution, deployment, adoption, and value realization. Build and strengthen AI-ready data foundations by improving data availability, quality, governance, accessibility, KPI standardization, and integration across SAP, MES, Power BI, and shopfloor systems. Translate manufacturing challenges into scalab…",2026-08-13T05:44:33Z,https://www.adzuna.in/details/5839099643?utm_medium=api&utm_source=f8f3e256,business analyst,2026-08-13T07:33:03.800919+00:00
Senior D365 F&O Developer,Eurofins GSC IT DC,"Bangalore, Karnataka",,,0,"Job Description JOB TITLE: Senior D365 F&O Developer WORK LOCATION: Bangalore, India WORKING MODE: Hybrid (3 days office) TYPE OF EMPLOYMENT: Contract (1-2 years) SUMMARY: The D365FO Developer, Software Engineer will be a member of Eurofins’ global D365 delivery team, contributing to the design, development, customization, integration, and performance optimization of solutions within the Microsoft Dynamics 365 Finance & Operations (D365FO/SCM) ecosystem. The role works closely with solution arc…",2026-08-13T01:26:46Z,https://www.adzuna.in/details/5838722199?utm_medium=api&utm_source=f8f3e256,business analyst,2026-08-13T07:33:03.800919+00:00
Senior QA Test Engineer,Eurofins GSC IT DC,"Bangalore, Karnataka",,,0,"Job Description Key Responsibilities Quality Assurance & Testing Analyze requirements, user stories, and acceptance criteria to identify test scenarios. Create, maintain, and execute comprehensive test plans, test cases, and test data. Perform Functional, Integration, Regression, Smoke, and UAT support testing. Validate complex business workflows across eLIMS-BPT and integrated applications. Ensure complete test coverage and traceability between requirements and test evidence. Test Automation D…",2026-08-13T01:26:46Z,https://www.adzuna.in/details/5838722198?utm_medium=api&utm_source=f8f3e256,business analyst,2026-08-13T07:33:03.800919+00:00
Senior Sales Executive,Egnoto,"Jaipur, Rajasthan",,,0,"Job Title: Senior Sales Executive / Business Development Executive – IT Services  Location: Jaipur, Rajasthan – On-site  Experience: 5 Years (Relevant IT Sales / BDE Experience Mandatory)  Employment Type: Full-Time Important ❌ Do not apply if you are looking for a WFH or Hybrid opportunity. ❌ 5 years of relevant experience in IT Sales / Business Development is mandatory. ❌ Candidates without hands-on experience in selling IT services/software solutions will not be considered. About the Role We…",2026-08-13T00:15:55Z,https://www.adzuna.in/land/ad/5838675853?se=HNHPOOmW8RGZjegz1di2Mg&utm_medium=api&utm_source=f8f3e256&v=F373162EBD41AC5E781A9A4EA62CBB7E4F878951,business analyst,2026-08-13T07:33:07.753355+00:00
Servicenow-Development,Trigent Software Private Limited,India,100000.0,2800000.0,0,"Key Responsibilities ServiceNow Product Management Define and manage the ServiceNow platform vision, strategy, and multi-year roadmap. Drive platform governance, risks and audits (SOX, IT Audit, Cloud governance and controls), standardization, scalability, and adoption across the organization. Vendor Management- Establish and monitor product KPIs, SLAs, platform health metrics, security and compliance, and business outcomes. Serve as the key liaison between business stakeholders, leadership, Se…",2026-08-12T23:34:02Z,https://www.adzuna.in/details/5838663117?utm_medium=api&utm_source=f8f3e256,business analyst,2026-08-13T07:33:07.753355+00:00
Salesforce Developer,Acme Services Private Limited,"Richmond Town, Bangalore",2000000.0,2100000.0,0,"Job Description: Develop and customize Salesforce applications using Apex, Apex Triggers, Classes, and SOQL. Design and develop user interfaces using Lightning Components, Aura, and Lightning Web Components (LWC). Develop scalable and reusable Salesforce components based on business requirements. Integrate Salesforce with external applications and systems using REST/SOAP APIs and Apex Callouts. Analyze business requirements and translate them into effective Salesforce technical solutions. Perfo…",2026-08-12T23:33:55Z,https://www.adzuna.in/details/5838663039?utm_medium=api&utm_source=f8f3e256,business analyst,2026-08-13T07:33:07.753355+00:00
ServiceNow Full Stack Engineer,Weekday AI,India,,,0,"       '   :   -   (  - ) Experience: 8 yrs Location: Remote (India), India, Noida, Uttar Pradesh, India Job Type: Full-time We are looking for an experienced ServiceNow Full Stack Engineer – Product Developer to design, develop, customize, and maintain enterprise ServiceNow solutions. The role requires strong expertise across both client-side and server-side ServiceNow development, with hands-on experience in Service Portal, UI Builder, scripting, workflow automation, and enterprise integratio…",2026-08-12T23:00:05Z,https://www.adzuna.in/details/5838641208?utm_medium=api&utm_source=f8f3e256,business analyst,2026-08-13T07:33:07.753355+00:00
Data Business Analyst,Capco,"Bangalore, Karnataka",,,0,"This job is with Capco, an inclusive employer and a member of myGwork – the largest global platform for the LGBTQ business community. Please do not contact the recruiter directly. About Us “Capco, a Wipro company, is a global technology and management consulting firm. Awarded with Consultancy of the year in the British Bank Award and has been ranked Top 100 Best Companies for Women in India 2022 by Avtar & Seramount . With our presence across 32 cities across globe, we support 100 clients acros…",2026-08-12T22:01:01Z,https://www.adzuna.in/land/ad/5838614414?se=HNHPOOmW8RGZjegz1di2Mg&utm_medium=api&utm_source=f8f3e256&v=FB4607C9FD2C4A5E09C9851DD0CFEF454C838D84,business analyst,2026-08-13T07:33:07.753355+00:00
Financial Analyst,Capco,"Mumbai, Maharashtra",,,0,"This job is with Capco, an inclusive employer and a member of myGwork – the largest global platform for the LGBTQ business community. Please do not contact the recruiter directly. Job Title: Business Analyst- Capital Market/IB Domain About Us “Capco, a Wipro company, is a global technology and management consulting firm. Awarded with Consultancy of the year in the British Bank Award and has been ranked Top 100 Best Companies for Women in India 2022 by Avtar & Seramount . With our presence acros…",2026-08-12T22:00:57Z,https://www.adzuna.in/land/ad/5838614311?se=HNHPOOmW8RGZjegz1di2Mg&utm_medium=api&utm_source=f8f3e256&v=5F0717BD1E210C6183396BDE1FCB720DB8AB4DB1,business analyst,2026-08-13T07:33:07.753355+00:00
FP&A - Business Analyst,Capco,India,,,0,"This job is with Capco, an inclusive employer and a member of myGwork – the largest global platform for the LGBTQ business community. Please do not contact the recruiter directly. Job Title: FP&A_Business Analyst About Us “Capco, a Wipro company, is a global technology and management consulting firm. Awarded with Consultancy of the year in the British Bank Award and has been ranked Top 100 Best Companies for Women in India 2022 by Avtar & Seramount . With our presence across 32 cities across gl…",2026-08-12T22:00:57Z,https://www.adzuna.in/land/ad/5838614314?se=HNHPOOmW8RGZjegz1di2Mg&utm_medium=api&utm_source=f8f3e256&v=5DAAA4114B5259C935E96EB56E26E80B01940BF7,business analyst,2026-08-13T07:33:07.753355+00:00
"Sr. Staff, Data Architect",Warner Bros. Discovery,"Hyderabad, Telangana",,,0,"This job is with Warner Bros. Discovery, an inclusive employer and a member of myGwork – the largest global platform for the LGBTQ business community. Please do not contact the recruiter directly. Welcome to Warner Bros. Discovery… the stuff dreams are made of. Who We Are… When we say, “the stuff dreams are made of,” we’re not just referring to the world of wizards, dragons and superheroes, or even to the wonders of Planet Earth. Behind WBD’s vast portfolio of iconic content and beloved brands,…",2026-08-12T22:00:53Z,https://www.adzuna.in/land/ad/5838614217?se=HNHPOOmW8RGZjegz1di2Mg&utm_medium=api&utm_source=f8f3e256&v=E2971BA78C589B55B15D69FE349407D1C6A4942B,business analyst,2026-08-13T07:33:07.753355+00:00
Senior Business Analyst,Novartis,India,,,0,"This job is with Novartis, an inclusive employer and a member of myGwork – the largest global platform for the LGBTQ business community. Please do not contact the recruiter directly. Summary Senior Business Analyst Novartis | Hyderabad | Hybrid | LI-Hybrid Location Note: This role is based in Hyderabad. Relocation support: Yes About the Role Join Novartis and help shape the future of data-driven decision making across our global organization. As a Senior Business Analyst, you will play a pivota…",2026-08-12T22:00:45Z,https://www.adzuna.in/land/ad/5838614072?se=HNHPOOmW8RGZjegz1di2Mg&utm_medium=api&utm_source=f8f3e256&v=7B2085974E63FDCF2D5170ABA29C752F83F1AEBE,business analyst,2026-08-13T07:33:07.753355+00:00
Microsoft Business Analyst,Guidehouse,India,,,0,"Job Family SAAS/PAAS/Cloud Application Development (India) Travel Required None Clearance Required None What You Will Do What You Will Need: About Guidehouse India What Would Be Nice To Have: At Guidehouse India, we’re redefining what’s possible by creating opportunities that change lives. Guidehouse is a global professional services firm that delivers advisory, technology, and managed services to clients across both the commercial and public sectors. Our teams turn bold ideas into solutions th…",2026-08-12T21:43:44Z,https://www.adzuna.in/details/5838602494?utm_medium=api&utm_source=f8f3e256,business analyst,2026-08-13T07:33:07.753355+00:00
PEGA CJCM,InfoVision Inc.,"Chennai, Tamil Nadu",,,0,"Design and develop customer journeys and case management solutions using Pega CJCM. Configure and customize Pega Customer Decision Hub (CDH) and related customer engagement capabilities. Develop and manage Pega case types, workflows, stages, processes, SLAs, and business rules. Configure Customer Journey Management capabilities to deliver personalized customer experiences. Work with business stakeholders to understand requirements and translate them into scalable Pega solutions. Develop and con…",2026-08-12T21:43:44Z,https://www.adzuna.in/details/5838602504?utm_medium=api&utm_source=f8f3e256,business analyst,2026-08-13T07:33:07.753355+00:00
Speed Hiring_Project Eden_ECAS _Q2 FY 27_WOW,Infosys,"Hyderabad, Telangana",,,0,"Key Responsibilities Hands-on experience developing Salesforce 2nd‑generation unlocked packages, including package versioning, dependencies, and upgrade strategies. Proficient with SFDX CLI–driven development workflows, using source‑driven development, scripting, and automation to support package-based delivery. Deep experience with scratch org–based development methodologies, including org shape management, iterative development, and validation in ephemeral environments. Lead the architecture,…",2026-08-12T21:43:42Z,https://www.adzuna.in/details/5838602406?utm_medium=api&utm_source=f8f3e256,business analyst,2026-08-13T07:33:07.753355+00:00
Salesforce Technical Lead,Jobgether,India,,,0,"This position is listed on behalf of a partner company, who manages all applications and next steps. Our partner is looking for a Salesforce Technical Lead based in India. This is a senior technical leadership role focused on designing, developing, and evolving enterprise Salesforce solutions at global scale. You will translate complex business needs into secure, scalable, and resilient technical architectures. The role combines hands-on Salesforce expertise with technical leadership, delivery …",2026-08-12T21:05:15Z,https://www.adzuna.in/details/5838512671?utm_medium=api&utm_source=f8f3e256,business analyst,2026-08-13T07:33:07.753355+00:00
"Associate Analyst - Business Intelligence, GIC SC Analytics",Genl Mills India Priv,India,,,0,"COMPANY OVERVIEW We exist to make food the world loves. But we do more than that. Our company is a place that prioritizes being a force for good, a place to expand learning, explore new perspectives and reimagine new possibilities, every day. We look for people who want to bring their best — bold thinkers with big hearts who challenge one another and grow together. Because becoming the undisputed leader in food means surrounding ourselves with people who are hungry for what’s next.​ &xa; KEY AC…",2026-08-12T21:04:35Z,https://www.adzuna.in/details/5838506798?utm_medium=api&utm_source=f8f3e256,business analyst,2026-08-13T07:33:07.753355+00:00
FP&A - Business Analyst,Capco,India,,,0,"Job Title: FP&A_Business Analyst About Us “Capco, a Wipro company, is a global technology and management consulting firm. Awarded with Consultancy of the year in the British Bank Award and has been ranked Top 100 Best Companies for Women in India 2022 by Avtar & Seramount . With our presence across 32 cities across globe, we support 100 clients across banking, financial and Energy sectors. We are recognized for our deep transformation execution and delivery. WHY JOIN CAPCO? You will work on eng…",2026-08-12T21:03:50Z,https://www.adzuna.in/details/5838501286?utm_medium=api&utm_source=f8f3e256,business analyst,2026-08-13T07:33:07.753355+00:00
"Sr. Manager, Professional Services",Conga,"Ahmedabad, Gujarat",,,0,"A career that’s the whole package! At Conga, we’ve built a community where our colleagues can thrive. Here you’ll find opportunities to innovate and support growth through individual and team development, all within an environment where every voice is heard. Conga lines up commercial operations so companies run as connected, smarter businesses. By unifying the people and processes that drive commerce, Conga aligns pricing, quoting, contracting, rebates, and communications so teams stay in sync …",2026-08-12T21:03:13Z,https://www.adzuna.in/details/5838495429?utm_medium=api&utm_source=f8f3e256,business analyst,2026-08-13T07:33:07.753355+00:00
"SAP - FI-CO Operation Analyst, AS",Deutsche Bank,India,,,0,"Job Description: Job Title: SAP - FI-CO Operation Analyst, AS Location: Bangalore, India Role Description As part of Deutsche Bank group, DWS aims to strategically transform itself via Project Lighthouse as a standalone Asset Management operating platform; an ambitious project that delivers separated DWS Corporate Functions in the cloud with essential new capabilities, further enhancing DWS’ highly competitive and agile Asset Management capability. The role offers a unique opportunity to be par…",2026-08-12T21:03:01Z,https://www.adzuna.in/details/5838494014?utm_medium=api&utm_source=f8f3e256,business analyst,2026-08-13T07:33:07.753355+00:00
Global Business Process Analyst - Global Commercial,Sulzer,India,,,0,"Sulzer is a leading engineering company with a proud heritage of innovation. Join our global team to grow your expertise and develop innovative solutions that enable a prosperous and more sustainable society. About the role The Global Business Process Analyst will drive the optimization, harmonization, and digital enablement of commercial processes across Sulzer’s three divisions Flow, Services and Chemtech. This role supports strategic initiatives within the Sulzer 2028 Strategy, enabling agil…",2026-08-12T21:02:50Z,https://www.adzuna.in/details/5838492329?utm_medium=api&utm_source=f8f3e256,business analyst,2026-08-13T07:33:07.753355+00:00
Technical Product Owner,ZEISS,"Bangalore, Karnataka",,,0,"ZEISS in India ZEISS in India is headquartered in Bengaluru and present in the fields of Industrial Quality Solutions, Research Microscopy Solutions, Medical Technology, Vision Care and Sports & Cine Optics. ZEISS India has 3 production facilities, R&D center, Global IT services and about 40 Sales & Service offices in almost all Tier I and Tier II cities in India. With 2200 employees and continued investments over 25 years in India, ZEISS’ success story in India is continuing at a rapid pace. F…",2026-08-12T21:02:05Z,https://www.adzuna.in/details/5838487766?utm_medium=api&utm_source=f8f3e256,business analyst,2026-08-13T07:33:07.753355+00:00
QA Consultant,CLARITY,"Telangana, India",,,0,"REQUIREMENTS Bachelor's degree in computer science, or any other IT related degree/Diploma, and/or completed Manual QA Course. 2 years of experience in software quality assurance. Proficient in both spoken and written English. Ability to design comprehensive test cases, and test scripts. Experience with functional, regression, performance, and API testing. Knowledge of test management and bug-tracking tools like Confluence, Jira for organizing test cases, reporting and ability to clearly docume…",2026-08-12T21:01:32Z,https://www.adzuna.in/details/5838486756?utm_medium=api&utm_source=f8f3e256,business analyst,2026-08-13T07:33:07.753355+00:00
Associate,EXL,"Noida, Ghaziabad",,,0,"Description Basic Function On-site coordination with Technical / Product / Scrum Team and help resolve Application Issues Work on design, development, quality, and support activities of business applications Work with associated teams and business analysts to understand and elaborate on the business and functional requirements. Collaborate with onshore teams for business and functional requirements, sprint coordination, and other delivery-related requirements. Understand, debug & resolve applic…",2026-08-12T21:01:11Z,https://www.adzuna.in/details/5838486035?utm_medium=api&utm_source=f8f3e256,business analyst,2026-08-13T07:33:07.753355+00:00
Senior Process & AI Transformation Lead,HP,India,,,0,"Senior Process & AI Transformation Lead Description - In HP’s Intelligent Support Experience (ISX) Organization, we are transforming HP’s Customer Support by enabling the delivery of strategic programs through process architecture, process redesign, process intelligence, AI-enabled automation, and operational governance. We are looking for those who can work end-to-end across organizational borders and who possess the passion to help shape the future of the company. The Process, Responsible AI …",2026-08-12T21:00:25Z,https://www.adzuna.in/details/5838484301?utm_medium=api&utm_source=f8f3e256,business analyst,2026-08-13T07:33:07.753355+00:00
Business Analyst-Process,Cushman & Wakefield,"Bangalore, Karnataka",,,0,"Job Title Business Analyst-Process Job Description Summary The Business Analyst – Process drives efficiency and effectiveness across the APAC sales ecosystem by analysing, designing, and improving core business processes. The role combines process optimization with data analysis to identify gaps, quantify impact, and support scalable, standardized solutions. The role collaborates closely with stakeholders and the Automation Team to translate insights into practical improvements, enhancing sales…",2026-08-12T20:59:48Z,https://www.adzuna.in/details/5838483038?utm_medium=api&utm_source=f8f3e256,business analyst,2026-08-13T07:33:07.753355+00:00
Salesforce QA Tester,Motorola Solutions,India,,,0,"Company Overview At Motorola Solutions, we believe that everything starts with our people. We’re a global close-knit community, united by the relentless pursuit to help keep people safer everywhere. We build and connect technologies to help protect people, property and places. Our solutions foster the collaboration that’s critical for safer communities, safer schools, safer hospitals, safer businesses, and ultimately, safer nations. Connect with a career that matters, and help us build a safer …",2026-08-12T20:59:16Z,https://www.adzuna.in/details/5838481833?utm_medium=api&utm_source=f8f3e256,business analyst,2026-08-13T07:33:07.753355+00:00
SFCC Business Analyst (B2C) – Production Operations & Support,New Era Technology,India,,,0,"Join New Era Technology, where People First is at the heart of everything we do. With a global team of over 3,000 professionals, we're committed to creating a workplace where everyone feels valued, empowered, and inspired to grow. Our mission is to securely connect people, places, and information with end-to-end technology solutions at scale. At New Era, you'll join a team-oriented culture that prioritizes your personal and professional development. Work alongside industry-certified experts, ac…",2026-08-12T20:58:34Z,https://www.adzuna.in/details/5838480186?utm_medium=api&utm_source=f8f3e256,business analyst,2026-08-13T07:33:07.753355+00:00
ERP Functional Analyst,Arrow,India,,,0,"Position: ERP Functional Analyst Job Description: What You’ll Be Doing Serves as the functional expert in e Business Suite (EBS) applications deployed in the Distribution, CRM, Supply Chain, Finance and Manufacturing domain. Has strong knowledge in EBS R12 GL, AP, AR modules. Has experience in the oracle EBS support functions like problem solving, incident resolution, etc Has experience in handling custom functionalities along with standard EBS processes Has end-user, business analyst and onsit…",2026-08-12T20:58:27Z,https://www.adzuna.in/details/5838479894?utm_medium=api&utm_source=f8f3e256,business analyst,2026-08-13T07:33:07.753355+00:00
Technical Leader - EDGE,GE Vernova,India,,,0,"Job Description Summary Technical Leader EDGE position is a cross-functional engineering discipline centered on an approach, mindset, and process. All activities that consider both the business and the technical needs of the customers with the goal of providing a quality product that meets the users needs. Technical Lead with a strong background in latest software development technologies like .NET, JAVA, Python, MVC, and SQL technologies to lead a dynamic development team. The ideal candidate …",2026-08-12T20:57:50Z,https://www.adzuna.in/details/5838478541?utm_medium=api&utm_source=f8f3e256,business analyst,2026-08-13T07:33:07.753355+00:00
Lead Business Analyst/Associate Consultant - Product Owner-Trade Finance (10-15 Years),CGI,India,,,0,"Position Description: Company Profile: Founded in 1976, CGI is among the largest independent IT and business consulting services firms in the world. With 94,000 consultants and professionals across the globe, CGI delivers an end-to-end portfolio of capabilities, from strategic IT and business consulting to systems integration, managed IT and business process services and intellectual property solutions. CGI works with clients through a local relationship model complemented by a global delivery …",2026-08-12T20:57:36Z,https://www.adzuna.in/details/5838477933?utm_medium=api&utm_source=f8f3e256,business analyst,2026-08-13T07:33:07.753355+00:00
Manager- Fund Solutions,Fidelity International,India,,,0,"About the Opportunity Job Type: Permanent Application Deadline: 16 August 2026 Job Description Title Manager, Fund Solutions Department Fund Servicing & Oversight Location Bengaluru Reports To Senior Manager Level Manager We’re proud to have been helping our clients build better financial futures for over 50 years. How have we achieved this? By working together - and supporting each other - all over the world. So, join our Fund Solutions team and feel like you’re part of something bigger. About…",2026-08-12T20:57:35Z,https://www.adzuna.in/details/5838477865?utm_medium=api&utm_source=f8f3e256,business analyst,2026-08-13T07:33:07.753355+00:00
Senior Access and Pricing Product Owner,2028 Takeda Innovations India,India,,,0,"By clicking the “Apply” button, I understand that my employment application process with Takeda will commence and that the information I provide in my application will be processed in line with Takeda’s Privacy Notice and Terms of Use . I further attest that all information I submit in my employment application is true to the best of my knowledge. Job Description JOB DESCRIPTION: IBU DD&T Digital Access & Pricing Delivery Lead ROLE OBJECTIVE Own and drive the day ‑ to ‑ day delivery and evoluti…",2026-08-12T20:57:31Z,https://www.adzuna.in/details/5838477712?utm_medium=api&utm_source=f8f3e256,business analyst,2026-08-13T07:33:07.753355+00:00
Vice President,NAB,India,,,0,"Job Title: Vice President Work Type: Permanent Location: DLF Downtown, Sector 25A Phase 3, Block 3 It’s more than a career at NAB. It’s about more meaningful work, more global opportunities and more innovation beyond boundaries . Your job is just one part of your life. When you bring your ideas, energy, and hunger for growth, you’ll be recognised and rewarded for your contribution in return. You’ll have our support to excel for our customers, deliver positive change for our communities and grow…",2026-08-12T20:57:21Z,https://www.adzuna.in/details/5838477376?utm_medium=api&utm_source=f8f3e256,business analyst,2026-08-13T07:33:07.753355+00:00
Senior Data Scientist - Casualty Analytics,WTW,"Thane, Maharashtra",,,0,"Description About Willis Towers Watson: Willis Towers Watson (NASDAQ: WTW) is a leading global advisory, broking, and solutions company that helps clients around the world turn risk into a path for growth. With roots dating to 1828, Willis Towers Watson has 45,000 employees serving more than 140 countries and markets. We design and deliver solutions that manage risk, optimize benefits, cultivate talent, and expand the power of capital to protect and strengthen institutions and individuals. Our …",2026-08-12T20:57:08Z,https://www.adzuna.in/details/5838476832?utm_medium=api&utm_source=f8f3e256,business analyst,2026-08-13T07:33:07.753355+00:00
Senior Salesforce Developer- 6 to 10 Years -Pune,FIS Capital Markets,India,,,0,"Job Title Senior Salesforce Developer Intro: We are FIS. Our technology powers the world’s economy and our teams bring innovation to life. We champion diversity to deliver the best products and solutions for our colleagues, clients and communities. If you’re ready to start learning, growing and making an impact with a career in fintech, we’d like to know: Are you FIS? About the Role As a Senior Salesforce Developer, you will design, build, and support scalable Salesforce solutions that enable c…",2026-08-12T20:56:05Z,https://www.adzuna.in/details/5838474657?utm_medium=api&utm_source=f8f3e256,business analyst,2026-08-13T07:33:07.753355+00:00
Business Analyst - India,Juniper Square,"Bangalore, Karnataka",,,0,"About Juniper Square Private markets are one of the largest, most complex, and most underserved corners of global finance. Our mission at Juniper Square is to unlock their full potential. We’re the Operations Partner trusted by 2,300 GPs, unifying technology, data, and fund administration services into a single platform that helps GPs move faster, make better decisions, and scale with precision. With $300B under administration and 700,000 LPs on platform, we’ve built the scale to match our ambi…",2026-08-12T20:55:31Z,https://www.adzuna.in/details/5838473400?utm_medium=api&utm_source=f8f3e256,business analyst,2026-08-13T07:33:07.753355+00:00
Software Engineering II-SUPPORT SERVICES-CTO - In House Engineering,Kotak Mahindra Bank,"Bangalore, Karnataka",,,0,"Description Job Title: SDE-2/3 Location: Mumbai/Bangalore/Hyderabad Experience range: 3 to 12 years What we offer: Our mission is simple – Building trust. Our customer's trust in us is not merely about the safety of their assets but also about how dependable our digital offerings are. That’s why, we at Kotak Group are dedicated to transforming banking by imbibing a technology-first approach in everything we do, with an aim to enhance customer experience by providing superior banking services. W…",2026-08-12T20:54:45Z,https://www.adzuna.in/details/5838471486?utm_medium=api&utm_source=f8f3e256,business analyst,2026-08-13T07:33:07.753355+00:00
Senior .NET Full Stack Developer (Angular),Unisys,India,,,0,"What success looks like in this role: Provides Software Applications Engineering support for larger and more complex applications / project areas. Performs build and deployment for application development efforts. Designs basic requirements that are effective, timely and comply with project standards. Configures, programs and tests applications / technical architecture components. Fixes defects and performance related problems. Accountable for service commitments at individual request level for…",2026-08-12T20:54:25Z,https://www.adzuna.in/details/5838470639?utm_medium=api&utm_source=f8f3e256,business analyst,2026-08-13T07:33:07.753355+00:00
Full Stack Developer - AVP,Mitsubishi UFJ Financial Group,India,,,0,"Do you want your voice heard and your actions to count? Discover your opportunity with Mitsubishi UFJ Financial Group (MUFG), one of the world’s leading financial groups. Across the globe, we’re 150,000 colleagues, striving to make a difference for every client, organization, and community we serve. We stand for our values, building long-term relationships, serving society, and fostering shared and sustainable growth for a better world. With a vision to be the world’s most trusted financial gro…",2026-08-12T20:54:24Z,https://www.adzuna.in/details/5838470626?utm_medium=api&utm_source=f8f3e256,business analyst,2026-08-13T07:33:07.753355+00:00
"Business Analyst, ROC Analytics",Amazon,India,,,0,"We are looking for a customer-obsessed innovator, comfortable with ambiguity, with strong attention to detail, an ability to work in a fast-paced and ever-changing environment, and an ability to work effectively in cross-functional teams. They will have excellent oral and written communication skills, a focus to meet tight deadlines, multi-task, and prioritize work. A Business Analyst will own the production and delivery of a suite of reports, dashboards and tools used by leaders to take decisi…",2026-08-12T20:54:12Z,https://www.adzuna.in/details/5838470102?utm_medium=api&utm_source=f8f3e256,business analyst,2026-08-13T07:33:07.753355+00:00
IN-Associate_IICS Informatica _D&A_Advisory _Kolkata,PricewaterhouseCoopers,India,,,0,"Line of Service Advisory Industry/Sector Not Applicable Specialism Data, Analytics & AI Management Level Associate Job Description & Summary At PwC, our people in data and analytics focus on leveraging data to drive insights and make informed business decisions. They utilise advanced analytics techniques to help clients optimise their operations and achieve their strategic goals. In business intelligence at PwC, you will focus on leveraging data and analytics to provide strategic insights and d…",2026-08-12T20:53:44Z,https://www.adzuna.in/details/5838468906?utm_medium=api&utm_source=f8f3e256,business analyst,2026-08-13T07:33:07.753355+00:00
QA Automation Lead,Barclays,India,,,0,"Job Description Purpose of the role To design, develop and improve software, utilising various engineering methodologies, that provides business, platform, and technology capabilities for our customers and colleagues. Accountabilities Development and delivery of high-quality software solutions by using industry aligned programming languages, frameworks, and tools. Ensuring that code is scalable, maintainable, and optimized for performance. Cross-functional collaboration with product managers, d…",2026-08-12T20:53:40Z,https://www.adzuna.in/details/5838468693?utm_medium=api&utm_source=f8f3e256,business analyst,2026-08-13T07:33:07.753355+00:00
SOX Compliance Analyst,Genesys,India,,,0,"Be the one building AI-powered experiences where they matter most. At Genesys, we help organizations create better customer experiences through AI-powered experience orchestration. Our platform connects people, systems, data and AI to help organizations deliver more personalized service, improve operational efficiency and build stronger customer relationships. Help build, support and operate technology used by more than 8,000 organizations in over 100 countries – moving AI from possibility to p…",2026-08-12T20:52:30Z,https://www.adzuna.in/details/5838465650?utm_medium=api&utm_source=f8f3e256,business analyst,2026-08-13T07:33:07.753355+00:00
ERP Business Analyst - Tax Management,Roche,India,,,0,"At Roche you can show up as yourself, embraced for the unique qualities you bring. Our culture encourages personal expression, open dialogue, and genuine connections, where you are valued, accepted and respected for who you are, allowing you to thrive both personally and professionally. This is how we aim to prevent, stop and cure diseases and ensure everyone has access to healthcare today and for generations to come. Join Roche, where every voice matters. The Position The ERP Tax Management te…",2026-08-12T20:51:53Z,https://www.adzuna.in/details/5838463812?utm_medium=api&utm_source=f8f3e256,business analyst,2026-08-13T07:33:07.753355+00:00
Team Member- Digital-Support Services-Digital,Kotak Mahindra Bank,"Mumbai, Maharashtra",,,0,"Description JD - Oracle PLSQL Developer - Support Services-Digital Job Description We are seeking a skilled and experienced Oracle PL/SQL Developer to join our team and lead the development efforts for our Loan Management System. The ideal candidate will have extensive experience in Oracle database development, with a strong focus on PL/SQL programming and expertise in building and maintaining complex loan management systems. As the lead developer, you will be responsible for overseeing the des…",2026-08-12T20:51:47Z,https://www.adzuna.in/details/5838463544?utm_medium=api&utm_source=f8f3e256,business analyst,2026-08-13T07:33:07.753355+00:00
Associate Salesforce Developer (Salesforce Trained Freshers),Cube84,"Chennai, Tamil Nadu",,,0,"Associate Salesforce Developer Are you eager to begin your career in Salesforce development? Do you enjoy solving problems, learning new technologies, and building applications that create real business impact? If yes, the Associate Salesforce Developer role at CUBE84 could be the perfect start to your journey! Here’s what you’ll do: You contribute to building impactful solutions Assist in analyzing Apex user stories, understanding client requirements, and developing tailored solutions. You dev…",2026-08-12T20:51:34Z,https://www.adzuna.in/details/5838462917?utm_medium=api&utm_source=f8f3e256,business analyst,2026-08-13T07:33:07.753355+00:00
Business Analyst,PIPEx,"Mumbai, Maharashtra",,,0,"Job Responsibilities: Should have knowledge in NODEJS & REACTJS Define configuration specifications and business analysis requirements Perform quality assurance Define reporting and alerting requirements Own and develop relationship with partners, working with them to optimize and enhance our integration Help design, document and maintain system processes Report on common sources of technical issues or questions and make recommendations to product team Communicate key insights and findings to p…",2026-08-12T20:51:30Z,https://www.adzuna.in/details/5838462720?utm_medium=api&utm_source=f8f3e256,business analyst,2026-08-13T07:33:12.667150+00:00
Business Analyst- US Healthcare Payers,CGI,India,,,0,"Position Description: Company Profile: Founded in 1976, CGI is among the largest independent IT and business consulting services firms in the world. With 94,000 consultants and professionals across the globe, CGI delivers an end-to-end portfolio of capabilities, from strategic IT and business consulting to systems integration, managed IT and business process services and intellectual property solutions. CGI works with clients through a local relationship model complemented by a global delivery …",2026-08-12T20:51:05Z,https://www.adzuna.in/details/5838461599?utm_medium=api&utm_source=f8f3e256,business analyst,2026-08-13T07:33:12.667150+00:00
"Developer, IT Applications",Edwards Lifesciences,"Pune, Maharashtra",,,0,"Edwards Lifesciences is expanding its global technology capabilities with the launch of a new IT Innovation Hub in Pune, India. The Hub strengthens the technology foundation that supports our business worldwide, working in close partnership with teams across regions to deliver reliable, high-quality solutions at scale. Designed as a long-term investment, the Pune Hub will advance newer digital capabilities such as automation, data, AI, and cloud, and will include roles spanning end user service…",2026-08-12T20:50:17Z,https://www.adzuna.in/details/5838459500?utm_medium=api&utm_source=f8f3e256,business analyst,2026-08-13T07:33:12.667150+00:00
Business Finance Analyst,Google,India,,,0,"Minimum qualifications: Bachelor's degree in Business, Finance, Economics, Statistics, or another quantitative field, or equivalent practical experience. 4 years of experience in financial planning and analysis (FP&A), consulting, or a related function. Experience executing full-cycle FP&A functions including budgeting, forecasting, variance analysis, and modeling within a multinational company setting. Preferred qualifications: Advanced proficiency in spreadsheets and SQL. Demonstrated experie…",2026-08-12T20:49:29Z,https://www.adzuna.in/details/5838457120?utm_medium=api&utm_source=f8f3e256,business analyst,2026-08-13T07:33:12.667150+00:00
Senior Analyst Business Systems,Empower Retirement,India,,,0,"Our vision for the future is based on the idea that transforming financial lives starts by giving our people the freedom to transform their own. We have a flexible work environment, and fluid career paths. We not only encourage but celebrate internal mobility. We also recognize the importance of purpose, well-being, and work-life balance. Within Empower and our communities, we work hard to create a welcoming and inclusive environment, and our associates dedicate thousands of hours to volunteeri…",2026-08-12T20:49:08Z,https://www.adzuna.in/details/5838456109?utm_medium=api&utm_source=f8f3e256,business analyst,2026-08-13T07:33:12.667150+00:00
IN_Senior Associate_QA Automation_GCC_Advisory_Bangalore,PricewaterhouseCoopers,India,,,0,"Line of Service Advisory Industry/Sector Not Applicable Specialism Operations Management Level Senior Associate Job Description & Summary At PwC, our people in business application consulting specialise in consulting services for a variety of business applications, helping clients optimise operational efficiency. These individuals analyse client needs, implement software solutions, and provide training and support for seamless integration and utilisation of business applications, enabling clien…",2026-08-12T20:48:54Z,https://www.adzuna.in/details/5838455402?utm_medium=api&utm_source=f8f3e256,business analyst,2026-08-13T07:33:12.667150+00:00
Patient Strategy - Living Affordability Model Business Analyst - Pharma Medicines GPS,Roche,India,,,0,"At Roche you can show up as yourself, embraced for the unique qualities you bring. Our culture encourages personal expression, open dialogue, and genuine connections, where you are valued, accepted and respected for who you are, allowing you to thrive both personally and professionally. This is how we aim to prevent, stop and cure diseases and ensure everyone has access to healthcare today and for generations to come. Join Roche, where every voice matters. The Position Job description As a Seni…",2026-08-12T20:48:38Z,https://www.adzuna.in/details/5838454526?utm_medium=api&utm_source=f8f3e256,business analyst,2026-08-13T07:33:12.667150+00:00
Senior Analyst Business Analysis,ADTM Adenza Technology de Mexico S de RL de CV,"Mumbai, Maharashtra",,,0,"Nasdaq Technology is looking for a passionate Front Office Consultant with focus on, to join the Mumbai, India technology center. If Innovation and effectiveness drive, you forward this is the place for you! Nasdaq is continuously revolutionizing markets and undergoing transformations while we adopt new technologies to develop innovative solutions, constantly aiming to rewrite tomorrow. As a Front Office Consultant, Client-facing Calypso Front Office consulting role supporting implementations, …",2026-08-12T20:47:26Z,https://www.adzuna.in/details/5838450846?utm_medium=api&utm_source=f8f3e256,business analyst,2026-08-13T07:33:12.667150+00:00
Senior Applications Developer,Davies,"Pune, Maharashtra",,,0,"Davies Life & Health is looking for a Senior Applications Developer who will be responsible for system development standards, design and development of new applications to support business needs, and production support enhancements. To be successful in this role, you must have experience developing systems using Visual Basic.NET, SQL Server, and familiarity with XML and full stack applications. Additionally, you should possess strong communication skills and a willingness to work with and learn…",2026-08-12T20:47:15Z,https://www.adzuna.in/details/5838450282?utm_medium=api&utm_source=f8f3e256,business analyst,2026-08-13T07:33:12.667150+00:00
Java UI Developer,Barclays,India,,,0,"Job Description Purpose of the role To design, develop and improve software, utilising various engineering methodologies, that provides business, platform, and technology capabilities for our customers and colleagues. Accountabilities Development and delivery of high-quality software solutions by using industry aligned programming languages, frameworks, and tools. Ensuring that code is scalable, maintainable, and optimized for performance. Cross-functional collaboration with product managers, d…",2026-08-12T20:46:17Z,https://www.adzuna.in/details/5838447412?utm_medium=api&utm_source=f8f3e256,business analyst,2026-08-13T07:33:12.667150+00:00
"IN_Sr Associate_IT Business Analyst – Healthcare , Pharma or tech_GCC_Advisory_Bangalore",PricewaterhouseCoopers,India,,,0,"Line of Service Advisory Industry/Sector Not Applicable Specialism Operations Management Level Senior Associate Job Description & Summary At PwC, our people in business application consulting specialise in consulting services for a variety of business applications, helping clients optimise operational efficiency. These individuals analyse client needs, implement software solutions, and provide training and support for seamless integration and utilisation of business applications, enabling clien…",2026-08-12T20:46:09Z,https://www.adzuna.in/details/5838447015?utm_medium=api&utm_source=f8f3e256,business analyst,2026-08-13T07:33:12.667150+00:00
Cluster Head - Wealth - Chennai - Centennial Square - MM* CH1*,Tata Capital,India,,,0,"Description 10281 Business Development, Portfolio Performance Analysis, Portfolio Modeling, Portfolio Management and Business Analytics, Financial Analyst, wealth Management"" • Managing PL of the Region and Building up Market Share • Owning and Establishing Tata Capital Wealth Management Brand for the regions • Recruitment, Nurturing talent,Hand Holding • Reviewing team’s performance for optimisation of revenues • Co Owning clients of the team • Address HNI and ultra HNI clients for investment …",2026-08-12T20:46:02Z,https://www.adzuna.in/details/5838446687?utm_medium=api&utm_source=f8f3e256,business analyst,2026-08-13T07:33:12.667150+00:00
Business Finance Senior Analyst,Deutsche Bank,India,,,0,"Job Description: In Scope of Position-Based Promotions Job Title: Business Finance Senior Analyst Corporate Title: AVP Location: Mumbai, India Role Description Within Business Finance, we have Revenue Control & Financial Control functions. For each product / business line the Revenue control & Financial control responsibilities are segregated & well defined. As a Business Finance personnel, the core responsibilities is to ensure accurate reporting of periodic P&L, Risk and BS on the basis of so…",2026-08-12T20:45:54Z,https://www.adzuna.in/details/5838446312?utm_medium=api&utm_source=f8f3e256,business analyst,2026-08-13T07:33:12.667150+00:00
Business Analyst- Trade Finance(4-6 Years),CGI,India,,,0,"Position Description: Company Profile: Founded in 1976, CGI is among the largest independent IT and business consulting services firms in the world. With 94,000 consultants and professionals across the globe, CGI delivers an end-to-end portfolio of capabilities, from strategic IT and business consulting to systems integration, managed IT and business process services and intellectual property solutions. CGI works with clients through a local relationship model complemented by a global delivery …",2026-08-12T20:45:49Z,https://www.adzuna.in/details/5838446062?utm_medium=api&utm_source=f8f3e256,business analyst,2026-08-13T07:33:12.667150+00:00
Specialist IS Bus Sys Analyst,Amgen,"Hyderabad, Telangana",,,0,"Career Category Manufacturing Job Description ABOUT THE ROLE Role Description: Let's do this. Let's change the world. We are looking for a highly motivated Specialist IS Business Systems Analyst to support Amgen's Manufacturing Applications Product Team across custom applications focused on finite scheduling, predictive maintenance, and AI-enabled plant operations. This role is grounded in strong business analyst practices and will be key in eliciting, documenting, refining, and validating busi…",2026-08-12T20:45:39Z,https://www.adzuna.in/details/5838445546?utm_medium=api&utm_source=f8f3e256,business analyst,2026-08-13T07:33:12.667150+00:00
Business Operations Analyst,Modernizing Medicine,"Hyderabad, Telangana",,,0,"Join the Team Modernizing Medicine At ModMed , we’re not just building software—we’re reimagining the healthcare experience. Founded in 2010 by a practicing physician and a successful tech entrepreneur, we took a radically different approach: we hired doctors and taught them how to code. This ""for doctors, by doctors"" philosophy has allowed us to create an AI-enabled, specialty-specific cloud platform that places patients at the center of care. A Culture of Excellence When you join ModMed, you’…",2026-08-12T20:45:28Z,https://www.adzuna.in/details/5838444915?utm_medium=api&utm_source=f8f3e256,business analyst,2026-08-13T07:33:12.667150+00:00
Business Analyst - Liquidity,Capco,India,,,0,"Job Title: BA Liquidity About Us “Capco, a Wipro company, is a global technology and management consulting firm. Awarded with Consultancy of the year in the British Bank Award and has been ranked Top 100 Best Companies for Women in India 2022 by Avtar & Seramount . With our presence across 32 cities across globe, we support 100 clients across banking, financial and Energy sectors. We are recognized for our deep transformation execution and delivery. WHY JOIN CAPCO? You will work on engaging pro…",2026-08-12T20:45:26Z,https://www.adzuna.in/details/5838444794?utm_medium=api&utm_source=f8f3e256,business analyst,2026-08-13T07:33:12.667150+00:00
Senior Mern Stack Developer,MassMutual,India,,,0,"Who We Are – MassMutual India Since 1851, MassMutual’s commitment has always been to help people protect their families, support their communities, and help one another. Therefore, we want to inspire people to Live Mutual. We at MassMutual value diversity and inclusion. We’re people helping people A career with us means you will work alongside exceptional people and be empowered to reach your professional and personal goals. Our employees are the foundation of what makes MassMutual a strong, st…",2026-08-12T20:44:44Z,https://www.adzuna.in/details/5838442732?utm_medium=api&utm_source=f8f3e256,business analyst,2026-08-13T07:33:12.667150+00:00
Senior Salesforce Developer,Enphase Energy,"Bangalore, Karnataka",,,0,"Description Enphase Energy is a global energy technology company and a leading provider of solar, battery, and electric vehicle charging products. Founded in 2006, our innovative microinverter technology revolutionized solar power, making it a safer, more reliable, and scalable energy source. Today, the Enphase Energy System enables users to make, use, save, and sell their own power. Enphase is also one of the most successful and innovative clean energy companies in the world, with more than 80…",2026-08-12T20:44:18Z,https://www.adzuna.in/details/5838441260?utm_medium=api&utm_source=f8f3e256,business analyst,2026-08-13T07:33:12.667150+00:00
"Business Functional Analyst (Midrange), AS",Deutsche Bank,India,,,0,"Job Description: Job Title: Business Functional Analyst (Midrange), AS Location: Pune, India Corporate Title: Associate Role Description Our Investments – agile teams at Deutsche Bank - Private Bank (TDI) develop and maintain applications for securities business of Private Customers. Changes are generally announced on short notice due to regulatory requirements or time to market challenges. Quality and stability have priority together with time to market. By working in an Agile DevOps model we …",2026-08-12T20:44:16Z,https://www.adzuna.in/details/5838441122?utm_medium=api&utm_source=f8f3e256,business analyst,2026-08-13T07:33:12.667150+00:00
Business Project Lead Analyst - HIH - Evernorth,Cigna Group,"Hyderabad, Telangana",,,0,"Position Summary: We are seeking a highly motivated, results-oriented team member for our Accounting Process Optimization group within the Accounting & Tax organization. This role is critical to advancing the transformation of accounting processes through standardization, automation, and data-driven insights, enabling a more efficient, scalable, and controlled operating environment. Aligned with the POET (Process Optimization through the Enablement of Technology) strategy, this individual will …",2026-08-12T20:43:58Z,https://www.adzuna.in/details/5838440063?utm_medium=api&utm_source=f8f3e256,business analyst,2026-08-13T07:33:12.667150+00:00
"Senior Developer, IT Applications",Edwards Lifesciences,"Pune, Maharashtra",,,0,"Edwards Lifesciences is expanding its global technology capabilities with the launch of a new IT Innovation Hub in Pune, India. The Hub strengthens the technology foundation that supports our business worldwide, working in close partnership with teams across regions to deliver reliable, high-quality solutions at scale. Designed as a long-term investment, the Pune Hub will advance newer digital capabilities such as automation, data, AI, and cloud, and will include roles spanning end user service…",2026-08-12T20:43:57Z,https://www.adzuna.in/details/5838439993?utm_medium=api&utm_source=f8f3e256,business analyst,2026-08-13T07:33:12.667150+00:00
IN-Senior Associate_Automation QA_Digital Integration_Advisory_Kolkata,PricewaterhouseCoopers,India,,,0,"Line of Service Advisory Industry/Sector Not Applicable Specialism Microsoft Management Level Senior Associate Job Description & Summary At PwC, our people in software and product innovation focus on developing cutting-edge software solutions and driving product innovation to meet the evolving needs of clients. These individuals combine technical experience with creative thinking to deliver innovative software products and solutions. In quality engineering at PwC, you will focus on implementing…",2026-08-12T20:43:30Z,https://www.adzuna.in/details/5838438337?utm_medium=api&utm_source=f8f3e256,business analyst,2026-08-13T07:33:12.667150+00:00
Business Intelligence II-SUPPORT SERVICES-Data & Analytics - In House Engineering,Kotak Mahindra Bank,"Bangalore, Karnataka",,,0,"Description Job Title: Business Analyst- Kotak Bank We are seeking an experienced and highly skilled Analytics professional in our analytics. The ideal candidate should possess a strong business acumen, exceptional coding skills, and significant experience in either Marketing Analytics within the NBFC, Banking, or Bureau. The person will be responsible for overseeing various analytical projects, ensuring their successful execution, and leveraging insights to deliver significant business impact.…",2026-08-12T20:43:28Z,https://www.adzuna.in/details/5838438253?utm_medium=api&utm_source=f8f3e256,business analyst,2026-08-13T07:33:12.667150+00:00
Client Financial Mgmt Analyst,Accenture,India,,,0,"Skill required: Client Financial Management - Financial Planning and Analysis (FP&A) Designation: Client Financial Mgmt Analyst Qualifications: Master of Business Administration Years of Experience: 3 to 5 years About Accenture Accenture is a global professional services company with leading capabilities in digital, cloud and security.Combining unmatched experience and specialized skills across more than 40 industries, we offer Strategy and Consulting, Technology and Operations services, and Ac…",2026-08-12T20:42:33Z,https://www.adzuna.in/details/5838435218?utm_medium=api&utm_source=f8f3e256,business analyst,2026-08-13T07:33:12.667150+00:00
Business Analyst,2028 Takeda Innovations India,India,,,0,"By clicking the “Apply” button, I understand that my employment application process with Takeda will commence and that the information I provide in my application will be processed in line with Takeda’s Privacy Notice and Terms of Use . I further attest that all information I submit in my employment application is true to the best of my knowledge. Job Description The Future Begins Here At Takeda, we are leading digital evolution and global transformation. By building innovative solutions and fu…",2026-08-12T20:42:08Z,https://www.adzuna.in/details/5838433919?utm_medium=api&utm_source=f8f3e256,business analyst,2026-08-13T07:33:12.667150+00:00
"Business Analyst, Market Operations",Natwest Group,India,,,0,"Join us as a Business Analyst Take on a critical role defining and realising fantastic solutions, processes, benefits and new opportunities to deliver to our stakeholders You'll be working in a vibrant, forward looking team and helping us to shape the future of our business It’s a great chance to hit the ground running, take advantage of our development opportunities, and advance your career We're offering this role at associate level What you'll do In your new role, you’ll be supporting the an…",2026-08-12T20:41:44Z,https://www.adzuna.in/details/5838432810?utm_medium=api&utm_source=f8f3e256,business analyst,2026-08-13T07:33:12.667150+00:00
Finance Business Analyst,HP,India,,,0,"Finance Business Analyst Description - Job Summary • This role is responsible for leading and providing expertise to project teams, participating in cross-functional initiatives, and guiding process improvements and policy establishment. The role collaborates with business leaders to influence strategic decision-making and conducts complex financial analysis to achieve objectives effectively. The role will act as Financial and Control & Compliance Analyst with WW scope mainly for Contra Revenue…",2026-08-12T20:40:47Z,https://www.adzuna.in/details/5838430717?utm_medium=api&utm_source=f8f3e256,business analyst,2026-08-13T07:33:12.667150+00:00
Testing Analyst I,Zensar Technologies,India,,,0,"Description Job Summary We are looking for a skilled QA Automation Engineer with 2-4 years of experience in test automation and quality assurance. The ideal candidate should have strong hands-on expertise in Selenium, Java, and Playwright, along with exposure to cloud technologies. The candidate will be responsible for designing, developing, and executing automated test solutions to ensure the quality and reliability of enterprise applications. Mandatory Skills 2-4 years of experience in QA Aut…",2026-08-12T20:40:22Z,https://www.adzuna.in/details/5838430071?utm_medium=api&utm_source=f8f3e256,business analyst,2026-08-13T07:33:12.667150+00:00
IN_Senior Associate_ServiceNow Developer _GCC_Advisory_Hyderabad,PricewaterhouseCoopers,India,,,0,"Line of Service Advisory Industry/Sector Not Applicable Specialism Microsoft Management Level Senior Associate Job Description & Summary At PwC, our people in business application consulting specialise in consulting services for a variety of business applications, helping clients optimise operational efficiency. These individuals analyse client needs, implement software solutions, and provide training and support for seamless integration and utilisation of business applications, enabling client…",2026-08-12T20:38:43Z,https://www.adzuna.in/details/5838426747?utm_medium=api&utm_source=f8f3e256,business analyst,2026-08-13T07:33:12.667150+00:00
Business Analyst- Paytm,Paytm,"Noida, Ghaziabad",,,0,"About Us: Paytm is India's leading mobile payments and financial services distribution company. Pioneer of the mobile QR payments revolution in India, Paytm builds technologies that help small businesses with payments and commerce. Paytm’s mission is to serve half a billion Indians and bring them to the mainstream economy with the help of technology. About the Team- Paytm Ads is the digital advertising platform of Paytm, enabling brands to reach and engage with over 350M users across Paytm’s ec…",2026-08-12T20:38:38Z,https://www.adzuna.in/details/5838426562?utm_medium=api&utm_source=f8f3e256,business analyst,2026-08-13T07:33:12.667150+00:00
Senior Mainframe Developer with 4-6 years of exp in COBOL DB2 JCL CICS & Utilities,CGI,India,,,0,"Position Description: Company Profile: Founded in 1976, CGI is among the largest independent IT and business consulting services firms in the world. With 94,000 consultants and professionals across the globe, CGI delivers an end-to-end portfolio of capabilities, from strategic IT and business consulting to systems integration, managed IT and business process services and intellectual property solutions. CGI works with clients through a local relationship model complemented by a global delivery …",2026-08-12T20:38:18Z,https://www.adzuna.in/details/5838425878?utm_medium=api&utm_source=f8f3e256,business analyst,2026-08-13T07:33:12.667150+00:00
Business Analyst,Accenture,India,,,0,"Project Role : Business Analyst Project Role Description : Analyze an organization and design its processes and systems, assessing the business model and its integration with technology. Assess current state, identify customer requirements, and define the future state and/or business solution. Research, gather and synthesize information. Must have skills : Business Requirements Analysis Good to have skills : Scrum, Data Analysis & Interpretation Minimum 5 year(s) of experience is required Educa…",2026-08-12T20:38:03Z,https://www.adzuna.in/details/5838425524?utm_medium=api&utm_source=f8f3e256,business analyst,2026-08-13T07:33:12.667150+00:00
Lead Business Intelligence Analyst,Caterpillar,"Bangalore, Karnataka",,,0,"Career Area: Technology, Digital and Data Job Description: Your Work Shapes the World at Caterpillar Inc. When you join Caterpillar, you're joining a global team who cares not just about the work we do – but also about each other. We are the makers, problem solvers, and future world builders who are creating stronger, more sustainable communities. We don't just talk about progress and innovation here – we make it happen, with our customers, where we work and live. Together, we are building a be…",2026-08-12T20:38:00Z,https://www.adzuna.in/details/5838425431?utm_medium=api&utm_source=f8f3e256,business analyst,2026-08-13T07:33:12.667150+00:00
Associate - Recruiting,JPMorganChase,"Mumbai, Maharashtra",,,0,"Description Drive impactful talent acquisition for Firmwide Functions by delivering strategic recruitment solutions and building high-performing teams. Job Summary As a Senior Associate - Recruiting within Firmwide Functions/Corporate - Risk Management, you will be responsible for managing the end-to-end recruitment lifecycle for roles across departments. You will partner closely with business leaders to deliver strategic talent acquisition solutions, drive candidate engagement, and support bro…",2026-08-12T20:37:46Z,https://www.adzuna.in/details/5838424912?utm_medium=api&utm_source=f8f3e256,business analyst,2026-08-13T07:33:12.667150+00:00
Require a Business Analyst in Gurgaon,TestHiring,"Mini Sectt., Gurgaon",15000.0,20000.0,0,"Conduct comprehensive assessments of existing business processes to identify inefficiencies and areas for improvement. Design and implement tailored process optimization strategies that align with the organization's technological infrastructure and strategic goals. Collaborate with cross-functional teams to facilitate the adoption of new methodologies and ensure seamless integration of process changes. Develop detailed documentation, including process maps, standard operating procedures, and pe…",2026-08-12T16:56:46Z,https://www.adzuna.in/details/5838170541?utm_medium=api&utm_source=f8f3e256,business analyst,2026-08-13T07:33:12.667150+00:00
BA - Healthcare (Process Transformation & Automation),Weekday AI,India,,,0,"This role is for one of Weekday’s clients Min Experience: 5 years Location: Remote India JobType: full-time We are looking for a Business Analyst – Healthcare with 5 years of experience in healthcare operations, claims, business analysis, and process transformation. The ideal candidate will have strong knowledge of healthcare claims and payer/provider operations, along with hands-on experience in process mining, task mining, and automation-led process improvement. Requirements Key Responsibilit…",2026-08-12T16:53:24Z,https://www.adzuna.in/details/5838165655?utm_medium=api&utm_source=f8f3e256,business analyst,2026-08-13T07:33:12.667150+00:00
Salesforce Business Systems Analyst,GroundTruth,India,,,0,"GroundTruth is an advertising platform that turns real-world behavior into marketing that drives in-store visits and other real business results. We use observed real-world consumer behavior, including location and purchase data, to create targeted advertising campaigns across all screens, measure how consumers respond, and uncover unique insights to help optimize ongoing and future marketing efforts. With this focus on media, measurement, and insights, we provide marketers with tools to delive…",2026-08-12T16:53:24Z,https://www.adzuna.in/details/5838165670?utm_medium=api&utm_source=f8f3e256,business analyst,2026-08-13T07:33:12.667150+00:00
Claims Business Analyst - Healthcare,Weekday AI,India,,,0,"This role is for one of Weekday’s clients Min Experience: 5 years Location: Remote India JobType: full-time We are looking for a Claims Business Analyst with 5 years of experience in healthcare claims operations, business analysis, and process transformation. The ideal candidate will have strong knowledge of payer/provider claims processes and experience identifying opportunities for process optimization, automation, and digital transformation. Requirements Key Responsibilities: Partner with he…",2026-08-12T16:53:24Z,https://www.adzuna.in/details/5838165660?utm_medium=api&utm_source=f8f3e256,business analyst,2026-08-13T07:33:12.667150+00:00
"Business Analyst, RBS ARTS (Automation Reporting and Tech Sciences)",ADCI - BLR 14 SEZ - F07,"Bangalore, Karnataka",,,0,"We are looking for a customer-obsessed innovator, comfortable with ambiguity, with strong attention to detail, and ability to work in a fast-paced and ever-changing environment, and an ability to work effectively in cross-functional teams. They will have excellent oral and written communication skills, a focus to meet tight deadlines, multi-task, and prioritize work. A Business Analyst will own the production and delivery of a suite of reports, dashboards and tools used by leaders to take decis…",2026-08-12T16:03:57Z,https://www.adzuna.in/details/5838098503?utm_medium=api&utm_source=f8f3e256,business analyst,2026-08-13T07:33:12.667150+00:00
Project Coordinator - Pharmaceutical/Life Sciences,Roche,"Chennai, Tamil Nadu",,,0,"At Roche you can show up as yourself, embraced for the unique qualities you bring. Our culture encourages personal expression, open dialogue, and genuine connections, where you are valued, accepted and respected for who you are, allowing you to thrive both personally and professionally. This is how we aim to prevent, stop and cure diseases and ensure everyone has access to healthcare today and for generations to come. Join Roche, where every voice matters. The Position Role: Project Coordinator…",2026-08-12T16:03:46Z,https://www.adzuna.in/details/5838098192?utm_medium=api&utm_source=f8f3e256,business analyst,2026-08-13T07:33:12.667150+00:00
HRMS Principal Analyst,TTEC,"Hyderabad, Telangana",,,0,"Senior Business Product Owner – ServiceNow HRSD We are looking for an experienced Senior Business Product Owner to drive the adoption, optimization, and digital transformation of the ServiceNow HRSD platform. The role will focus on enhancing employee self-service capabilities, improving HR case management processes, enabling automation and AI-driven solutions, and maximizing platform utilization across the organization. Key Responsibilities Own and prioritize the ServiceNow HRSD product backlog…",2026-08-12T16:02:56Z,https://www.adzuna.in/details/5838096899?utm_medium=api&utm_source=f8f3e256,business analyst,2026-08-13T07:33:17.378605+00:00
Business Analyst - SFCC,WillWare Technologies,"Bangalore, Karnataka",,,0,"Role: Business Analyst SFCC Location: Bangalore Skills: Salesforce Commerce Cloud (SFCC), SFCC Production Support, Production Operations, Production Support, Order Management System (OMS), IBM Sterling OMS, Order Lifecycle, Order Processing, Order Flow, Incident Management, Major Incident Management, E-commerce, Retail Commerce, REST API, SOAP API, Client Communication, Stakeholder Management Good to Have: Salesforce Commerce Cloud (SFRA), Business Manager (BM), IBM Sterling OMS, Order Orchestr…",2026-08-12T16:02:52Z,https://www.adzuna.in/details/5838096669?utm_medium=api&utm_source=f8f3e256,business analyst,2026-08-13T07:33:17.378605+00:00
Intermediate QE - Services Automation,CIBC India,"Hyderabad, Telangana",,,0,"About CIBC India: CIBC India is a technology and operations hub in Hyderabad, where youll be part of our highly engaged and global team, and play a central role in supporting our growth. Whether youre driving innovation in digital banking or streamlining client onboarding, youll be part of a culture recognized for excellence and investment in people. At CIBC India, people and progress are at the center of what we do: youll develop skills, collaborate with industry leaders, and see your ideas re…",2026-08-12T10:55:44Z,https://www.adzuna.in/details/5837789747?utm_medium=api&utm_source=f8f3e256,business analyst,2026-08-13T07:33:17.378605+00:00
ServiceNow CSM Developer,Thermo Fisher Scientific,"Bangalore, Karnataka",,,0,"This job is with Thermo Fisher Scientific, an inclusive employer and a member of myGwork – the largest global platform for the LGBTQ business community. Please do not contact the recruiter directly. Work Schedule Standard (Mon-Fri) Environmental Conditions Office Job Description As part of the Thermo Fisher Scientific team, you’ll discover meaningful work that makes a positive impact on a global scale. Join our colleagues in bringing our Mission to life every single day to enable our customers …",2026-08-12T01:59:44Z,https://www.adzuna.in/land/ad/5837139934?se=oFpOPumW8RGF8ab7BF-kiA&utm_medium=api&utm_source=f8f3e256&v=554593E94AFDDE0DA41D34A82D1256B0499DECD6,business analyst,2026-08-13T07:33:17.378605+00:00
KYC Funds BA,Capco,"Mumbai, Maharashtra",,,0,"This job is with Capco, an inclusive employer and a member of myGwork – the largest global platform for the LGBTQ business community. Please do not contact the recruiter directly. Job Title: KYC Funds BA About Us “Capco, a Wipro company, is a global technology and management consulting firm. Awarded with Consultancy of the year in the British Bank Award and has been ranked Top 100 Best Companies for Women in India 2022 by Avtar & Seramount . With our presence across 32 cities across globe, we s…",2026-08-12T01:59:40Z,https://www.adzuna.in/land/ad/5837139701?se=oFpOPumW8RGF8ab7BF-kiA&utm_medium=api&utm_source=f8f3e256&v=0DDE9BEE0F7EE069CE333A59BC78BCEE99E98679,business analyst,2026-08-13T07:33:17.378605+00:00
Liquidity - Design Analyst,Capco,India,,,0,"This job is with Capco, an inclusive employer and a member of myGwork – the largest global platform for the LGBTQ business community. Please do not contact the recruiter directly. Role purpose This role is within the Design capability for Finance on the cloud under Transformation Family. Requirement Analysis & Design team is a team formed under change delivery and this role is expected to support Finance in the cloud design & implementation work India. The team consist of 30-40 Business analyst…",2026-08-12T01:59:39Z,https://www.adzuna.in/land/ad/5837139625?se=oFpOPumW8RGF8ab7BF-kiA&utm_medium=api&utm_source=f8f3e256&v=4512448BB1CAA607C8FADF9953897FB2699D9547,business analyst,2026-08-13T07:33:17.378605+00:00
Data Engineer - Python and Azure Data Bricks,Capco,India,,,0,"This job is with Capco, an inclusive employer and a member of myGwork – the largest global platform for the LGBTQ business community. Please do not contact the recruiter directly. Job Title: Data Engineer - Python and Azure Data Bricks About Us “Capco, a Wipro company, is a global technology and management consulting firm. Awarded with Consultancy of the year in the British Bank Award and has been ranked Top 100 Best Companies for Women in India 2022 by Avtar & Seramount . With our presence acr…",2026-08-12T01:59:39Z,https://www.adzuna.in/land/ad/5837139650?se=oFpOPumW8RGF8ab7BF-kiA&utm_medium=api&utm_source=f8f3e256&v=025DC64898BBEE97D8ECB9A23E8E85E4623C0D15,business analyst,2026-08-13T07:33:17.378605+00:00
Nostro Risk Reporting Business Analyst,Capco,"Chennai, Tamil Nadu",,,0,"This job is with Capco, an inclusive employer and a member of myGwork – the largest global platform for the LGBTQ business community. Please do not contact the recruiter directly. Job Title: Nostro Risk Reporting BA About Us “Capco, a Wipro company, is a global technology and management consulting firm. Awarded with Consultancy of the year in the British Bank Award and has been ranked Top 100 Best Companies for Women in India 2022 by Avtar & Seramount . With our presence across 32 cities across…",2026-08-12T01:59:38Z,https://www.adzuna.in/land/ad/5837139548?se=oFpOPumW8RGF8ab7BF-kiA&utm_medium=api&utm_source=f8f3e256&v=FE0B40EBBB5BC83F91C643296839DDB9E52E3E17,business analyst,2026-08-13T07:33:17.378605+00:00
Business Analyst – Cash Management & Intraday Liquidity,Capco,India,,,0,"This job is with Capco, an inclusive employer and a member of myGwork – the largest global platform for the LGBTQ business community. Please do not contact the recruiter directly. Job Title: Business Analyst – Cash Management & Intraday Liquidity About Us “Capco, a Wipro company, is a global technology and management consulting firm. Awarded with Consultancy of the year in the British Bank Award and has been ranked Top 100 Best Companies for Women in India 2022 by Avtar & Seramount . With our p…",2026-08-12T01:59:37Z,https://www.adzuna.in/land/ad/5837139481?se=oFpOPumW8RGF8ab7BF-kiA&utm_medium=api&utm_source=f8f3e256&v=9164B7D4E7E10EA6F7B9DAEA6492B89AEE051E14,business analyst,2026-08-13T07:33:17.378605+00:00
IT&D Senior Business Analyst - T&E,Reckitt,"Hyderabad, Telangana",,,0,"This job is with Reckitt, an inclusive employer and a member of myGwork – the largest global platform for the LGBTQ business community. Please do not contact the recruiter directly. We are Reckitt Home to the world's best loved and trusted hygiene, health, and nutrition brands. Our purpose defines why we exist: to protect, heal and nurture in the relentless pursuit of a cleaner, healthier world. We are a global team united by this purpose.Join us in our fight to make access to the highest quali…",2026-08-12T01:59:37Z,https://www.adzuna.in/land/ad/5837139467?se=oFpOPumW8RGF8ab7BF-kiA&utm_medium=api&utm_source=f8f3e256&v=3B0272AB4CDEBE294E14BB9E4FD1656AA5A004EF,business analyst,2026-08-13T07:33:17.378605+00:00
Corporate Actions,Capco,India,,,0,"This job is with Capco, an inclusive employer and a member of myGwork – the largest global platform for the LGBTQ business community. Please do not contact the recruiter directly. Job Title: Business Analyst Market Risk About Us “Capco, a Wipro company, is a global technology and management consulting firm. Awarded with Consultancy of the year in the British Bank Award and has been ranked Top 100 Best Companies for Women in India 2022 by Avtar & Seramount . With our presence across 32 cities ac…",2026-08-12T01:59:37Z,https://www.adzuna.in/land/ad/5837139460?se=oFpOPumW8RGF8ab7BF-kiA&utm_medium=api&utm_source=f8f3e256&v=F9D75DE94F8D7E4253DA5E528CC0F4F76B63B107,business analyst,2026-08-13T07:33:17.378605+00:00
Software Engineer,Cornerstone OnDemand,"Pune, Maharashtra",,,0,"This job is with Cornerstone OnDemand, an inclusive employer and a member of myGwork – the largest global platform for the LGBTQ business community. Please do not contact the recruiter directly. CSODis seeking an experienced Salesforce Developer to design, develop, enhance, andsupport enterprise solutions on the Salesforce platform with a primary focus onIT Service Management (ITSM) and HR service delivery / HR case managementmodules. This role will be responsible for building scalable business…",2026-08-12T01:59:32Z,https://www.adzuna.in/land/ad/5837139300?se=oFpOPumW8RGF8ab7BF-kiA&utm_medium=api&utm_source=f8f3e256&v=D2819CB191D4CF3D876CD7EA335D939FFECEBFB1,business analyst,2026-08-13T07:33:17.378605+00:00
Business Analyst - Financial Markets Post-Trade processing,Standard Chartered Bank,"Bangalore, Karnataka",,,0,"This job is with Standard Chartered Bank, an inclusive employer and a member of myGwork – the largest global platform for the LGBTQ business community. Please do not contact the recruiter directly. Job Summary • Prepare below Business Requirement Documents (BRD), Functional Specification Documents (FSD) ,User Stories, Acceptance Criteria ,Process Flows ,Data Mapping Specifications • Perform impact analysis across upstream and downstream applications. • Solution Design Support • Elicit and docum…",2026-08-12T01:59:32Z,https://www.adzuna.in/land/ad/5837139309?se=oFpOPumW8RGF8ab7BF-kiA&utm_medium=api&utm_source=f8f3e256&v=DA73E76C0B44AECA0A0DF7A49043F96BE39710B1,business analyst,2026-08-13T07:33:17.378605+00:00
Fraud Business Analyst,Standard Chartered Bank,"Bangalore, Karnataka",,,0,"This job is with Standard Chartered Bank, an inclusive employer and a member of myGwork – the largest global platform for the LGBTQ business community. Please do not contact the recruiter directly. Job Summary The role will be responsible for • Minimise Fraud losses by analysis of fraud trends, MIS, reviews, reporting and compliance • Head Office Reporting and Stakeholder reporting for GBS supported countries • Minimise fraud losses by recommending rules to detect real time fraud and on pro-act…",2026-08-12T01:59:31Z,https://www.adzuna.in/land/ad/5837139231?se=oFpOPumW8RGF8ab7BF-kiA&utm_medium=api&utm_source=f8f3e256&v=9EB7DB70AEB7AAC9053AABE30A9302B57160D866,business analyst,2026-08-13T07:33:17.378605+00:00
"AVP, CL, Quality Eng, WRB Tech",Standard Chartered Bank,"Chennai, Tamil Nadu",,,0,"This job is with Standard Chartered Bank, an inclusive employer and a member of myGwork – the largest global platform for the LGBTQ business community. Please do not contact the recruiter directly. Key Responsibilities • Oversees the execution of functional standards and best practices and provide technical assistance to the members of their Chapter. • Responsible for the quality of the code repository where applicable. • Prioritises and makes available capacity for technical debt. • Responsibl…",2026-08-12T01:59:31Z,https://www.adzuna.in/land/ad/5837139203?se=oFpOPumW8RGF8ab7BF-kiA&utm_medium=api&utm_source=f8f3e256&v=EDBA6208C157AD6D705C53968C7F9C2AF1D73F10,business analyst,2026-08-13T07:33:17.378605+00:00
"Associate Director, WRB Model Development",Standard Chartered Bank,"Bangalore, Karnataka",,,0,"This job is with Standard Chartered Bank, an inclusive employer and a member of myGwork – the largest global platform for the LGBTQ business community. Please do not contact the recruiter directly. Job Summary This position is for an Associate Director with an advanced degree in a quantitative discipline; requires experience and proficiency in areas of statistics, applied mathematics, SAS/Python programming language and a good understanding of retail banking / small business lending businesses.…",2026-08-12T01:59:31Z,https://www.adzuna.in/land/ad/5837139216?se=oFpOPumW8RGF8ab7BF-kiA&utm_medium=api&utm_source=f8f3e256&v=E7E957C8562EA1D709622785CD0699DE4ABC2861,business analyst,2026-08-13T07:33:17.378605+00:00
"Snr Analyst, Development - LARC",Standard Chartered Bank,"Chennai, Tamil Nadu",,,0,"This job is with Standard Chartered Bank, an inclusive employer and a member of myGwork – the largest global platform for the LGBTQ business community. Please do not contact the recruiter directly. Key Responsibilities Strategy • Define project scope and schedule while focusing on regular and timely delivery of value; organize and lead project status and working meetings; prepare and distribute progress reports; manage risks and issues; correct deviations from plans; and perform delivery planni…",2026-08-12T01:59:27Z,https://www.adzuna.in/land/ad/5837139071?se=oFpOPumW8RGF8ab7BF-kiA&utm_medium=api&utm_source=f8f3e256&v=70FEE35D121C1C525952645654C25753D2DBE7C6,business analyst,2026-08-13T07:33:17.378605+00:00
Business Analyst,Standard Chartered Bank,"Bangalore, Karnataka",,,0,"This job is with Standard Chartered Bank, an inclusive employer and a member of myGwork – the largest global platform for the LGBTQ business community. Please do not contact the recruiter directly. Job Summary This role provides business analysis for Global Banking Operations. It requires detailed analysis, review and documentation of all or part of a business in terms of business functions and processes in order to document the business requirements which are to be delivered by the technology …",2026-08-12T01:59:26Z,https://www.adzuna.in/land/ad/5837139018?se=oFpOPumW8RGF8ab7BF-kiA&utm_medium=api&utm_source=f8f3e256&v=C4CDA9208196E6CD6D1C2F4655038BBDEB192AED,business analyst,2026-08-13T07:33:17.378605+00:00
"Sr. Assoc, Quality Eng, WRB Tech",Standard Chartered Bank,"Bangalore, Karnataka",,,0,"This job is with Standard Chartered Bank, an inclusive employer and a member of myGwork – the largest global platform for the LGBTQ business community. Please do not contact the recruiter directly. Job Summary • We are looking for a Senior QA/Test Automation Engineer with extensive experience in automation testing, framework design, and quality engineering best practices. The ideal candidate will be responsible for driving automation initiatives, mentoring junior team members, and ensuring the …",2026-08-12T01:59:19Z,https://www.adzuna.in/land/ad/5837138958?se=oFpOPumW8RGF8ab7BF-kiA&utm_medium=api&utm_source=f8f3e256&v=9A46BEACF9C7BBE7A64563CA7BFB697010C4E4EC,business analyst,2026-08-13T07:33:17.378605+00:00
"Senior Manager, Liquidity Transformation",Standard Chartered Bank,"Bangalore, Karnataka",,,0,"This job is with Standard Chartered Bank, an inclusive employer and a member of myGwork – the largest global platform for the LGBTQ business community. Please do not contact the recruiter directly. Key Responsibilities Design, develop, and maintain scalable software applications using SQL, Python and Flask based solutions along with Java Script and HTML. Utilise SQL for database management, data retrieval, and data manipulation. Utilise Python for data transformation. Utilise Flask, Java Script…",2026-08-12T01:59:19Z,https://www.adzuna.in/land/ad/5837138945?se=oFpOPumW8RGF8ab7BF-kiA&utm_medium=api&utm_source=f8f3e256&v=921CD728B008A6A99FE27A00ADCED7823F0DE1B1,business analyst,2026-08-13T07:33:17.378605+00:00
Lead Software Engineer,Standard Chartered Bank,"Bangalore, Karnataka",,,0,"This job is with Standard Chartered Bank, an inclusive employer and a member of myGwork – the largest global platform for the LGBTQ business community. Please do not contact the recruiter directly. Job Summary We are currently looking for an experienced Full Stack Developer with 10-15 years of professional experience to join our dynamic FinCrime & Cyber team in Bangalore. In this pivotal role, you will be responsible for designing and implementing innovative, secure, and scalable applications t…",2026-08-12T01:59:14Z,https://www.adzuna.in/land/ad/5837138716?se=oFpOPumW8RGF8ab7BF-kiA&utm_medium=api&utm_source=f8f3e256&v=3B5807DE8934E6275B720542C4821356FB6731DF,business analyst,2026-08-13T07:33:17.378605+00:00
Functional Tester / Test Lead,Kyndryl,"Chennai, Tamil Nadu",,,0,"This job is with Kyndryl, an inclusive employer and a member of myGwork – the largest global platform for the LGBTQ business community. Please do not contact the recruiter directly. Who We Are At Kyndryl, we run and reimagine the mission-critical technology systems that drive advantage for the world's leading businesses. We are at the heart of progress; with proven expertise and a continuous flow of AI-powered insight, enabling smarter decisions, faster innovation, and a lasting competitive edg…",2026-08-12T01:59:13Z,https://www.adzuna.in/land/ad/5837138676?se=oFpOPumW8RGF8ab7BF-kiA&utm_medium=api&utm_source=f8f3e256&v=FB908868DD656E06EA90C4865246AEBEB71C2E51,business analyst,2026-08-13T07:33:17.378605+00:00
"Assoc, Quality Eng, WRB Tech",Standard Chartered Bank,"Chennai, Tamil Nadu",,,0,"This job is with Standard Chartered Bank, an inclusive employer and a member of myGwork – the largest global platform for the LGBTQ business community. Please do not contact the recruiter directly. Job Summary Role Summary We are seeking a highly motivated and detail-oriented Senior Test Engineer with 5-8 years of experience in software testing and quality engineering in Temenos T24 application. The ideal candidate will be responsible for ensuring application quality through comprehensive test …",2026-08-12T01:59:13Z,https://www.adzuna.in/land/ad/5837138653?se=oFpOPumW8RGF8ab7BF-kiA&utm_medium=api&utm_source=f8f3e256&v=094D7045362A8762368801B5E550827739421F8E,business analyst,2026-08-13T07:33:17.378605+00:00
Business Analyst,Bajaj Finance,India,,,0,"Job Purpose Business Analyst/PMO with solution design capabilities to support Lease and Mobility Technology Unit. The role involves coordinating, requirement discussion and documentation with stakeholders, solution design & discussion, ensuring governance, maintaining documentation, and assisting in planning and tracking initiatives across agile and hybrid delivery models. You will act as a central point of contact for project status, reporting, and compliance across multiple teams. Duties and …",2026-08-11T20:42:33Z,https://www.adzuna.in/details/5836834800?utm_medium=api&utm_source=f8f3e256,business analyst,2026-08-13T07:33:27.616801+00:00
Project Manager,Infoneo Technologies Private Limited,"Mumbai, Maharashtra",,,0,"Location: Mumbai Experience: Minimum 5 Years Employment Type: Full-Time Joining: Immediate Infoneo Technologies Pvt. Ltd. is looking for an experienced Project Manager to lead the execution and delivery of Government IT projects. The ideal candidate should have strong project management skills, hands-on experience in handling software development lifecycles, stakeholder management, and team coordination. The candidate must possess a valid PMP certification and have prior experience managing Cen…",2026-08-11T16:12:23Z,https://www.adzuna.in/land/ad/5836624044?se=Wvt-ROmW8RGWnIX1oHsR5g&utm_medium=api&utm_source=f8f3e256&v=564B753DA587CA7C2751342F79B9BB889273D25B,business analyst,2026-08-13T07:33:27.616801+00:00
Senior AI Product Specialist,Bajaj Finance,India,,,0,"Job Purpose The role covers the full project lifecycle, starting with requirement gathering through stakeholder collaboration, interviews, and workshops. It involves analyzing processes to identify improvements and preparing BRDs and functional specifications. In solution design, coordination with IT ensures alignment with business goals. Project management tasks include planning, scheduling, tracking, and cross-team coordination. Responsibilities also cover testing and validation through test …",2026-08-10T21:00:41Z,https://www.adzuna.in/details/5835742402?utm_medium=api&utm_source=f8f3e256,business analyst,2026-08-13T07:33:31.918128+00:00
Guidewire Jutro Developer,CGI,India,,,0,"Position Description: Founded in 1976, CGI is among the largest independent IT and business consulting services firms in the world. With 94,000 consultants and professionals across the globe, CGI delivers an end-to-end portfolio of capabilities, from strategic IT and business consulting to systems integration, managed IT and business process services and intellectual property solutions. CGI works with clients through a local relationship model complemented by a global delivery network that help…",2026-08-10T20:58:17Z,https://www.adzuna.in/details/5835739045?utm_medium=api&utm_source=f8f3e256,business analyst,2026-08-13T07:33:31.918128+00:00
Senior Business Analyst,Bajaj Finance,India,,,0,"Job Purpose “This position is open with Bajaj Finance ltd.” Duties and Responsibilities • Duties and Responsibilities: • Leads the App from originating the requirement to its delivery i.e. Need identification, requirement gathering, coordinating with agency/marketing agency for designing of mobile frontend, interacting with internal IT delivery team and QA. • Interact with cross functional business teams to understand business needs and prioritize requirements • Participate in new idea generati…",2026-08-10T20:50:26Z,https://www.adzuna.in/details/5835727008?utm_medium=api&utm_source=f8f3e256,business analyst,2026-08-13T07:33:31.918128+00:00
Senior Data Analyst II,Elsevier,India,,,0,"This job is with Elsevier, an inclusive employer and a member of myGwork – the largest global platform for the LGBTQ business community. Please do not contact the recruiter directly. Sr Data Analyst II (Content Flow Analytics) Would you like to be part of a team that delivers high-quality software to our customers? Are you a highly visible champion with a 'can do' attitude and enthusiasm that inspires others? About our Team:- Elsevier Health applies innovation, facilitates insights, and helps d…",2026-07-31T09:50:11Z,https://www.adzuna.in/land/ad/5821999957?se=2qg6UemW8RGLq-1P_dezVw&utm_medium=api&utm_source=f8f3e256&v=E97CC1AD76EE1B8364CB7E9D769FC38D54799E07,junior data analyst,2026-08-13T07:33:48.198973+00:00
GCP Tech Lead,Capco,India,,,0,"This job is with Capco, an inclusive employer and a member of myGwork – the largest global platform for the LGBTQ business community. Please do not contact the recruiter directly. About Us “Capco, a Wipro company, is a global technology and management consulting firm. Awarded with Consultancy of the year in the British Bank Award and has been ranked Top 100 Best Companies for Women in India 2022 by Avtar & Seramount. With our presence across 32 cities across globe, we support 100 clients across…",2026-08-12T01:59:43Z,https://www.adzuna.in/land/ad/5837139857?se=2nkhmSaW8RGiYpuj0Q3xbQ&utm_medium=api&utm_source=f8f3e256&v=3119F9262B3297DCF3A9C8A6826D534CEA29F743,data analyst,
Liquidity - Data Analyst,Capco,India,,,0,"This job is with Capco, an inclusive employer and a member of myGwork – the largest global platform for the LGBTQ business community. Please do not contact the recruiter directly. Job Title: SOX Compliance About Us “Capco, a Wipro company, is a global technology and management consulting firm. Awarded with Consultancy of the year in the British Bank Award and has been ranked Top 100 Best Companies for Women in India 2022 by Avtar & Seramount . With our presence across 32 cities across globe, we…",2026-08-12T01:59:43Z,https://www.adzuna.in/land/ad/5837139895?se=2nkhmSaW8RGiYpuj0Q3xbQ&utm_medium=api&utm_source=f8f3e256&v=79B2AB8CAF9701F61DCB4DE422AE3B158EB7D1F2,data analyst,
IT&D Product Manager - Genesis Procurement,Reckitt,"Hyderabad, Telangana",,,0,"This job is with Reckitt, an inclusive employer and a member of myGwork – the largest global platform for the LGBTQ business community. Please do not contact the recruiter directly. We are Reckitt Home to the world's best loved and trusted hygiene, health, and nutrition brands. Our purpose defines why we exist: to protect, heal and nurture in the relentless pursuit of a cleaner, healthier world. We are a global team united by this purpose.Join us in our fight to make access to the highest quali…",2026-08-12T01:59:42Z,https://www.adzuna.in/land/ad/5837139791?se=2nkhmSaW8RGiYpuj0Q3xbQ&utm_medium=api&utm_source=f8f3e256&v=34E02FF33A1A75C09D0AF3422EEB8F4A09BCD5A7,data analyst,
Data Engineer - Python and Azure Data Bricks,Capco,India,,,0,"This job is with Capco, an inclusive employer and a member of myGwork – the largest global platform for the LGBTQ business community. Please do not contact the recruiter directly. Job Title: Data Engineer - Python and Azure Data Bricks About Us “Capco, a Wipro company, is a global technology and management consulting firm. Awarded with Consultancy of the year in the British Bank Award and has been ranked Top 100 Best Companies for Women in India 2022 by Avtar & Seramount . With our presence acr…",2026-08-12T01:59:39Z,https://www.adzuna.in/land/ad/5837139650?se=2nkhmSaW8RGiYpuj0Q3xbQ&utm_medium=api&utm_source=f8f3e256&v=025DC64898BBEE97D8ECB9A23E8E85E4623C0D15,data analyst,
Data Analyst,FE fundinfo,India,,,0,"FE fundinfo is a global leader in investment fund data and technology. We are proud of our vast, diverse, and highly skilled team, who help to make our industry Better Connected and Better Informed. Our Engineering & Data Management function design, build and deploy software products for a wide range of financial market clients with a primary focus on the fund data value chain. Our agile teams come together as global solution providers using the latest tools and innovative techniques. As a Data…",2026-08-11T16:50:02Z,https://www.adzuna.in/details/5836647826?utm_medium=api&utm_source=f8f3e256,data analyst,
"Senior Specialist, ESE ML Engineer",MSD,"Hyderabad, Telangana",,,0,"This job is with MSD, an inclusive employer and a member of myGwork – the largest global platform for the LGBTQ business community. Please do not contact the recruiter directly. Job Description Senior Specialist, ESE ML Engineer The Opportunity Join a global biopharma company with a 130-year legacy and mission to achieve new milestones in healthcare. Be part of technology driven, data-led organization supporting a diversified portfolio of medicines, vaccines and animal health products. Work alo…",2026-08-08T17:56:27Z,https://www.adzuna.in/land/ad/5833433947?se=_uh5oyaW8RGiYpuj0Q3xbQ&utm_medium=api&utm_source=f8f3e256&v=9B0E4CC1D6E902714441C8F739851D6D39D01548,data analyst,
"Associate Director, Technical Consultant - Data Engineering - DRACOE",MSD,"Hyderabad, Telangana",,,0,"This job is with MSD, an inclusive employer and a member of myGwork – the largest global platform for the LGBTQ business community. Please do not contact the recruiter directly. Job Description The Opportunity Based in Hyderabad, join a global healthcare biopharma company and be part of a 130- year legacy of success backed by ethical integrity, forward momentum, and an inspiring mission to achieve new milestones in global healthcare. Be part of an organisation driven by digital technology and d…",2026-08-08T17:56:27Z,https://www.adzuna.in/land/ad/5833433951?se=_uh5oyaW8RGiYpuj0Q3xbQ&utm_medium=api&utm_source=f8f3e256&v=2DC128B1C149CDD0A05DFE6ED87CE0CE7D7D20C5,data analyst,
ServiceNow CSM Developer,Thermo Fisher Scientific,"Bangalore, Karnataka",,,0,"This job is with Thermo Fisher Scientific, an inclusive employer and a member of myGwork – the largest global platform for the LGBTQ business community. Please do not contact the recruiter directly. Work Schedule Standard (Mon-Fri) Environmental Conditions Office Job Description As part of the Thermo Fisher Scientific team, you’ll discover meaningful work that makes a positive impact on a global scale. Join our colleagues in bringing our Mission to life every single day to enable our customers …",2026-08-12T01:59:44Z,https://www.adzuna.in/land/ad/5837139934?se=EL9YqiaW8RG5VMLygbg_Tg&utm_medium=api&utm_source=f8f3e256&v=554593E94AFDDE0DA41D34A82D1256B0499DECD6,business analyst,
KYC Funds BA,Capco,"Mumbai, Maharashtra",,,0,"This job is with Capco, an inclusive employer and a member of myGwork – the largest global platform for the LGBTQ business community. Please do not contact the recruiter directly. Job Title: KYC Funds BA About Us “Capco, a Wipro company, is a global technology and management consulting firm. Awarded with Consultancy of the year in the British Bank Award and has been ranked Top 100 Best Companies for Women in India 2022 by Avtar & Seramount . With our presence across 32 cities across globe, we s…",2026-08-12T01:59:40Z,https://www.adzuna.in/land/ad/5837139701?se=EL9YqiaW8RG5VMLygbg_Tg&utm_medium=api&utm_source=f8f3e256&v=0DDE9BEE0F7EE069CE333A59BC78BCEE99E98679,business analyst,
Liquidity - Design Analyst,Capco,India,,,0,"This job is with Capco, an inclusive employer and a member of myGwork – the largest global platform for the LGBTQ business community. Please do not contact the recruiter directly. Role purpose This role is within the Design capability for Finance on the cloud under Transformation Family. Requirement Analysis & Design team is a team formed under change delivery and this role is expected to support Finance in the cloud design & implementation work India. The team consist of 30-40 Business analyst…",2026-08-12T01:59:39Z,https://www.adzuna.in/land/ad/5837139625?se=EL9YqiaW8RG5VMLygbg_Tg&utm_medium=api&utm_source=f8f3e256&v=4512448BB1CAA607C8FADF9953897FB2699D9547,business analyst,
Business Analyst – Cash Management & Intraday Liquidity,Capco,India,,,0,"This job is with Capco, an inclusive employer and a member of myGwork – the largest global platform for the LGBTQ business community. Please do not contact the recruiter directly. Job Title: Business Analyst – Cash Management & Intraday Liquidity About Us “Capco, a Wipro company, is a global technology and management consulting firm. Awarded with Consultancy of the year in the British Bank Award and has been ranked Top 100 Best Companies for Women in India 2022 by Avtar & Seramount . With our p…",2026-08-12T01:59:37Z,https://www.adzuna.in/land/ad/5837139481?se=EL9YqiaW8RG5VMLygbg_Tg&utm_medium=api&utm_source=f8f3e256&v=9164B7D4E7E10EA6F7B9DAEA6492B89AEE051E14,business analyst,
IT&D Senior Business Analyst - T&E,Reckitt,"Hyderabad, Telangana",,,0,"This job is with Reckitt, an inclusive employer and a member of myGwork – the largest global platform for the LGBTQ business community. Please do not contact the recruiter directly. We are Reckitt Home to the world's best loved and trusted hygiene, health, and nutrition brands. Our purpose defines why we exist: to protect, heal and nurture in the relentless pursuit of a cleaner, healthier world. We are a global team united by this purpose.Join us in our fight to make access to the highest quali…",2026-08-12T01:59:37Z,https://www.adzuna.in/land/ad/5837139467?se=EL9YqiaW8RG5VMLygbg_Tg&utm_medium=api&utm_source=f8f3e256&v=3B0272AB4CDEBE294E14BB9E4FD1656AA5A004EF,business analyst,
Corporate Actions,Capco,India,,,0,"This job is with Capco, an inclusive employer and a member of myGwork – the largest global platform for the LGBTQ business community. Please do not contact the recruiter directly. Job Title: Business Analyst Market Risk About Us “Capco, a Wipro company, is a global technology and management consulting firm. Awarded with Consultancy of the year in the British Bank Award and has been ranked Top 100 Best Companies for Women in India 2022 by Avtar & Seramount . With our presence across 32 cities ac…",2026-08-12T01:59:37Z,https://www.adzuna.in/land/ad/5837139460?se=EL9YqiaW8RG5VMLygbg_Tg&utm_medium=api&utm_source=f8f3e256&v=F9D75DE94F8D7E4253DA5E528CC0F4F76B63B107,business analyst,
Data Scientist,Capco,"Bangalore, Karnataka",,,0,"This job is with Capco, an inclusive employer and a member of myGwork – the largest global platform for the LGBTQ business community. Please do not contact the recruiter directly. About Us “Capco, a Wipro company, is a global technology and management consulting firm. Awarded with Consultancy of the year in the British Bank Award and has been ranked Top 100 Best Companies for Women in India 2022 by Avtar & Seramount . With our presence across 32 cities across globe, we support 100 clients acros…",2026-08-12T01:59:37Z,https://www.adzuna.in/land/ad/5837139493?se=EL9YqiaW8RG5VMLygbg_Tg&utm_medium=api&utm_source=f8f3e256&v=DA93CCFD0CB3124A71ACB44AE4AFB8BE0DC9A865,business analyst,
Software Engineer,Cornerstone OnDemand,"Pune, Maharashtra",,,0,"This job is with Cornerstone OnDemand, an inclusive employer and a member of myGwork – the largest global platform for the LGBTQ business community. Please do not contact the recruiter directly. CSODis seeking an experienced Salesforce Developer to design, develop, enhance, andsupport enterprise solutions on the Salesforce platform with a primary focus onIT Service Management (ITSM) and HR service delivery / HR case managementmodules. This role will be responsible for building scalable business…",2026-08-12T01:59:32Z,https://www.adzuna.in/land/ad/5837139300?se=EL9YqiaW8RG5VMLygbg_Tg&utm_medium=api&utm_source=f8f3e256&v=D2819CB191D4CF3D876CD7EA335D939FFECEBFB1,business analyst,
"Assoc, Quality Eng, WRB Tech",Standard Chartered Bank,"Chennai, Tamil Nadu",,,0,"This job is with Standard Chartered Bank, an inclusive employer and a member of myGwork – the largest global platform for the LGBTQ business community. Please do not contact the recruiter directly. Job Summary Role Summary We are seeking a highly motivated and detail-oriented Senior Test Engineer with 5-8 years of experience in software testing and quality engineering in Temenos T24 application. The ideal candidate will be responsible for ensuring application quality through comprehensive test …",2026-08-12T01:59:13Z,https://www.adzuna.in/land/ad/5837138653?se=EL9YqiaW8RG5VMLygbg_Tg&utm_medium=api&utm_source=f8f3e256&v=094D7045362A8762368801B5E550827739421F8E,business analyst,
Senior Data Scientist - Casualty Analytics,WTW,"Thane, Maharashtra",,,0,"This job is with WTW, an inclusive employer and a member of myGwork – the largest global platform for the LGBTQ business community. Please do not contact the recruiter directly. Description About Willis Towers Watson: Willis Towers Watson (NASDAQ: WTW) is a leading global advisory, broking, and solutions company that helps clients around the world turn risk into a path for growth. With roots dating to 1828, Willis Towers Watson has 45,000 employees serving more than 140 countries and markets. W…",2026-08-12T01:59:13Z,https://www.adzuna.in/land/ad/5837138642?se=EL9YqiaW8RG5VMLygbg_Tg&utm_medium=api&utm_source=f8f3e256&v=87B0E08165259C21DEC01F4A70F9A8DC7DF8DD8A,business analyst,
Functional Tester / Test Lead,Kyndryl,"Chennai, Tamil Nadu",,,0,"This job is with Kyndryl, an inclusive employer and a member of myGwork – the largest global platform for the LGBTQ business community. Please do not contact the recruiter directly. Who We Are At Kyndryl, we run and reimagine the mission-critical technology systems that drive advantage for the world's leading businesses. We are at the heart of progress; with proven expertise and a continuous flow of AI-powered insight, enabling smarter decisions, faster innovation, and a lasting competitive edg…",2026-08-12T01:59:13Z,https://www.adzuna.in/land/ad/5837138676?se=EL9YqiaW8RG5VMLygbg_Tg&utm_medium=api&utm_source=f8f3e256&v=FB908868DD656E06EA90C4865246AEBEB71C2E51,business analyst,
Project Manager,Infoneo Technologies Private Limited,"Mumbai, Maharashtra",,,0,"Location: Mumbai Experience: Minimum 5 Years Employment Type: Full-Time Joining: Immediate Infoneo Technologies Pvt. Ltd. is looking for an experienced Project Manager to lead the execution and delivery of Government IT projects. The ideal candidate should have strong project management skills, hands-on experience in handling software development lifecycles, stakeholder management, and team coordination. The candidate must possess a valid PMP certification and have prior experience managing Cen…",2026-08-11T16:12:23Z,https://www.adzuna.in/land/ad/5836624044?se=ctdNriaW8RG1wMSeFVDc3A&utm_medium=api&utm_source=f8f3e256&v=564B753DA587CA7C2751342F79B9BB889273D25B,business analyst,
